Sujet;Sujet_name;;Cible;Cible_name;Material;Material_name;Slope;Slope_name;Trial;Trial_name;Trials_All;Duration;Amplitude;Impact_Speed;Spatial_Error
10;sujet10;A;1;25;1;alu;1;m10;1;1;1;0.112;69.69878353;1.387415345;-25.43350032
10;sujet10;A;1;25;1;alu;1;m10;2;2;2;0.136;114.4788794;1.899458348;16.87292402
10;sujet10;A;1;25;1;alu;1;m10;3;3;3;0.124;97.50334535;1.545319647;27.28372659
10;sujet10;A;1;25;1;alu;1;m10;4;4;4;0.152;102.7288619;1.348765944;-11.53672782
10;sujet10;A;1;25;1;alu;1;m10;5;5;5;0.104;81.08746339;1.487562151;-28.1727909
10;sujet10;A;1;25;1;alu;1;m10;6;6;6;0.112;85.67028592;1.479774119;-24.31162954
10;sujet10;A;1;25;1;alu;1;m10;7;7;7;0.144;87.01442813;1.449908743;28.16328051
10;sujet10;A;1;25;1;alu;1;m10;8;8;8;0.168;104.6002912;1.450402848;17.9196043
10;sujet10;A;1;25;1;alu;1;m10;9;9;9;0.164;117.7533899;1.420522145;-18.85407174
10;sujet10;A;1;25;1;alu;1;m10;10;10;10;0.152;125.8244;1.41312385;-45.04757097
10;sujet10;A;1;25;1;alu;2;0;1;1;11;0.088;85.60610469;1.789707253;-25.87080032
10;sujet10;A;1;25;1;alu;2;0;2;2;12;0.128;107.6362017;2.355253628;17.83826497
10;sujet10;A;1;25;1;alu;2;0;3;3;13;0.104;97.21636744;2.043173182;19.35569624
10;sujet10;A;1;25;1;alu;2;0;4;4;14;0.116;105.8009346;1.850252727;-25.10900856
10;sujet10;A;1;25;1;alu;2;0;5;5;15;0.144;124.7512504;1.895148967;17.07697377
10;sujet10;A;1;25;1;alu;2;0;6;6;16;0.132;120.8043515;1.779159058;-26.94441606
10;sujet10;A;1;25;1;alu;2;0;7;7;17;0.184;169.113754;2.196021206;20.17970591
10;sujet10;A;1;25;1;alu;2;0;8;8;18;0.192;148.4431785;2.145103581;-19.41243313
10;sujet10;A;1;25;1;alu;2;0;9;9;19;0.228;207.2718417;2.057735045;14.63078285
10;sujet10;A;1;25;1;alu;2;0;10;10;20;0.156;152.1706145;1.925888465;6.535249116
10;sujet10;A;1;25;1;alu;3;p10;1;1;21;0.096;93.23200529;2.347651862;12.5498745
10;sujet10;A;1;25;1;alu;3;p10;2;2;22;0.136;144.0183861;2.193234757;-5.304868609
10;sujet10;A;1;25;1;alu;3;p10;3;3;23;0.168;139.6521926;2.315206219;12.20063614
10;sujet10;A;1;25;1;alu;3;p10;4;4;24;0.156;126.5432315;2.023788465;-9.003583693
10;sujet10;A;1;25;1;alu;3;p10;5;5;25;0.132;127.2536342;2.250115775;1.338159777
10;sujet10;A;1;25;1;alu;3;p10;6;6;26;0.084;103.2918967;2.572292885;30.26990494
10;sujet10;A;1;25;1;alu;3;p10;7;7;27;0.116;110.7916562;2.265207971;4.762154054
10;sujet10;A;1;25;1;alu;3;p10;8;8;28;0.132;108.0186172;2.101692681;6.468968367
10;sujet10;A;1;25;1;alu;3;p10;9;9;29;0.116;115.7088456;2.293731559;-13.68715449
10;sujet10;A;1;25;1;alu;3;p10;10;10;30;0.096;99.96445982;2.810123247;10.53749366
10;sujet10;A;1;25;2;balsa;1;m10;1;1;31;0.108;107.1783543;2.150863377;-8.595949338
10;sujet10;A;1;25;2;balsa;1;m10;2;2;32;0.152;134.98308;2.017826876;-15.40426187
10;sujet10;A;1;25;2;balsa;1;m10;3;3;33;0.124;122.6347923;1.796795022;-22.15516099
10;sujet10;A;1;25;2;balsa;1;m10;4;4;34;0.156;127.4705816;2.394734775;25.81222502
10;sujet10;A;1;25;2;balsa;1;m10;5;5;35;0.184;131.5877579;1.922212315;-25.33220771
10;sujet10;A;1;25;2;balsa;1;m10;6;6;36;0.148;130.4307075;2.092527674;-20.82679537
10;sujet10;A;1;25;2;balsa;1;m10;7;7;37;0.104;89.36561878;1.901849964;7.65949387
10;sujet10;A;1;25;2;balsa;1;m10;8;8;38;0.112;106.1489634;1.910103021;8.892014237
10;sujet10;A;1;25;2;balsa;1;m10;9;9;39;0.096;88.19618556;1.748941608;-24.81942212
10;sujet10;A;1;25;2;balsa;1;m10;10;10;40;0.152;134.1085235;2.27776974;-8.697715833
10;sujet10;A;1;25;2;balsa;2;0;1;1;41;0.104;69.48681014;1.916241898;-40.63806266
10;sujet10;A;1;25;2;balsa;2;0;2;2;42;0.104;110.7929457;2.363579945;6.928972943
10;sujet10;A;1;25;2;balsa;2;0;3;3;43;0.124;130.3291583;2.129511645;-15.0147717
10;sujet10;A;1;25;2;balsa;2;0;4;4;44;0.148;133.1042716;2.40488858;-6.776552212
10;sujet10;A;1;25;2;balsa;2;0;5;5;45;0.156;153.4193663;2.544817765;20.27696655
10;sujet10;A;1;25;2;balsa;2;0;6;6;46;0.164;159.027553;2.316861071;-16.81616541
10;sujet10;A;1;25;2;balsa;2;0;7;7;47;0.184;158.2248079;2.519793236;-2.006756487
10;sujet10;A;1;25;2;balsa;2;0;8;8;48;0.18;163.1302813;2.370941092;38.54425666
10;sujet10;A;1;25;2;balsa;2;0;9;9;49;0.152;137.1314421;2.311424119;2.651029667
10;sujet10;A;1;25;2;balsa;2;0;10;10;50;0.164;172.807613;2.330534856;18.9332718
10;sujet10;A;1;25;2;balsa;3;p10;1;1;51;0.108;114.6645764;2.697663512;14.9352782
10;sujet10;A;1;25;2;balsa;3;p10;2;2;52;0.1;113.4316461;2.473945311;-18.62264897
10;sujet10;A;1;25;2;balsa;3;p10;3;3;53;0.12;141.2886115;2.623282739;-26.09243585
10;sujet10;A;1;25;2;balsa;3;p10;4;4;54;0.084;121.1350146;2.862239023;-21.02209051
10;sujet10;A;1;25;2;balsa;3;p10;5;5;55;0.112;133.9728125;2.805359822;8.883994391
10;sujet10;A;1;25;2;balsa;3;p10;6;6;56;0.136;154.8456321;2.679515837;7.900470375
10;sujet10;A;1;25;2;balsa;3;p10;7;7;57;0.132;137.1633592;2.938090879;-2.032012466
10;sujet10;A;1;25;2;balsa;3;p10;8;8;58;0.112;137.2543156;3.215607356;26.83696532
10;sujet10;A;1;25;2;balsa;3;p10;9;9;59;0.108;118.0712881;2.556477838;-34.56838001
10;sujet10;A;1;25;2;balsa;3;p10;10;10;60;0.12;123.10649;2.735326485;25.33164682
10;sujet10;A;2;50;1;alu;1;m10;1;1;61;0.1;94.43655365;2.191811549;48.25037419
10;sujet10;A;2;50;1;alu;1;m10;2;2;62;0.12;111.6393687;2.099669347;-12.30650309
10;sujet10;A;2;50;1;alu;1;m10;3;3;63;0.12;118.2362161;2.100259795;-24.55407526
10;sujet10;A;2;50;1;alu;1;m10;4;4;64;0.156;160.193408;1.993821035;-6.520579473
10;sujet10;A;2;50;1;alu;1;m10;5;5;65;0.144;120.7869566;2.32702995;-4.217801801
10;sujet10;A;2;50;1;alu;1;m10;6;6;66;0.14;127.2489403;2.465925259;32.22127541
10;sujet10;A;2;50;1;alu;1;m10;7;7;67;0.124;112.7937467;2.264384019;-18.49830911
10;sujet10;A;2;50;1;alu;1;m10;8;8;68;0.14;141.8411849;2.603250832;19.96409055
10;sujet10;A;2;50;1;alu;1;m10;9;9;69;0.104;122.4785244;2.372855311;3.370540244
10;sujet10;A;2;50;1;alu;1;m10;10;10;70;0.12;138.7006042;2.199914292;2.374588588
10;sujet10;A;2;50;1;alu;2;0;1;1;71;0.088;108.3230071;2.863761421;-20.73741253
10;sujet10;A;2;50;1;alu;2;0;2;2;72;0.116;140.9261336;2.986423798;46.59446931
10;sujet10;A;2;50;1;alu;2;0;3;3;73;0.116;145.3658616;2.817206583;-12.26485099
10;sujet10;A;2;50;1;alu;2;0;4;4;74;0.112;142.1849503;2.866790266;-14.78226478
10;sujet10;A;2;50;1;alu;2;0;5;5;75;0.124;156.2194328;3.017427297;-2.802390658
10;sujet10;A;2;50;1;alu;2;0;6;6;76;0.112;139.2644616;2.973398489;4.588960021
10;sujet10;A;2;50;1;alu;2;0;7;7;77;0.14;156.4101502;3.171082117;6.233525312
10;sujet10;A;2;50;1;alu;2;0;8;8;78;0.124;143.0810831;2.912650273;-22.15357112
10;sujet10;A;2;50;1;alu;2;0;9;9;79;0.116;116.1861622;2.746489284;-42.42218824
10;sujet10;A;2;50;1;alu;2;0;10;10;80;0.112;113.7368523;2.760407918;-21.94759151
10;sujet10;A;2;50;1;alu;3;p10;1;1;81;0.092;118.2628568;2.811472645;-39.4292514
10;sujet10;A;2;50;1;alu;3;p10;2;2;82;0.108;124.2790058;3.267418413;-31.88454548
10;sujet10;A;2;50;1;alu;3;p10;3;3;83;0.092;171.2292702;3.719986571;18.00276145
10;sujet10;A;2;50;1;alu;3;p10;4;4;84;0.116;172.9097946;3.605068316;-18.27354445
10;sujet10;A;2;50;1;alu;3;p10;5;5;85;0.116;172.7887939;3.745188258;8.376126834
10;sujet10;A;2;50;1;alu;3;p10;6;6;86;0.116;149.6670705;3.4994102;-22.21965822
10;sujet10;A;2;50;1;alu;3;p10;7;7;87;0.116;165.0779691;3.774264341;-29.54981682
10;sujet10;A;2;50;1;alu;3;p10;8;8;88;0.096;135.9915369;2.995294032;-15.60990543
10;sujet10;A;2;50;1;alu;3;p10;9;9;89;0.116;160.1945085;3.404612772;-2.542917704
10;sujet10;A;2;50;1;alu;3;p10;10;10;90;0.096;119.600559;3.245153852;-17.02302681
10;sujet10;A;2;50;2;balsa;1;m10;1;1;91;0.116;136.4361972;2.451045163;-28.15457985
10;sujet10;A;2;50;2;balsa;1;m10;2;2;92;0.144;154.8086881;2.405762421;-2.262924699
10;sujet10;A;2;50;2;balsa;1;m10;3;3;93;0.152;159.4794395;2.37723889;-14.67681598
10;sujet10;A;2;50;2;balsa;1;m10;4;4;94;0.148;139.4998664;2.113205036;-9.192621633
10;sujet10;A;2;50;2;balsa;1;m10;5;5;95;0.12;137.2675373;2.294329154;-0.464285836
10;sujet10;A;2;50;2;balsa;1;m10;6;6;96;0.116;105.4409578;2.12863143;-8.720275984
10;sujet10;A;2;50;2;balsa;1;m10;7;7;97;0.132;112.7464627;2.424811302;9.282669928
10;sujet10;A;2;50;2;balsa;1;m10;8;8;98;0.156;126.6507617;1.894154186;-10.01085418
10;sujet10;A;2;50;2;balsa;1;m10;9;9;99;0.12;109.0300004;2.30957672;15.41975264
10;sujet10;A;2;50;2;balsa;1;m10;10;10;100;0.14;131.1070825;2.461537909;2.972977622
10;sujet10;A;2;50;2;balsa;2;0;1;1;101;0.132;132.9654779;2.711396977;-39.64099357
10;sujet10;A;2;50;2;balsa;2;0;2;2;102;0.108;137.9892226;2.66615225;-16.61291409
10;sujet10;A;2;50;2;balsa;2;0;3;3;103;0.12;148.4329346;3.23028879;0.76727687
10;sujet10;A;2;50;2;balsa;2;0;4;4;104;0.104;132.4322593;2.98698052;-9.81741881
10;sujet10;A;2;50;2;balsa;2;0;5;5;105;0.104;134.4795399;2.946335981;-7.175487192
10;sujet10;A;2;50;2;balsa;2;0;6;6;106;0.124;141.4824765;3.015400523;5.174402123
10;sujet10;A;2;50;2;balsa;2;0;7;7;107;0.104;124.8716326;2.918662293;2.837431273
10;sujet10;A;2;50;2;balsa;2;0;8;8;108;0.088;116.2024852;2.872323548;-7.901826165
10;sujet10;A;2;50;2;balsa;2;0;9;9;109;0.108;125.4531432;2.894118843;0.782717487
10;sujet10;A;2;50;2;balsa;2;0;10;10;110;0.104;112.0880739;2.6019845;-21.04656306
10;sujet10;A;2;50;2;balsa;3;p10;1;1;111;0.104;113.9624185;3.005190859;-19.9131936
10;sujet10;A;2;50;2;balsa;3;p10;2;2;112;0.12;159.1532096;3.496715191;-7.724809916
10;sujet10;A;2;50;2;balsa;3;p10;3;3;113;0.092;107.287806;2.906376446;-16.13187918
10;sujet10;A;2;50;2;balsa;3;p10;4;4;114;0.112;138.0598583;2.998976724;-7.842690458
10;sujet10;A;2;50;2;balsa;3;p10;5;5;115;0.104;159.1185317;3.461095526;-11.19738255
10;sujet10;A;2;50;2;balsa;3;p10;6;6;116;0.116;131.1721553;2.839849622;-10.99271356
10;sujet10;A;2;50;2;balsa;3;p10;7;7;117;0.112;120.1106816;2.852619609;-33.4364089
10;sujet10;A;2;50;2;balsa;3;p10;8;8;118;0.128;178.0787512;3.393738978;-6.893251545
10;sujet10;A;2;50;2;balsa;3;p10;9;9;119;0.128;169.5460928;3.377825131;-22.29154677
10;sujet10;A;2;50;2;balsa;3;p10;10;10;120;0.128;166.0509925;3.371111019;-8.634428031
11;sujet11;C;1;25;1;alu;1;m10;1;1;1;0.116;78.02746978;2.065121095;-34.87341413
11;sujet11;C;1;25;1;alu;1;m10;2;2;2;0.092;82.40137175;2.243819093;-7.820968867
11;sujet11;C;1;25;1;alu;1;m10;3;3;3;0.08;78.71819193;2.170759936;5.941850753
11;sujet11;C;1;25;1;alu;1;m10;4;4;4;0.084;74.56289756;2.237935362;-3.999772269
11;sujet11;C;1;25;1;alu;1;m10;5;5;5;0.092;84.84043157;2.356001117;-18.47873357
11;sujet11;C;1;25;1;alu;1;m10;6;6;6;0.088;90.09289456;2.262116599;-1.154909355
11;sujet11;C;1;25;1;alu;1;m10;7;7;7;0.084;88.12323586;2.2842655;10.94337646
11;sujet11;C;1;25;1;alu;1;m10;8;8;8;0.088;78.16692788;1.790489827;-27.97964073
11;sujet11;C;1;25;1;alu;1;m10;9;9;9;0.092;81.97394035;2.142887031;2.380660057
11;sujet11;C;1;25;1;alu;1;m10;10;10;10;0.084;95.2104797;2.607141991;-14.18257298
11;sujet11;C;1;25;1;alu;2;0;1;1;11;0.12;87.59959051;1.406868952;-44.81264497
11;sujet11;C;1;25;1;alu;2;0;2;2;12;0.096;102.7978085;2.311992114;9.82382578
11;sujet11;C;1;25;1;alu;2;0;3;3;13;0.108;110.1543886;2.178684921;-19.74206153
11;sujet11;C;1;25;1;alu;2;0;4;4;14;0.112;111.7550283;2.033671394;9.118358416
11;sujet11;C;1;25;1;alu;2;0;5;5;15;0.124;123.4261312;2.389174377;-18.56156186
11;sujet11;C;1;25;1;alu;2;0;6;6;16;0.116;130.0270676;2.83431056;63.51510335
11;sujet11;C;1;25;1;alu;2;0;7;7;17;0.104;100.9519644;1.948548211;-5.744487059
11;sujet11;C;1;25;1;alu;2;0;8;8;18;0.12;91.38515516;2.031487236;-22.96142562
11;sujet11;C;1;25;1;alu;2;0;9;9;19;0.116;101.9976176;2.517007092;36.81000131
11;sujet11;C;1;25;1;alu;2;0;10;10;20;0.084;72.70870677;1.795993774;-18.71853253
11;sujet11;C;1;25;1;alu;3;p10;1;1;21;0.132;108.1551299;1.751227339;-20.88603967
11;sujet11;C;1;25;1;alu;3;p10;2;2;22;0.12;98.51351359;1.962710369;-7.892839732
11;sujet11;C;1;25;1;alu;3;p10;3;3;23;0.1;92.86509363;1.855569072;-11.82794628
11;sujet11;C;1;25;1;alu;3;p10;4;4;24;0.096;97.68259772;2.235465765;59.02429688
11;sujet11;C;1;25;1;alu;3;p10;5;5;25;0.088;65.77768084;1.679814644;-12.02792923
11;sujet11;C;1;25;1;alu;3;p10;6;6;26;0.088;73.07651315;1.571873339;-11.84107227
11;sujet11;C;1;25;1;alu;3;p10;7;7;27;0.116;89.38832749;1.700274547;-10.73549199
11;sujet11;C;1;25;1;alu;3;p10;8;8;28;0.108;96.43481954;2.086857751;87.93522974
11;sujet11;C;1;25;1;alu;3;p10;9;9;29;0.08;41.48368279;1.312003565;-5.656695971
11;sujet11;C;1;25;1;alu;3;p10;10;10;30;0.112;63.90025382;1.525348092;-10.11334785
11;sujet11;C;1;25;2;balsa;1;m10;1;1;31;0.204;123.5600007;2.103803279;-51.35891936
11;sujet11;C;1;25;2;balsa;1;m10;2;2;32;0.092;116.0675071;2.768033318;-0.807562321
11;sujet11;C;1;25;2;balsa;1;m10;3;3;33;0.1;120.8800073;2.619245182;-22.86702335
11;sujet11;C;1;25;2;balsa;1;m10;4;4;34;0.08;113.189142;2.999946794;-10.23863671
11;sujet11;C;1;25;2;balsa;1;m10;5;5;35;0.096;121.3224729;3.033888887;21.32755386
11;sujet11;C;1;25;2;balsa;1;m10;6;6;36;0.084;93.41458363;2.617990243;-20.55038146
11;sujet11;C;1;25;2;balsa;1;m10;7;7;37;0.088;109.5160953;2.636437393;-18.51146828
11;sujet11;C;1;25;2;balsa;1;m10;8;8;38;0.092;119.8016632;2.95429935;18.55850183
11;sujet11;C;1;25;2;balsa;1;m10;9;9;39;0.096;100.7573576;2.913324161;-1.028466556
11;sujet11;C;1;25;2;balsa;1;m10;10;10;40;0.072;86.28509764;2.817052906;25.8612014
11;sujet11;C;1;25;2;balsa;2;0;1;1;41;0.112;126.5888887;2.202933646;-59.94049394
11;sujet11;C;1;25;2;balsa;2;0;2;2;42;0.12;169.2764383;3.064066154;-23.60306741
11;sujet11;C;1;25;2;balsa;2;0;3;3;43;0.18;238.2142442;3.091650829;-48.80037013
11;sujet11;C;1;25;2;balsa;2;0;4;4;44;0.188;173.9407327;2.487507749;-43.65919077
11;sujet11;C;1;25;2;balsa;2;0;5;5;45;0.128;185.8309952;2.851731418;0.035707613
11;sujet11;C;1;25;2;balsa;2;0;6;6;46;0.104;169.4807684;2.549429645;45.68972682
11;sujet11;C;1;25;2;balsa;2;0;7;7;47;0.156;110.7269651;2.28185803;-17.49964318
11;sujet11;C;1;25;2;balsa;2;0;8;8;48;0.156;128.5666868;1.978325526;-14.02967336
11;sujet11;C;1;25;2;balsa;2;0;9;9;49;0.088;99.58828734;2.153224216;17.11014139
11;sujet11;C;1;25;2;balsa;2;0;10;10;50;0.092;96.50242765;1.644418169;-67.34564801
11;sujet11;C;1;25;2;balsa;3;p10;1;1;51;0.132;115.3388909;1.762411065;-44.54936185
11;sujet11;C;1;25;2;balsa;3;p10;2;2;52;0.096;94.53020999;1.998289925;-31.8321639
11;sujet11;C;1;25;2;balsa;3;p10;3;3;53;0.084;93.54476651;2.279277904;0.033282209
11;sujet11;C;1;25;2;balsa;3;p10;4;4;54;0.112;101.6084706;1.992979993;-12.30941333
11;sujet11;C;1;25;2;balsa;3;p10;5;5;55;0.104;107.1311711;2.102154938;-20.8635017
11;sujet11;C;1;25;2;balsa;3;p10;6;6;56;0.096;111.7487805;2.610357581;-6.90796325
11;sujet11;C;1;25;2;balsa;3;p10;7;7;57;0.088;103.211194;2.492028544;-9.394945907
11;sujet11;C;1;25;2;balsa;3;p10;8;8;58;0.096;114.8380093;1.899439546;0.124499508
11;sujet11;C;1;25;2;balsa;3;p10;9;9;59;0.112;100.5996802;2.161465006;-2.368914696
11;sujet11;C;1;25;2;balsa;3;p10;10;10;60;0.128;109.3383521;2.286029023;11.29181321
11;sujet11;C;2;50;1;alu;1;m10;1;1;61;0.088;87.16863102;2.423288752;-2.399323874
11;sujet11;C;2;50;1;alu;1;m10;2;2;62;0.108;88.97054586;2.36129001;0.339225232
11;sujet11;C;2;50;1;alu;1;m10;3;3;63;0.096;73.41119666;2.228087173;11.4484801
11;sujet11;C;2;50;1;alu;1;m10;4;4;64;0.1;91.92796382;1.713798355;-16.41631655
11;sujet11;C;2;50;1;alu;1;m10;5;5;65;0.092;87.72562655;2.257243444;25.50954405
11;sujet11;C;2;50;1;alu;1;m10;6;6;66;0.096;80.84523387;2.087125105;3.651073753
11;sujet11;C;2;50;1;alu;1;m10;7;7;67;0.092;76.7485004;2.137780115;25.34140359
11;sujet11;C;2;50;1;alu;1;m10;8;8;68;0.1;77.71173177;1.560600551;-1.5460423
11;sujet11;C;2;50;1;alu;1;m10;9;9;69;0.096;84.93116189;2.067567547;17.74865216
11;sujet11;C;2;50;1;alu;1;m10;10;10;70;0.076;64.04692008;2.177449747;2.140400135
11;sujet11;C;2;50;1;alu;2;0;1;1;71;0.124;144.4316826;3.527488536;-12.65057297
11;sujet11;C;2;50;1;alu;2;0;2;2;72;0.096;130.6960808;3.416996894;3.617949726
11;sujet11;C;2;50;1;alu;2;0;3;3;73;0.076;106.6401602;3.298649008;42.67424838
11;sujet11;C;2;50;1;alu;2;0;4;4;74;0.088;101.5599872;2.843653098;7.659025658
11;sujet11;C;2;50;1;alu;2;0;5;5;75;0.084;81.09394927;2.537131267;-17.91897377
11;sujet11;C;2;50;1;alu;2;0;6;6;76;0.088;90.82991651;2.603113642;-16.64072044
11;sujet11;C;2;50;1;alu;2;0;7;7;77;0.096;110.5416071;2.884547126;27.07705317
11;sujet11;C;2;50;1;alu;2;0;8;8;78;0.08;88.32753423;2.946440895;8.850402606
11;sujet11;C;2;50;1;alu;2;0;9;9;79;0.084;97.2492109;2.860667648;3.924855933
11;sujet11;C;2;50;1;alu;2;0;10;10;80;0.1;104.2867794;2.993999992;16.90462883
11;sujet11;C;2;50;1;alu;3;p10;1;1;81;0.116;153.3862917;3.200747767;-8.727568814
11;sujet11;C;2;50;1;alu;3;p10;2;2;82;0.088;87.65966783;2.828068255;-41.511348
11;sujet11;C;2;50;1;alu;3;p10;3;3;83;0.108;134.9460093;3.667083192;-49.90445141
11;sujet11;C;2;50;1;alu;3;p10;4;4;84;0.14;150.0374351;3.214287786;-3.153167197
11;sujet11;C;2;50;1;alu;3;p10;5;5;85;0.088;119.9318441;3.472673104;-31.59218025
11;sujet11;C;2;50;1;alu;3;p10;6;6;86;0.096;118.6377841;3.115716563;-0.89942057
11;sujet11;C;2;50;1;alu;3;p10;7;7;87;0.096;143.6519439;2.809951726;-2.20437373
11;sujet11;C;2;50;1;alu;3;p10;8;8;88;0.088;111.6441361;3.120264117;-25.30192116
11;sujet11;C;2;50;1;alu;3;p10;9;9;89;0.1;164.6169336;3.404334617;36.44762911
11;sujet11;C;2;50;1;alu;3;p10;10;10;90;0.108;107.9168568;2.555076322;-26.9174381
11;sujet11;C;2;50;2;balsa;1;m10;1;1;91;0.112;184.0972548;3.368221448;-33.86294839
11;sujet11;C;2;50;2;balsa;1;m10;2;2;92;0.164;225.8917448;3.354115781;-24.46193912
11;sujet11;C;2;50;2;balsa;1;m10;3;3;93;0.188;206.9003191;3.043651056;-29.11437171
11;sujet11;C;2;50;2;balsa;1;m10;4;4;94;0.176;229.5744586;3.597333495;15.93028362
11;sujet11;C;2;50;2;balsa;1;m10;5;5;95;0.112;162.2670034;3.198145965;-26.89819622
11;sujet11;C;2;50;2;balsa;1;m10;6;6;96;0.112;188.1686758;3.541889849;-5.193710258
11;sujet11;C;2;50;2;balsa;1;m10;7;7;97;0.132;196.2691759;3.931560093;-9.943599317
11;sujet11;C;2;50;2;balsa;1;m10;8;8;98;0.16;223.9657583;3.489982542;-17.55667901
11;sujet11;C;2;50;2;balsa;1;m10;9;9;99;0.208;184.1144594;3.279596643;-25.79092282
11;sujet11;C;2;50;2;balsa;1;m10;10;10;100;0.112;183.5888383;3.913210719;-26.77207634
11;sujet11;C;2;50;2;balsa;2;0;1;1;101;0.136;124.5009741;2.4490093;-16.11378329
11;sujet11;C;2;50;2;balsa;2;0;2;2;102;0.092;138.196046;3.470741215;-17.6641662
11;sujet11;C;2;50;2;balsa;2;0;3;3;103;0.096;121.8944988;2.375793942;-43.45651824
11;sujet11;C;2;50;2;balsa;2;0;4;4;104;0.112;175.323829;2.129329977;-21.9457186
11;sujet11;C;2;50;2;balsa;2;0;5;5;105;0.12;171.0098329;2.704298638;-76.13074428
11;sujet11;C;2;50;2;balsa;2;0;6;6;106;0.128;163.7865494;3.022400616;-10.63874597
11;sujet11;C;2;50;2;balsa;2;0;7;7;107;0.112;157.1878371;2.990863566;2.008402265
11;sujet11;C;2;50;2;balsa;2;0;8;8;108;0.12;149.0374877;2.950988838;-24.22711748
11;sujet11;C;2;50;2;balsa;2;0;9;9;109;0.124;194.5580536;3.072509835;9.831078463
11;sujet11;C;2;50;2;balsa;2;0;10;10;110;0.124;184.8929027;2.675915124;6.691673067
11;sujet11;C;2;50;2;balsa;3;p10;1;1;111;0.1;131.908386;2.87689871;18.03652377
11;sujet11;C;2;50;2;balsa;3;p10;2;2;112;0.116;110.0571746;2.398561525;-32.74775606
11;sujet11;C;2;50;2;balsa;3;p10;3;3;113;0.1;104.2023083;2.676496819;-9.913116929
11;sujet11;C;2;50;2;balsa;3;p10;4;4;114;0.128;97.59466175;2.227628392;-4.778012099
11;sujet11;C;2;50;2;balsa;3;p10;5;5;115;0.1;97.86687639;3.043929504;8.134019297
11;sujet11;C;2;50;2;balsa;3;p10;6;6;116;0.092;113.7963631;2.674515538;10.91681489
11;sujet11;C;2;50;2;balsa;3;p10;7;7;117;0.108;119.5134755;2.406823974;-22.2232757
11;sujet11;C;2;50;2;balsa;3;p10;8;8;118;0.12;108.4944482;2.742129817;14.37338001
11;sujet11;C;2;50;2;balsa;3;p10;9;9;119;0.092;98.91763874;2.45787057;1.092187024
11;sujet11;C;2;50;2;balsa;3;p10;10;10;120;0.092;101.8484322;2.429538382;-8.470692652
12;sujet12;C;1;25;1;alu;1;m10;1;1;1;0.184;68.53958284;1.227254462;-23.47428219
12;sujet12;C;1;25;1;alu;1;m10;2;2;2;0.124;54.91164507;1.583944508;6.037880296
12;sujet12;C;1;25;1;alu;1;m10;3;3;3;0.108;43.63462106;1.259217903;-42.36532996
12;sujet12;C;1;25;1;alu;1;m10;4;4;4;0.124;46.958335;1.196094834;-20.17717028
12;sujet12;C;1;25;1;alu;1;m10;5;5;5;0.176;66.95388339;1.738989981;3.119447268
12;sujet12;C;1;25;1;alu;1;m10;6;6;6;0.14;44.03621159;1.178220745;-33.00691423
12;sujet12;C;1;25;1;alu;1;m10;7;7;7;0.096;41.44221054;1.136898629;-13.62672955
12;sujet12;C;1;25;1;alu;1;m10;8;8;8;0.132;39.42817174;1.141492866;-24.78785124
12;sujet12;C;1;25;1;alu;1;m10;9;9;9;0.124;42.84115138;1.093599247;-14.84201306
12;sujet12;C;1;25;1;alu;1;m10;10;10;10;0.072;23.92598906;1.019532399;26.8584435
12;sujet12;C;1;25;1;alu;2;0;1;1;11;0.272;102.9031384;1.562678435;-32.5059996
12;sujet12;C;1;25;1;alu;2;0;2;2;12;0.172;100.3087001;1.479722919;-26.05005891
12;sujet12;C;1;25;1;alu;2;0;3;3;13;0.132;88.41775624;1.5358149;-12.56513069
12;sujet12;C;1;25;1;alu;2;0;4;4;14;0.16;83.95878407;1.589782387;6.196736689
12;sujet12;C;1;25;1;alu;2;0;5;5;15;0.148;66.53382077;1.26380804;7.888047388
12;sujet12;C;1;25;1;alu;2;0;6;6;16;0.188;82.88839353;1.371450087;5.524313306
12;sujet12;C;1;25;1;alu;2;0;7;7;17;0.144;77.35238846;1.334558213;-6.720178128
12;sujet12;C;1;25;1;alu;2;0;8;8;18;0.168;76.53441733;1.336776135;-21.57245097
12;sujet12;C;1;25;1;alu;2;0;9;9;19;0.172;95.52491501;1.623069508;12.09548233
12;sujet12;C;1;25;1;alu;2;0;10;10;20;0.144;71.83535744;1.80240737;4.954042577
12;sujet12;C;1;25;1;alu;3;p10;1;1;21;0.128;62.51339207;1.661196807;-46.68384051
12;sujet12;C;1;25;1;alu;3;p10;2;2;22;0.148;85.56753522;2.123358497;-0.50901529
12;sujet12;C;1;25;1;alu;3;p10;3;3;23;0.108;62.91487369;2.274039534;7.744035592
12;sujet12;C;1;25;1;alu;3;p10;4;4;24;0.088;71.23502715;2.148183971;-21.29917294
12;sujet12;C;1;25;1;alu;3;p10;5;5;25;0.104;90.9279398;2.532486177;-6.067145412
12;sujet12;C;1;25;1;alu;3;p10;6;6;26;0.132;82.75946935;2.602289043;12.53211408
12;sujet12;C;1;25;1;alu;3;p10;7;7;27;0.104;80.33892233;2.439290496;-10.8499742
12;sujet12;C;1;25;1;alu;3;p10;8;8;28;0.08;68.72333764;2.136571392;41.00048437
12;sujet12;C;1;25;1;alu;3;p10;9;9;29;0.1;64.98282821;1.560121792;8.316878287
12;sujet12;C;1;25;1;alu;3;p10;10;10;30;0.112;76.70588143;1.669051714;-22.62849307
12;sujet12;C;1;25;2;balsa;1;m10;1;1;31;0.148;89.32469059;1.697027677;5.384938055
12;sujet12;C;1;25;2;balsa;1;m10;2;2;32;0.112;52.2677535;1.40281073;-24.30924789
12;sujet12;C;1;25;2;balsa;1;m10;3;3;33;0.14;85.6283799;1.702095752;-14.95369691
12;sujet12;C;1;25;2;balsa;1;m10;4;4;34;0.144;90.18507071;1.882252733;-12.10264249
12;sujet12;C;1;25;2;balsa;1;m10;5;5;35;0.128;90.46086185;1.969566303;-13.91511153
12;sujet12;C;1;25;2;balsa;1;m10;6;6;36;0.116;67.69318637;1.477405649;-7.849866688
12;sujet12;C;1;25;2;balsa;1;m10;7;7;37;0.172;102.976335;2.190977879;-19.39983935
12;sujet12;C;1;25;2;balsa;1;m10;8;8;38;0.148;86.96269388;1.482672201;-8.138734548
12;sujet12;C;1;25;2;balsa;1;m10;9;9;39;0.108;62.70536724;1.708147634;0.15418617
12;sujet12;C;1;25;2;balsa;1;m10;10;10;40;0.144;91.85858015;1.90441669;-16.03813955
12;sujet12;C;1;25;2;balsa;2;0;1;1;41;0.156;78.46262211;1.622079432;-45.51162398
12;sujet12;C;1;25;2;balsa;2;0;2;2;42;0.16;132.0298723;2.168328401;4.23675656
12;sujet12;C;1;25;2;balsa;2;0;3;3;43;0.14;96.00175967;2.367566172;12.67470066
12;sujet12;C;1;25;2;balsa;2;0;4;4;44;0.124;96.10509365;2.353793598;11.48178515
12;sujet12;C;1;25;2;balsa;2;0;5;5;45;0.124;85.75082484;2.285495457;12.40445999
12;sujet12;C;1;25;2;balsa;2;0;6;6;46;0.16;96.51402668;2.292822326;-8.494397067
12;sujet12;C;1;25;2;balsa;2;0;7;7;47;0.148;91.55897722;1.919959431;2.245048389
12;sujet12;C;1;25;2;balsa;2;0;8;8;48;0.188;115.0776247;1.784835834;-25.92558766
12;sujet12;C;1;25;2;balsa;2;0;9;9;49;0.188;102.366053;2.174657865;8.321372046
12;sujet12;C;1;25;2;balsa;2;0;10;10;50;0.112;105.5399435;2.349549106;-5.154088963
12;sujet12;C;1;25;2;balsa;3;p10;1;1;51;0.14;107.8743591;1.858045818;-18.32059771
12;sujet12;C;1;25;2;balsa;3;p10;2;2;52;0.136;97.53728989;2.276628566;-0.859401369
12;sujet12;C;1;25;2;balsa;3;p10;3;3;53;0.136;79.91266262;2.086962824;-19.16447313
12;sujet12;C;1;25;2;balsa;3;p10;4;4;54;0.18;130.9456718;2.32332838;11.5260076
12;sujet12;C;1;25;2;balsa;3;p10;5;5;55;0.14;87.960505;1.989400309;-3.314850776
12;sujet12;C;1;25;2;balsa;3;p10;6;6;56;0.16;108.6640514;2.380836108;-6.181136161
12;sujet12;C;1;25;2;balsa;3;p10;7;7;57;0.192;147.5575916;2.160289289;-3.255271337
12;sujet12;C;1;25;2;balsa;3;p10;8;8;58;0.16;140.7320535;2.085816507;-8.846239192
12;sujet12;C;1;25;2;balsa;3;p10;9;9;59;0.172;121.4863912;2.469004962;24.6262793
12;sujet12;C;1;25;2;balsa;3;p10;10;10;60;0.16;138.3320969;3.010245334;-3.723122932
12;sujet12;C;2;50;1;alu;1;m10;1;1;61;0.196;136.1925295;2.390731946;16.1435379
12;sujet12;C;2;50;1;alu;1;m10;2;2;62;0.136;120.1304416;2.50523926;-22.69962499
12;sujet12;C;2;50;1;alu;1;m10;3;3;63;0.14;123.5870255;2.427030151;-12.83863164
12;sujet12;C;2;50;1;alu;1;m10;4;4;64;0.172;127.9336303;2.061911118;-36.86868697
12;sujet12;C;2;50;1;alu;1;m10;5;5;65;0.18;117.5974243;1.911302172;-20.01549954
12;sujet12;C;2;50;1;alu;1;m10;6;6;66;0.164;116.255349;1.857954699;-26.42967534
12;sujet12;C;2;50;1;alu;1;m10;7;7;67;0.188;131.2045805;2.02750702;-18.35837429
12;sujet12;C;2;50;1;alu;1;m10;8;8;68;0.212;119.4636953;1.758309178;-16.52904835
12;sujet12;C;2;50;1;alu;1;m10;9;9;69;0.156;126.3170622;1.899430476;-30.91265995
12;sujet12;C;2;50;1;alu;1;m10;10;10;70;0.144;106.3405955;1.980591284;-16.58938962
12;sujet12;C;2;50;1;alu;2;0;1;1;71;0.208;177.0249817;2.993878636;-14.67337068
12;sujet12;C;2;50;1;alu;2;0;2;2;72;0.188;168.248027;2.777719793;-3.336541599
12;sujet12;C;2;50;1;alu;2;0;3;3;73;0.16;158.5960692;2.995769481;-17.64004828
12;sujet12;C;2;50;1;alu;2;0;4;4;74;0.144;127.761416;2.731962234;-10.30074717
12;sujet12;C;2;50;1;alu;2;0;5;5;75;0.156;125.8849288;2.485640186;-11.39106899
12;sujet12;C;2;50;1;alu;2;0;6;6;76;0.196;140.1231066;2.527060784;-37.55782635
12;sujet12;C;2;50;1;alu;2;0;7;7;77;0.192;164.4391696;2.96533111;-36.90632729
12;sujet12;C;2;50;1;alu;2;0;8;8;78;0.156;161.9969523;2.9889773;-12.82003883
12;sujet12;C;2;50;1;alu;2;0;9;9;79;0.16;132.0344907;2.892041886;-0.798360433
12;sujet12;C;2;50;1;alu;2;0;10;10;80;0.128;108.7913802;2.748163515;5.202098733
12;sujet12;C;2;50;1;alu;3;p10;1;1;81;0.188;130.7923291;2.736638981;-24.37085579
12;sujet12;C;2;50;1;alu;3;p10;2;2;82;0.136;128.7001167;3.250828342;-18.1338989
12;sujet12;C;2;50;1;alu;3;p10;3;3;83;0.152;146.5116836;2.922692668;-36.89253222
12;sujet12;C;2;50;1;alu;3;p10;4;4;84;0.172;170.4842337;3.340714552;-48.66413695
12;sujet12;C;2;50;1;alu;3;p10;5;5;85;0.2;182.5475509;3.044421924;-24.26067482
12;sujet12;C;2;50;1;alu;3;p10;6;6;86;0.168;172.5040426;2.814734917;-26.24093457
12;sujet12;C;2;50;1;alu;3;p10;7;7;87;0.188;209.8103074;3.156951297;-32.6746185
12;sujet12;C;2;50;1;alu;3;p10;8;8;88;0.16;158.5226062;3.247663477;-15.84107753
12;sujet12;C;2;50;1;alu;3;p10;9;9;89;0.152;155.3688578;3.350052405;-15.80593186
12;sujet12;C;2;50;1;alu;3;p10;10;10;90;0.14;168.0223705;3.272913244;-18.84614721
12;sujet12;C;2;50;2;balsa;1;m10;1;1;91;0.164;155.0282083;3.080748451;-3.18265464
12;sujet12;C;2;50;2;balsa;1;m10;2;2;92;0.148;136.5444567;2.655132485;-8.317601203
12;sujet12;C;2;50;2;balsa;1;m10;3;3;93;0.196;179.8479555;3.046924361;-18.79160116
12;sujet12;C;2;50;2;balsa;1;m10;4;4;94;0.132;122.8494998;2.682210765;-3.296300547
12;sujet12;C;2;50;2;balsa;1;m10;5;5;95;0.16;161.2709077;2.65920114;-32.10916171
12;sujet12;C;2;50;2;balsa;1;m10;6;6;96;0.168;153.2189784;2.817492929;-20.28132904
12;sujet12;C;2;50;2;balsa;1;m10;7;7;97;0.168;172.0455087;2.792758337;-22.37429289
12;sujet12;C;2;50;2;balsa;1;m10;8;8;98;0.176;165.9586871;2.613742587;-22.40029901
12;sujet12;C;2;50;2;balsa;1;m10;9;9;99;0.18;152.4824044;2.346357148;-28.77288872
12;sujet12;C;2;50;2;balsa;1;m10;10;10;100;0.216;171.7944584;2.382337316;-28.36696634
12;sujet12;C;2;50;2;balsa;2;0;1;1;101;0.236;178.9079512;3.196182278;-15.97633288
12;sujet12;C;2;50;2;balsa;2;0;2;2;102;0.188;209.4212432;2.828698633;-37.556911
12;sujet12;C;2;50;2;balsa;2;0;3;3;103;0.184;184.7126559;3.158800638;-22.71940966
12;sujet12;C;2;50;2;balsa;2;0;4;4;104;0.192;169.1085019;2.95496628;-25.87216181
12;sujet12;C;2;50;2;balsa;2;0;5;5;105;0.184;160.3725777;3.300791472;-14.03802398
12;sujet12;C;2;50;2;balsa;2;0;6;6;106;0.192;152.4661585;2.911868371;-32.4561255
12;sujet12;C;2;50;2;balsa;2;0;7;7;107;0.164;156.9248872;3.548164516;-26.02218647
12;sujet12;C;2;50;2;balsa;2;0;8;8;108;0.176;181.8332742;3.444788154;-27.29987379
12;sujet12;C;2;50;2;balsa;2;0;9;9;109;0.192;184.4692929;3.392256003;-14.72906373
12;sujet12;C;2;50;2;balsa;2;0;10;10;110;0.176;175.9450265;3.503724251;-20.91631894
12;sujet12;C;2;50;2;balsa;3;p10;1;1;111;0.22;155.6669519;2.675833482;-53.96006026
12;sujet12;C;2;50;2;balsa;3;p10;2;2;112;0.152;193.9514316;3.471442173;-20.00267255
12;sujet12;C;2;50;2;balsa;3;p10;3;3;113;0.156;161.5352126;3.347845857;-38.11584443
12;sujet12;C;2;50;2;balsa;3;p10;4;4;114;0.156;185.825294;3.510964237;-27.42586442
12;sujet12;C;2;50;2;balsa;3;p10;5;5;115;0.192;184.4903639;3.394906667;-21.05987943
12;sujet12;C;2;50;2;balsa;3;p10;6;6;116;0.2;186.5290995;3.452017795;-29.06954024
12;sujet12;C;2;50;2;balsa;3;p10;7;7;117;0.188;206.2273144;3.417868445;-25.64304688
12;sujet12;C;2;50;2;balsa;3;p10;8;8;118;0.176;214.5952249;3.753365404;-61.40052561
12;sujet12;C;2;50;2;balsa;3;p10;9;9;119;0.168;193.113927;3.588113386;-40.39271824
12;sujet12;C;2;50;2;balsa;3;p10;10;10;120;0.2;224.1619421;3.770113487;-34.74611769
13;sujet13;;1;25;1;alu;1;m10;1;1;1;0.156;112.709581;2.45116836;16.36062311
13;sujet13;;1;25;1;alu;1;m10;2;2;2;0.112;87.84354029;2.138349739;-11.52019141
13;sujet13;;1;25;1;alu;1;m10;3;3;3;0.14;97.4868998;2.374441543;44.61372118
13;sujet13;;1;25;1;alu;1;m10;4;4;4;0.16;100.9705222;2.237265147;8.152050452
13;sujet13;;1;25;1;alu;1;m10;5;5;5;0.172;96.81471808;2.264621864;-11.65172783
13;sujet13;;1;25;1;alu;1;m10;6;6;6;0.168;86.79974034;2.297861313;12.33851899
13;sujet13;;1;25;1;alu;1;m10;7;7;7;0.168;89.81668948;2.182545083;33.15869385
13;sujet13;;1;25;1;alu;1;m10;8;8;8;0.116;78.70227304;2.069912702;0.118385314
13;sujet13;;1;25;1;alu;1;m10;9;9;9;0.14;89.98272782;2.229867898;10.2559385
13;sujet13;;1;25;1;alu;1;m10;10;10;10;0.116;91.30305562;2.144798705;32.48912388
13;sujet13;;1;25;1;alu;2;0;1;1;11;0.068;80.41872316;2.88427397;-36.43154047
13;sujet13;;1;25;1;alu;2;0;2;2;12;0.128;154.1511395;3.45773176;56.49222845
13;sujet13;;1;25;1;alu;2;0;3;3;13;0.192;130.8470762;2.831279802;-25.37090865
13;sujet13;;1;25;1;alu;2;0;4;4;14;0.136;163.0981675;3.755115045;20.97413881
13;sujet13;;1;25;1;alu;2;0;5;5;15;0.112;115.0766183;2.837686831;0.06716185
13;sujet13;;1;25;1;alu;2;0;6;6;16;0.16;129.8337667;3.267854285;52.22361942
13;sujet13;;1;25;1;alu;2;0;7;7;17;0.148;128.7872976;3.010364269;5.01467809
13;sujet13;;1;25;1;alu;2;0;8;8;18;0.136;114.7168612;2.303195711;-37.25238334
13;sujet13;;1;25;1;alu;2;0;9;9;19;0.148;157.2189519;3.031669086;36.07839384
13;sujet13;;1;25;1;alu;2;0;10;10;20;0.148;130.0613151;2.895780451;-42.34034397
13;sujet13;;1;25;1;alu;3;p10;1;1;21;0.184;78.57343282;2.345184228;-46.3211598
13;sujet13;;1;25;1;alu;3;p10;2;2;22;0.088;128.5453206;3.230252653;-28.65957771
13;sujet13;;1;25;1;alu;3;p10;3;3;23;0.172;176.1697262;3.578744079;43.02249556
13;sujet13;;1;25;1;alu;3;p10;4;4;24;0.112;125.6705466;3.184868239;18.52512969
13;sujet13;;1;25;1;alu;3;p10;5;5;25;0.112;114.71236;2.762143537;-32.30693431
13;sujet13;;1;25;1;alu;3;p10;6;6;26;0.104;108.8309087;3.279667758;-12.66848755
13;sujet13;;1;25;1;alu;3;p10;7;7;27;0.072;91.76720332;2.913179171;-34.46969595
13;sujet13;;1;25;1;alu;3;p10;8;8;28;0.084;98.3762146;2.360215971;34.37691635
13;sujet13;;1;25;1;alu;3;p10;9;9;29;0.18;140.1139496;2.848222066;-26.06141532
13;sujet13;;1;25;1;alu;3;p10;10;10;30;0.128;132.0139139;2.94618294;6.496135246
13;sujet13;;1;25;2;balsa;1;m10;1;1;31;0.128;99.78099169;2.469051476;-24.03310931
13;sujet13;;1;25;2;balsa;1;m10;2;2;32;0.152;122.7553344;2.53987301;10.0916009
13;sujet13;;1;25;2;balsa;1;m10;3;3;33;0.152;112.9549403;2.241273093;-0.744945562
13;sujet13;;1;25;2;balsa;1;m10;4;4;34;0.14;101.07241;2.210850045;-8.217725704
13;sujet13;;1;25;2;balsa;1;m10;5;5;35;0.12;83.02275483;2.240060945;-11.63120842
13;sujet13;;1;25;2;balsa;1;m10;6;6;36;0.148;117.6031107;2.57560947;-1.973214925
13;sujet13;;1;25;2;balsa;1;m10;7;7;37;0.144;105.4612291;2.323771281;-21.68740132
13;sujet13;;1;25;2;balsa;1;m10;8;8;38;0.128;121.265953;2.84280845;3.150723359
13;sujet13;;1;25;2;balsa;1;m10;9;9;39;0.156;99.83476549;2.519331796;-11.63052058
13;sujet13;;1;25;2;balsa;1;m10;10;10;40;0.156;106.4319505;2.620293967;6.451711234
13;sujet13;;1;25;2;balsa;2;0;1;1;41;0.06;19.9794755;0.601545206;-82.81899828
13;sujet13;;1;25;2;balsa;2;0;2;2;42;0.06;30.83736355;1.089813962;-65.33452107
13;sujet13;;1;25;2;balsa;2;0;3;3;43;0.068;43.26649655;1.553939003;-51.63283033
13;sujet13;;1;25;2;balsa;2;0;4;4;44;0.072;44.5533977;1.863390621;-29.40009457
13;sujet13;;1;25;2;balsa;2;0;5;5;45;0.1;68.66492578;2.32641101;-65.24772653
13;sujet13;;1;25;2;balsa;2;0;6;6;46;0.1;120.2611007;3.625168316;-35.33804166
13;sujet13;;1;25;2;balsa;2;0;7;7;47;0.108;164.8942585;3.88899092;-10.81193302
13;sujet13;;1;25;2;balsa;2;0;8;8;48;0.1;161.843083;4.095755268;-16.10027471
13;sujet13;;1;25;2;balsa;2;0;9;9;49;0.104;136.0103238;4.330574148;-4.407577925
13;sujet13;;1;25;2;balsa;2;0;10;10;50;0.108;137.6229653;4.03494354;26.38792191
13;sujet13;;1;25;2;balsa;3;p10;1;1;51;0.08;94.94624778;2.945455719;-27.87253331
13;sujet13;;1;25;2;balsa;3;p10;2;2;52;0.076;90.7184946;3.225444395;-40.21020568
13;sujet13;;1;25;2;balsa;3;p10;3;3;53;0.12;126.4360584;3.639069773;-11.28109806
13;sujet13;;1;25;2;balsa;3;p10;4;4;54;0.088;137.280082;3.681199039;-43.51285967
13;sujet13;;1;25;2;balsa;3;p10;5;5;55;0.116;162.7636437;4.661483169;20.8150698
13;sujet13;;1;25;2;balsa;3;p10;6;6;56;0.168;155.9342086;3.426689864;-39.2770535
13;sujet13;;1;25;2;balsa;3;p10;7;7;57;0.14;197.6140315;4.370258789;2.859580238
13;sujet13;;1;25;2;balsa;3;p10;8;8;58;0.168;185.5118041;3.909017735;-9.515431746
13;sujet13;;1;25;2;balsa;3;p10;9;9;59;0.156;200.9019019;4.511794649;-16.94346305
13;sujet13;;1;25;2;balsa;3;p10;10;10;60;0.176;199.6520425;4.34158022;-17.24463919
13;sujet13;;2;50;1;alu;1;m10;1;1;61;0.108;108.3350633;2.92472996;7.939758083
13;sujet13;;2;50;1;alu;1;m10;2;2;62;0.128;114.8977346;2.832440538;13.85534977
13;sujet13;;2;50;1;alu;1;m10;3;3;63;0.096;86.10550307;2.659998151;-1.128853855
13;sujet13;;2;50;1;alu;1;m10;4;4;64;0.108;113.6212006;2.717824783;-18.84327005
13;sujet13;;2;50;1;alu;1;m10;5;5;65;0.1;97.02011982;2.532616357;-18.0745825
13;sujet13;;2;50;1;alu;1;m10;6;6;66;0.112;118.390002;2.852668586;28.89647581
13;sujet13;;2;50;1;alu;1;m10;7;7;67;0.12;116.0273645;2.718239929;38.9119937
13;sujet13;;2;50;1;alu;1;m10;8;8;68;0.116;95.61736098;2.289632235;-13.85651425
13;sujet13;;2;50;1;alu;1;m10;9;9;69;0.116;97.4665397;2.712314818;18.57213232
13;sujet13;;2;50;1;alu;1;m10;10;10;70;0.136;126.4021766;2.874072035;2.290289251
13;sujet13;;2;50;1;alu;2;0;1;1;71;0.096;145.935262;4.004167485;-22.10624086
13;sujet13;;2;50;1;alu;2;0;2;2;72;0.1;120.525283;3.396447795;13.68028765
13;sujet13;;2;50;1;alu;2;0;3;3;73;0.124;146.2340221;2.847236257;-9.433253899
13;sujet13;;2;50;1;alu;2;0;4;4;74;0.112;120.8249595;3.238259284;-5.110938841
13;sujet13;;2;50;1;alu;2;0;5;5;75;0.096;130.5326058;3.078613429;11.49936996
13;sujet13;;2;50;1;alu;2;0;6;6;76;0.104;114.0544114;2.592087634;-24.99924747
13;sujet13;;2;50;1;alu;2;0;7;7;77;0.116;133.2286418;3.0324706;-19.14218666
13;sujet13;;2;50;1;alu;2;0;8;8;78;0.108;133.1178377;3.296880479;9.00664387
13;sujet13;;2;50;1;alu;2;0;9;9;79;0.108;120.5404717;2.343146763;-33.18759989
13;sujet13;;2;50;1;alu;2;0;10;10;80;0.14;148.2462488;3.007984801;1.317874448
13;sujet13;;2;50;1;alu;3;p10;1;1;81;0.08;85.70066831;3.135541775;-61.31496149
13;sujet13;;2;50;1;alu;3;p10;2;2;82;0.08;116.5747015;3.55479989;-41.10962029
13;sujet13;;2;50;1;alu;3;p10;3;3;83;0.076;106.5190265;3.501993698;1.729056839
13;sujet13;;2;50;1;alu;3;p10;4;4;84;0.088;126.2244622;3.876237641;10.22557542
13;sujet13;;2;50;1;alu;3;p10;5;5;85;0.084;76.39948525;3.117758479;-13.00356375
13;sujet13;;2;50;1;alu;3;p10;6;6;86;0.064;77.23539279;3.262945967;-53.22727163
13;sujet13;;2;50;1;alu;3;p10;7;7;87;0.068;105.1458731;3.995585691;-8.177482658
13;sujet13;;2;50;1;alu;3;p10;8;8;88;0.056;84.39270157;3.940220946;-31.55354847
13;sujet13;;2;50;1;alu;3;p10;9;9;89;0.064;100.9918449;3.060884772;-6.018602311
13;sujet13;;2;50;1;alu;3;p10;10;10;90;0.096;135.0223976;3.742452132;-27.92593748
13;sujet13;;2;50;2;balsa;1;m10;1;1;91;0.116;126.2430121;3.245080056;-12.35299897
13;sujet13;;2;50;2;balsa;1;m10;2;2;92;0.12;154.9005627;4.167716587;38.84644822
13;sujet13;;2;50;2;balsa;1;m10;3;3;93;0.16;134.707059;3.068120903;-22.11544287
13;sujet13;;2;50;2;balsa;1;m10;4;4;94;0.168;187.5021634;2.890882587;-5.414817356
13;sujet13;;2;50;2;balsa;1;m10;5;5;95;0.144;153.1089052;3.298857591;-7.39349312
13;sujet13;;2;50;2;balsa;1;m10;6;6;96;0.124;129.5950156;3.433406716;-17.48704206
13;sujet13;;2;50;2;balsa;1;m10;7;7;97;0.116;127.339033;3.383671036;-3.518133983
13;sujet13;;2;50;2;balsa;1;m10;8;8;98;0.116;149.578418;3.55150762;-14.10950805
13;sujet13;;2;50;2;balsa;1;m10;9;9;99;0.148;158.9268117;3.330344884;-28.75067625
13;sujet13;;2;50;2;balsa;1;m10;10;10;100;0.156;171.2458699;3.903916334;-16.42912265
13;sujet13;;2;50;2;balsa;2;0;1;1;101;0.096;163.7317249;3.972455858;-64.75806492
13;sujet13;;2;50;2;balsa;2;0;2;2;102;0.136;224.974355;4.542304391;-14.21080759
13;sujet13;;2;50;2;balsa;2;0;3;3;103;0.172;248.2419187;4.483935045;-41.54429479
13;sujet13;;2;50;2;balsa;2;0;4;4;104;0.156;260.0076823;4.90388043;-23.18469807
13;sujet13;;2;50;2;balsa;2;0;5;5;105;0.156;237.433969;4.053342142;-39.07412335
13;sujet13;;2;50;2;balsa;2;0;6;6;106;0.176;326.1579791;5.289352088;-37.43269086
13;sujet13;;2;50;2;balsa;2;0;7;7;107;0.152;258.1010458;4.063154625;-16.57165345
13;sujet13;;2;50;2;balsa;2;0;8;8;108;0.168;250.6466833;4.255525684;-46.27951043
13;sujet13;;2;50;2;balsa;2;0;9;9;109;0.18;230.4539815;4.616849302;-73.4907613
13;sujet13;;2;50;2;balsa;2;0;10;10;110;0.168;274.0555635;4.811666136;-11.94515824
13;sujet13;;2;50;2;balsa;3;p10;1;1;111;0.104;164.3136307;4.81525061;-29.98891581
13;sujet13;;2;50;2;balsa;3;p10;2;2;112;0.096;191.2920857;5.406488674;-14.84699902
13;sujet13;;2;50;2;balsa;3;p10;3;3;113;0.104;172.6712693;4.391671533;-39.08800694
13;sujet13;;2;50;2;balsa;3;p10;4;4;114;0.144;217.3370142;4.958786017;-21.65035605
13;sujet13;;2;50;2;balsa;3;p10;5;5;115;0.12;139.1142613;3.45953731;-22.99554306
13;sujet13;;2;50;2;balsa;3;p10;6;6;116;0.08;140.6822254;4.317884017;-11.14300778
13;sujet13;;2;50;2;balsa;3;p10;7;7;117;0.096;137.2559442;4.078699025;-30.73269288
13;sujet13;;2;50;2;balsa;3;p10;8;8;118;0.108;165.5796305;3.524194199;3.218197927
13;sujet13;;2;50;2;balsa;3;p10;9;9;119;0.096;166.069711;4.582232769;5.287217462
13;sujet13;;2;50;2;balsa;3;p10;10;10;120;0.072;115.2633598;4.02040653;-33.21579943
14;sujet14;;1;25;1;alu;1;m10;1;1;1;0.14;111.2978066;1.576513769;-5.296012816
14;sujet14;;1;25;1;alu;1;m10;2;2;2;0.164;97.54244711;1.510787336;-23.09204839
14;sujet14;;1;25;1;alu;1;m10;3;3;3;0.172;101.8029379;1.43354939;-44.4106029
14;sujet14;;1;25;1;alu;1;m10;4;4;4;0.16;93.94646212;1.538671383;55.83258307
14;sujet14;;1;25;1;alu;1;m10;5;5;5;0.14;74.11368385;1.029238487;-44.03338946
14;sujet14;;1;25;1;alu;1;m10;6;6;6;0.224;77.95748782;1.219771052;-4.181051016
14;sujet14;;1;25;1;alu;1;m10;7;7;7;0.152;71.57631205;1.398282813;-0.273985823
14;sujet14;;1;25;1;alu;1;m10;8;8;8;0.14;81.86982504;1.258446935;-3.831649218
14;sujet14;;1;25;1;alu;1;m10;9;9;9;0.144;79.10065345;1.289032073;-16.65686032
14;sujet14;;1;25;1;alu;1;m10;10;10;10;0.132;77.63203362;1.560325166;-13.15329293
14;sujet14;;1;25;1;alu;2;0;1;1;11;0.264;109.3678508;1.524687239;-62.77771039
14;sujet14;;1;25;1;alu;2;0;2;2;12;0.164;143.4933433;1.632618977;-32.55714571
14;sujet14;;1;25;1;alu;2;0;3;3;13;0.188;124.8985752;1.628952487;-0.804911075
14;sujet14;;1;25;1;alu;2;0;4;4;14;0.236;125.0438602;1.620091334;17.82899858
14;sujet14;;1;25;1;alu;2;0;5;5;15;0.188;107.5591772;1.498227695;-21.91740816
14;sujet14;;1;25;1;alu;2;0;6;6;16;0.18;99.14495191;1.591644686;-25.63769318
14;sujet14;;1;25;1;alu;2;0;7;7;17;0.152;135.5135892;1.600780162;-32.50648988
14;sujet14;;1;25;1;alu;2;0;8;8;18;0.2;139.7158514;1.375634437;8.095773073
14;sujet14;;1;25;1;alu;2;0;9;9;19;0.18;154.7706641;1.251321352;-15.040282
14;sujet14;;1;25;1;alu;2;0;10;10;20;0.2;154.1591775;1.619215467;34.21795811
14;sujet14;;1;25;1;alu;3;p10;1;1;21;0.148;116.4925806;1.928948013;-27.24288914
14;sujet14;;1;25;1;alu;3;p10;2;2;22;0.192;113.918755;2.388961028;49.91867112
14;sujet14;;1;25;1;alu;3;p10;3;3;23;0.14;102.5284587;1.723672921;-28.61948414
14;sujet14;;1;25;1;alu;3;p10;4;4;24;0.168;117.9692643;1.713965461;-20.93358089
14;sujet14;;1;25;1;alu;3;p10;5;5;25;0.192;164.8855429;2.067684556;-6.663187556
14;sujet14;;1;25;1;alu;3;p10;6;6;26;0.164;135.0815608;2.144484347;41.99013551
14;sujet14;;1;25;1;alu;3;p10;7;7;27;0.2;111.651777;1.811579975;-30.22122468
14;sujet14;;1;25;1;alu;3;p10;8;8;28;0.18;130.9273961;2.099427604;-30.18527271
14;sujet14;;1;25;1;alu;3;p10;9;9;29;0.152;126.2582008;2.286475621;-16.99025057
14;sujet14;;1;25;1;alu;3;p10;10;10;30;0.168;137.3990811;1.972472231;-24.49437087
14;sujet14;;1;25;2;balsa;1;m10;1;1;31;0.1;86.95928835;1.260321924;-49.64713638
14;sujet14;;1;25;2;balsa;1;m10;2;2;32;0.108;77.88431478;1.420950848;-18.78802486
14;sujet14;;1;25;2;balsa;1;m10;3;3;33;0.104;80.50300889;1.821886363;-37.16555318
14;sujet14;;1;25;2;balsa;1;m10;4;4;34;0.144;101.2472183;2.020220141;60.89094857
14;sujet14;;1;25;2;balsa;1;m10;5;5;35;0.1;73.01621027;1.568224653;-25.86032232
14;sujet14;;1;25;2;balsa;1;m10;6;6;36;0.148;99.8526389;1.60024477;-29.0198936
14;sujet14;;1;25;2;balsa;1;m10;7;7;37;0.144;110.9230653;1.645411703;-11.30432462
14;sujet14;;1;25;2;balsa;1;m10;8;8;38;0.124;84.1630499;1.95571269;2.647562203
14;sujet14;;1;25;2;balsa;1;m10;9;9;39;0.176;105.8380327;1.667128071;-14.56167306
14;sujet14;;1;25;2;balsa;1;m10;10;10;40;0.152;104.1784453;1.552881696;-28.09830936
14;sujet14;;1;25;2;balsa;2;0;1;1;41;0.156;89.47159065;1.694607883;-4.506289276
14;sujet14;;1;25;2;balsa;2;0;2;2;42;0.104;79.38385243;1.588763427;-10.96710516
14;sujet14;;1;25;2;balsa;2;0;3;3;43;0.136;97.06125462;1.932817536;5.644221756
14;sujet14;;1;25;2;balsa;2;0;4;4;44;0.12;97.40098676;1.533061143;-0.63515432
14;sujet14;;1;25;2;balsa;2;0;5;5;45;0.132;105.032107;1.576037555;-46.25588836
14;sujet14;;1;25;2;balsa;2;0;6;6;46;0.132;100.4964743;1.711777151;-16.84807288
14;sujet14;;1;25;2;balsa;2;0;7;7;47;0.084;64.72920195;1.904652696;31.67376174
14;sujet14;;1;25;2;balsa;2;0;8;8;48;0.12;73.00994919;1.539192706;3.245712803
14;sujet14;;1;25;2;balsa;2;0;9;9;49;0.116;80.30007232;1.767878877;3.545997291
14;sujet14;;1;25;2;balsa;2;0;10;10;50;0.14;76.59596194;1.800583276;-43.24900091
14;sujet14;;1;25;2;balsa;3;p10;1;1;51;0.116;95.31314333;2.141123216;35.34842239
14;sujet14;;1;25;2;balsa;3;p10;2;2;52;0.132;103.1723093;1.928512804;-6.925018344
14;sujet14;;1;25;2;balsa;3;p10;3;3;53;0.128;102.2888365;1.861691396;-13.17797784
14;sujet14;;1;25;2;balsa;3;p10;4;4;54;0.092;90.65110792;2.346656478;-0.048990677
14;sujet14;;1;25;2;balsa;3;p10;5;5;55;0.116;93.07751012;2.21668063;39.6274484
14;sujet14;;1;25;2;balsa;3;p10;6;6;56;0.128;89.90100161;2.03493953;4.28859459
14;sujet14;;1;25;2;balsa;3;p10;7;7;57;0.108;102.3217989;1.750337717;3.513271952
14;sujet14;;1;25;2;balsa;3;p10;8;8;58;0.12;87.53480787;2.060800538;4.286615421
14;sujet14;;1;25;2;balsa;3;p10;9;9;59;0.104;72.80742435;1.874599344;5.093379077
14;sujet14;;1;25;2;balsa;3;p10;10;10;60;0.136;101.1865736;2.054967396;5.3264876
14;sujet14;;2;50;1;alu;1;m10;1;1;61;0.104;114.5795674;2.969808814;52.03500021
14;sujet14;;2;50;1;alu;1;m10;2;2;62;0.08;78.36830297;2.282061057;68.32665427
14;sujet14;;2;50;1;alu;1;m10;3;3;63;0.1;52.02625727;1.566997521;-9.79359034
14;sujet14;;2;50;1;alu;1;m10;4;4;64;0.124;47.15225976;1.189032496;-52.90410902
14;sujet14;;2;50;1;alu;1;m10;5;5;65;0.112;69.38208936;1.527176383;11.9443807
14;sujet14;;2;50;1;alu;1;m10;6;6;66;0.12;55.40218066;1.298596171;-65.84338165
14;sujet14;;2;50;1;alu;1;m10;7;7;67;0.112;80.15530704;1.591940746;-23.41810072
14;sujet14;;2;50;1;alu;1;m10;8;8;68;0.116;83.63420978;1.595636492;-11.91876693
14;sujet14;;2;50;1;alu;1;m10;9;9;69;0.124;94.51557494;1.640970765;-23.8870763
14;sujet14;;2;50;1;alu;1;m10;10;10;70;0.12;93.76447243;2.041923247;13.69078411
14;sujet14;;2;50;1;alu;2;0;1;1;71;0.136;136.8653572;2.591038196;27.33102549
14;sujet14;;2;50;1;alu;2;0;2;2;72;0.124;151.2354634;2.177400197;-12.11840648
14;sujet14;;2;50;1;alu;2;0;3;3;73;0.124;123.898093;2.454840215;19.11050767
14;sujet14;;2;50;1;alu;2;0;4;4;74;0.12;132.5456599;2.553166605;-3.194309056
14;sujet14;;2;50;1;alu;2;0;5;5;75;0.124;138.7103583;2.719975;9.743534313
14;sujet14;;2;50;1;alu;2;0;6;6;76;0.128;103.8973821;2.465204723;4.888848227
14;sujet14;;2;50;1;alu;2;0;7;7;77;0.104;109.5553204;2.492875552;0.313325381
14;sujet14;;2;50;1;alu;2;0;8;8;78;0.12;129.7491788;2.304719234;21.07687767
14;sujet14;;2;50;1;alu;2;0;9;9;79;0.12;98.94373863;2.366920124;-13.71059512
14;sujet14;;2;50;1;alu;2;0;10;10;80;0.128;106.4736957;2.487344596;-5.509914523
14;sujet14;;2;50;1;alu;3;p10;1;1;81;0.112;124.4327949;2.390340316;-2.613647643
14;sujet14;;2;50;1;alu;3;p10;2;2;82;0.096;116.616743;2.980276363;11.43290246
14;sujet14;;2;50;1;alu;3;p10;3;3;83;0.116;109.8053986;2.363135338;-5.274254026
14;sujet14;;2;50;1;alu;3;p10;4;4;84;0.116;116.5349112;2.809266315;-1.231679157
14;sujet14;;2;50;1;alu;3;p10;5;5;85;0.12;136.6595471;2.470688107;6.946145853
14;sujet14;;2;50;1;alu;3;p10;6;6;86;0.116;104.2136358;2.788563824;-4.152114535
14;sujet14;;2;50;1;alu;3;p10;7;7;87;0.112;97.25468116;2.812481789;5.156616361
14;sujet14;;2;50;1;alu;3;p10;8;8;88;0.148;114.2559999;2.455414325;-17.34240712
14;sujet14;;2;50;1;alu;3;p10;9;9;89;0.108;121.9811746;2.665022913;-23.27485258
14;sujet14;;2;50;1;alu;3;p10;10;10;90;0.124;154.1640544;2.986357844;-16.96896985
14;sujet14;;2;50;2;balsa;1;m10;1;1;91;0.092;90.39021613;2.239369807;-19.54077259
14;sujet14;;2;50;2;balsa;1;m10;2;2;92;0.116;103.6240582;2.485848377;-25.61195083
14;sujet14;;2;50;2;balsa;1;m10;3;3;93;0.116;103.654555;2.356398698;-20.26385829
14;sujet14;;2;50;2;balsa;1;m10;4;4;94;0.12;112.281069;2.275132177;14.7601234
14;sujet14;;2;50;2;balsa;1;m10;5;5;95;0.116;96.10332098;2.220237876;10.07808447
14;sujet14;;2;50;2;balsa;1;m10;6;6;96;0.136;118.3617196;2.463788862;0.482325074
14;sujet14;;2;50;2;balsa;1;m10;7;7;97;0.128;107.9594285;2.424704148;-28.52153384
14;sujet14;;2;50;2;balsa;1;m10;8;8;98;0.136;131.0936516;2.578855733;26.98520455
14;sujet14;;2;50;2;balsa;1;m10;9;9;99;0.14;121.8323201;2.353697105;21.37348744
14;sujet14;;2;50;2;balsa;1;m10;10;10;100;0.132;138.4119372;2.606786729;2.40902261
14;sujet14;;2;50;2;balsa;2;0;1;1;101;0.1;116.3406559;2.503443555;-19.55813174
14;sujet14;;2;50;2;balsa;2;0;2;2;102;0.108;123.1128023;3.053105875;-22.00957427
14;sujet14;;2;50;2;balsa;2;0;3;3;103;0.088;114.4309435;3.069205916;-10.19809206
14;sujet14;;2;50;2;balsa;2;0;4;4;104;0.096;108.4552794;2.725900734;-18.50378196
14;sujet14;;2;50;2;balsa;2;0;5;5;105;0.072;103.0726461;2.760565877;-5.90195927
14;sujet14;;2;50;2;balsa;2;0;6;6;106;0.1;116.7840009;2.804426115;-3.903289937
14;sujet14;;2;50;2;balsa;2;0;7;7;107;0.096;96.44482755;3.022243728;13.87711821
14;sujet14;;2;50;2;balsa;2;0;8;8;108;0.092;101.7158438;2.118788232;-10.84595528
14;sujet14;;2;50;2;balsa;2;0;9;9;109;0.112;88.29524195;2.587856167;2.756431342
14;sujet14;;2;50;2;balsa;2;0;10;10;110;0.1;89.83933074;2.579630955;-3.977201981
14;sujet14;;2;50;2;balsa;3;p10;1;1;111;0.096;145.6824504;3.688327562;50.70081086
14;sujet14;;2;50;2;balsa;3;p10;2;2;112;0.084;89.6423884;2.33237505;-14.61728989
14;sujet14;;2;50;2;balsa;3;p10;3;3;113;0.108;115.0725293;2.694770859;-37.67954523
14;sujet14;;2;50;2;balsa;3;p10;4;4;114;0.14;138.8266884;2.694654004;-15.6843744
14;sujet14;;2;50;2;balsa;3;p10;5;5;115;0.1;119.6125998;2.817634458;-5.143287296
14;sujet14;;2;50;2;balsa;3;p10;6;6;116;0.132;130.5388882;2.73741922;-17.14103158
14;sujet14;;2;50;2;balsa;3;p10;7;7;117;0.108;135.1153321;2.690901396;-27.00894722
14;sujet14;;2;50;2;balsa;3;p10;8;8;118;0.108;150.2306082;3.085914518;10.58321259
14;sujet14;;2;50;2;balsa;3;p10;9;9;119;0.132;128.4442315;2.713338544;-63.94605708
14;sujet14;;2;50;2;balsa;3;p10;10;10;120;0.164;145.1555982;2.905473062;-26.19215049
16;sujet16;;1;25;1;alu;1;m10;1;1;1;0.08;44.48509364;1.792524872;35.60307989
16;sujet16;;1;25;1;alu;1;m10;2;2;2;0.084;40.81265456;1.118718563;-36.83450899
16;sujet16;;1;25;1;alu;1;m10;3;3;3;0.076;50.39187341;1.560383949;-34.85249579
16;sujet16;;1;25;1;alu;1;m10;4;4;4;0.084;71.19747165;1.704819008;-22.54470731
16;sujet16;;1;25;1;alu;1;m10;5;5;5;0.072;57.59936213;1.776444184;-17.0732103
16;sujet16;;1;25;1;alu;1;m10;6;6;6;0.08;70.36740159;2.668006545;63.71386361
16;sujet16;;1;25;1;alu;1;m10;7;7;7;0.08;55.95358287;1.667816589;-21.44349555
16;sujet16;;1;25;1;alu;1;m10;8;8;8;0.084;54.81031169;1.650142233;-25.39832309
16;sujet16;;1;25;1;alu;1;m10;9;9;9;0.104;71.85644808;1.963712464;-21.92762594
16;sujet16;;1;25;1;alu;1;m10;10;10;10;0.088;59.86875516;1.454841047;-27.96522354
16;sujet16;;1;25;1;alu;2;0;1;1;11;0.08;54.23577578;1.67601941;-6.473321969
16;sujet16;;1;25;1;alu;2;0;2;2;12;0.084;74.65901955;1.840117508;-4.388841654
16;sujet16;;1;25;1;alu;2;0;3;3;13;0.088;72.40000031;1.844817996;-12.85408307
16;sujet16;;1;25;1;alu;2;0;4;4;14;0.092;72.96075051;2.104697473;-17.02538759
16;sujet16;;1;25;1;alu;2;0;5;5;15;0.076;60.28702655;2.147865007;-2.417149578
16;sujet16;;1;25;1;alu;2;0;6;6;16;0.076;75.4034942;2.507569319;24.64775085
16;sujet16;;1;25;1;alu;2;0;7;7;17;0.072;67.2401154;2.024230221;-20.34271875
16;sujet16;;1;25;1;alu;2;0;8;8;18;0.068;75.06112816;2.199563262;38.86016148
16;sujet16;;1;25;1;alu;2;0;9;9;19;0.076;61.37252251;1.899078322;-25.47840295
16;sujet16;;1;25;1;alu;2;0;10;10;20;0.088;80.96956524;1.870671721;-11.41169251
16;sujet16;;1;25;1;alu;3;p10;1;1;21;0.076;54.42639341;2.032158228;3.945067954
16;sujet16;;1;25;1;alu;3;p10;2;2;22;0.076;59.41557791;2.030805533;-51.78321759
16;sujet16;;1;25;1;alu;3;p10;3;3;23;0.064;64.19216895;2.027452813;-45.43061737
16;sujet16;;1;25;1;alu;3;p10;4;4;24;0.072;80.40332087;2.48698522;-43.34063614
16;sujet16;;1;25;1;alu;3;p10;5;5;25;0.072;97.36410007;2.840361548;-7.464983855
16;sujet16;;1;25;1;alu;3;p10;6;6;26;0.076;113.2074613;2.748694059;-27.4316972
16;sujet16;;1;25;1;alu;3;p10;7;7;27;0.072;99.54177725;2.906327974;9.69656584
16;sujet16;;1;25;1;alu;3;p10;8;8;28;0.072;97.29758899;2.729635455;-8.045526765
16;sujet16;;1;25;1;alu;3;p10;9;9;29;0.076;92.04217652;2.513182314;-9.268177862
16;sujet16;;1;25;1;alu;3;p10;10;10;30;0.084;125.8744625;2.939708358;-5.215100722
16;sujet16;;1;25;2;balsa;1;m10;1;1;31;0.092;58.05920492;1.473602214;-5.422811635
16;sujet16;;1;25;2;balsa;1;m10;2;2;32;0.084;45.9430343;1.469033106;-38.18077696
16;sujet16;;1;25;2;balsa;1;m10;3;3;33;0.088;80.86556301;1.951621909;-32.32867018
16;sujet16;;1;25;2;balsa;1;m10;4;4;34;0.108;88.28995611;1.819915885;-1.651122934
16;sujet16;;1;25;2;balsa;1;m10;5;5;35;0.084;89.30581331;2.152123223;6.67269346
16;sujet16;;1;25;2;balsa;1;m10;6;6;36;0.076;68.49511922;1.856652243;27.27105754
16;sujet16;;1;25;2;balsa;1;m10;7;7;37;0.112;70.99495765;1.452458746;-39.73192894
16;sujet16;;1;25;2;balsa;1;m10;8;8;38;0.092;72.7723405;2.233219179;4.601105453
16;sujet16;;1;25;2;balsa;1;m10;9;9;39;0.088;55.28641176;1.524979788;27.95260076
16;sujet16;;1;25;2;balsa;1;m10;10;10;40;0.08;54.29129233;1.518011219;-24.06977676
16;sujet16;;1;25;2;balsa;2;0;1;1;41;0.056;26.7732813;1.647637385;-42.51816016
16;sujet16;;1;25;2;balsa;2;0;2;2;42;0.128;85.18071347;1.653370675;-65.04178911
16;sujet16;;1;25;2;balsa;2;0;3;3;43;0.148;150.1975054;2.227443953;-15.01848534
16;sujet16;;1;25;2;balsa;2;0;4;4;44;0.16;108.4341607;1.956647647;-23.61697705
16;sujet16;;1;25;2;balsa;2;0;5;5;45;0.116;113.9777305;1.842423576;-13.56967835
16;sujet16;;1;25;2;balsa;2;0;6;6;46;0.116;125.4464179;2.125892466;-5.778461873
16;sujet16;;1;25;2;balsa;2;0;7;7;47;0.124;120.6600606;1.923314728;-26.18786445
16;sujet16;;1;25;2;balsa;2;0;8;8;48;0.12;154.7612522;2.879125632;23.30833983
16;sujet16;;1;25;2;balsa;2;0;9;9;49;0.108;116.0561281;2.053447659;-26.24701386
16;sujet16;;1;25;2;balsa;2;0;10;10;50;0.092;89.98454135;2.460210789;3.196659105
16;sujet16;;1;25;2;balsa;3;p10;1;1;51;0.092;85.93184946;1.947558199;-35.05135417
16;sujet16;;1;25;2;balsa;3;p10;2;2;52;0.072;78.13971257;2.290935333;-23.22379263
16;sujet16;;1;25;2;balsa;3;p10;3;3;53;0.092;118.5833558;1.927018245;-33.23030552
16;sujet16;;1;25;2;balsa;3;p10;4;4;54;0.064;60.48907325;2.614143748;25.86677771
16;sujet16;;1;25;2;balsa;3;p10;5;5;55;0.076;63.06667774;1.960408446;-57.26256469
16;sujet16;;1;25;2;balsa;3;p10;6;6;56;0.072;73.13578206;2.141437645;-31.22462953
16;sujet16;;1;25;2;balsa;3;p10;7;7;57;0.096;90.21187673;2.293521082;-41.02675243
16;sujet16;;1;25;2;balsa;3;p10;8;8;58;0.068;79.80240871;2.831737695;20.18190684
16;sujet16;;1;25;2;balsa;3;p10;9;9;59;0.076;90.26108701;2.283661176;-39.74916452
16;sujet16;;1;25;2;balsa;3;p10;10;10;60;0.084;109.5535992;2.378894609;-35.84455887
16;sujet16;;2;50;1;alu;1;m10;1;1;61;0.076;51.06842034;1.603479041;-30.73790748
16;sujet16;;2;50;1;alu;1;m10;2;2;62;0.064;43.56042101;1.654965461;-1.842913257
16;sujet16;;2;50;1;alu;1;m10;3;3;63;0.08;71.962491;2.14628042;-35.4268305
16;sujet16;;2;50;1;alu;1;m10;4;4;64;0.088;75.84673156;1.89854123;-26.79318592
16;sujet16;;2;50;1;alu;1;m10;5;5;65;0.08;72.77170958;1.930420952;-31.27900844
16;sujet16;;2;50;1;alu;1;m10;6;6;66;0.072;70.20377812;2.409010926;39.16890699
16;sujet16;;2;50;1;alu;1;m10;7;7;67;0.064;72.04194334;2.288807389;30.7760183
16;sujet16;;2;50;1;alu;1;m10;8;8;68;0.072;74.42570462;1.887922836;-33.59492889
16;sujet16;;2;50;1;alu;1;m10;9;9;69;0.072;81.61179025;2.271495078;2.094625436
16;sujet16;;2;50;1;alu;1;m10;10;10;70;0.064;52.46792092;1.856528077;-15.13748805
16;sujet16;;2;50;1;alu;2;0;1;1;71;0.064;77.0058326;2.875991449;12.38962032
16;sujet16;;2;50;1;alu;2;0;2;2;72;0.068;69.15649898;2.319250932;-16.81467835
16;sujet16;;2;50;1;alu;2;0;3;3;73;0.068;74.69697272;2.615310392;-11.43535902
16;sujet16;;2;50;1;alu;2;0;4;4;74;0.076;84.85388334;2.610963846;5.245037817
16;sujet16;;2;50;1;alu;2;0;5;5;75;0.068;69.40881244;2.362258931;-10.32426392
16;sujet16;;2;50;1;alu;2;0;6;6;76;0.072;86.91906292;2.451766208;-24.61395038
16;sujet16;;2;50;1;alu;2;0;7;7;77;0.076;102.3347019;2.759632632;0.817847447
16;sujet16;;2;50;1;alu;2;0;8;8;78;0.076;90.12842211;2.787285208;2.612291007
16;sujet16;;2;50;1;alu;2;0;9;9;79;0.072;78.5987235;2.640983411;-2.642195507
16;sujet16;;2;50;1;alu;2;0;10;10;80;0.068;82.67264926;2.784937973;-16.40932513
16;sujet16;;2;50;1;alu;3;p10;1;1;81;0.072;68.87398464;2.202944743;-32.1746307
16;sujet16;;2;50;1;alu;3;p10;2;2;82;0.06;63.47659036;2.735337201;-4.697953629
16;sujet16;;2;50;1;alu;3;p10;3;3;83;0.064;69.10011133;2.700551336;8.429417229
16;sujet16;;2;50;1;alu;3;p10;4;4;84;0.072;95.19980699;2.583613238;-26.00261962
16;sujet16;;2;50;1;alu;3;p10;5;5;85;0.072;90.5588599;2.775811094;-24.06026182
16;sujet16;;2;50;1;alu;3;p10;6;6;86;0.072;108.8990909;3.03922736;-4.211921244
16;sujet16;;2;50;1;alu;3;p10;7;7;87;0.072;105.2470027;3.246674247;12.38474341
16;sujet16;;2;50;1;alu;3;p10;8;8;88;0.076;104.2264654;2.736250014;-38.31448004
16;sujet16;;2;50;1;alu;3;p10;9;9;89;0.068;98.07406363;3.077593134;-3.172950642
16;sujet16;;2;50;1;alu;3;p10;10;10;90;0.06;90.11581254;3.6030153;6.075700546
16;sujet16;;2;50;2;balsa;1;m10;1;1;91;0.068;80.39266318;3.073517001;19.90111803
16;sujet16;;2;50;2;balsa;1;m10;2;2;92;0.072;42.91744064;1.934503913;-21.33080409
16;sujet16;;2;50;2;balsa;1;m10;3;3;93;0.068;63.28669065;2.379730121;-7.920033003
16;sujet16;;2;50;2;balsa;1;m10;4;4;94;0.08;78.58163095;2.083310073;-47.56576195
16;sujet16;;2;50;2;balsa;1;m10;5;5;95;0.072;82.45892588;2.481551952;-18.75119532
16;sujet16;;2;50;2;balsa;1;m10;6;6;96;0.068;67.93516788;2.382535781;-17.52931728
16;sujet16;;2;50;2;balsa;1;m10;7;7;97;0.068;61.7456297;2.430533548;-2.00773578
16;sujet16;;2;50;2;balsa;1;m10;8;8;98;0.072;64.8007556;2.38231008;-25.57699355
16;sujet16;;2;50;2;balsa;1;m10;9;9;99;0.072;91.30763926;2.523233999;-34.8709049
16;sujet16;;2;50;2;balsa;1;m10;10;10;100;0.076;89.5440232;2.683001195;-9.342999371
16;sujet16;;2;50;2;balsa;2;0;1;1;101;0.076;110.4076129;3.399309228;11.69765037
16;sujet16;;2;50;2;balsa;2;0;2;2;102;0.076;93.57104006;2.7945429;-43.3845789
16;sujet16;;2;50;2;balsa;2;0;3;3;103;0.08;119.1593259;2.940333582;-44.65312425
16;sujet16;;2;50;2;balsa;2;0;4;4;104;0.088;130.0494335;3.117450611;-15.48651081
16;sujet16;;2;50;2;balsa;2;0;5;5;105;0.088;117.9695983;3.297596231;-16.87234346
16;sujet16;;2;50;2;balsa;2;0;6;6;106;0.084;128.059275;3.447261996;-5.267499691
16;sujet16;;2;50;2;balsa;2;0;7;7;107;0.072;96.09967569;3.358225824;-25.64622978
16;sujet16;;2;50;2;balsa;2;0;8;8;108;0.068;94.97061964;3.330295976;-13.89860749
16;sujet16;;2;50;2;balsa;2;0;9;9;109;0.072;116.0799135;3.128839308;-1.326654435
16;sujet16;;2;50;2;balsa;2;0;10;10;110;0.068;92.10830267;3.043977355;-24.32409251
16;sujet16;;2;50;2;balsa;3;p10;1;1;111;0.064;76.07143893;2.972730229;0.346090367
16;sujet16;;2;50;2;balsa;3;p10;2;2;112;0.06;85.18801692;3.191294914;-12.32100893
16;sujet16;;2;50;2;balsa;3;p10;3;3;113;0.06;88.45639397;3.144612317;4.277589912
16;sujet16;;2;50;2;balsa;3;p10;4;4;114;0.088;134.7500734;3.2665097;-20.50726745
16;sujet16;;2;50;2;balsa;3;p10;5;5;115;0.068;114.0281258;3.421642779;-14.56909331
16;sujet16;;2;50;2;balsa;3;p10;6;6;116;0.076;133.9585663;3.012606267;-4.195849331
16;sujet16;;2;50;2;balsa;3;p10;7;7;117;0.064;107.4673614;3.546768395;-12.12984165
16;sujet16;;2;50;2;balsa;3;p10;8;8;118;0.06;92.49595805;3.356055818;-2.83205088
16;sujet16;;2;50;2;balsa;3;p10;9;9;119;0.06;85.61582884;3.101077117;-6.775739321
16;sujet16;;2;50;2;balsa;3;p10;10;10;120;0.064;94.33562089;3.107593525;-25.3235742
17;sujet17;;1;25;1;alu;1;m10;1;1;1;0.168;84.76879585;1.126178118;-7.852642668
17;sujet17;;1;25;1;alu;1;m10;2;2;2;0.124;64.38865238;1.169846518;34.07307153
17;sujet17;;1;25;1;alu;1;m10;3;3;3;0.144;88.47187557;1.331055029;-47.9705812
17;sujet17;;1;25;1;alu;1;m10;4;4;4;0.144;97.5821189;1.098958099;-20.84962414
17;sujet17;;1;25;1;alu;1;m10;5;5;5;0.148;96.22388472;1.285987293;8.372880782
17;sujet17;;1;25;1;alu;1;m10;6;6;6;0.124;75.32180368;1.485547984;-22.95376111
17;sujet17;;1;25;1;alu;1;m10;7;7;7;0.136;90.32491131;1.67408092;-7.274386872
17;sujet17;;1;25;1;alu;1;m10;8;8;8;0.148;113.0990084;1.494726451;-6.358201729
17;sujet17;;1;25;1;alu;1;m10;9;9;9;0.144;84.33367419;1.450843121;38.57213045
17;sujet17;;1;25;1;alu;1;m10;10;10;10;0.152;72.87165364;1.405530772;-20.21828094
17;sujet17;;1;25;1;alu;2;0;1;1;11;0.16;77.43260619;1.433407033;-54.55823181
17;sujet17;;1;25;1;alu;2;0;2;2;12;0.124;97.88890872;2.468511462;-14.26544366
17;sujet17;;1;25;1;alu;2;0;3;3;13;0.136;96.66738046;1.824628094;-2.788393872
17;sujet17;;1;25;1;alu;2;0;4;4;14;0.16;134.4236836;1.212936036;-32.28543709
17;sujet17;;1;25;1;alu;2;0;5;5;15;0.136;109.1211618;1.658377139;37.5418284
17;sujet17;;1;25;1;alu;2;0;6;6;16;0.128;122.0088846;1.898991373;-6.205490023
17;sujet17;;1;25;1;alu;2;0;7;7;17;0.136;123.3933063;1.62870839;-3.275065205
17;sujet17;;1;25;1;alu;2;0;8;8;18;0.124;106.7918955;1.813217017;0.709488006
17;sujet17;;1;25;1;alu;2;0;9;9;19;0.16;123.5152729;1.864148824;5.906660174
17;sujet17;;1;25;1;alu;2;0;10;10;20;0.136;99.0173019;1.597689877;-24.94631026
17;sujet17;;1;25;1;alu;3;p10;1;1;21;0.164;99.53818558;1.820314073;-34.2962255
17;sujet17;;1;25;1;alu;3;p10;2;2;22;0.132;119.9283722;2.250095296;-7.050412673
17;sujet17;;1;25;1;alu;3;p10;3;3;23;0.136;138.6758835;2.135780073;42.25695753
17;sujet17;;1;25;1;alu;3;p10;4;4;24;0.116;88.63892019;2.10169057;9.633909809
17;sujet17;;1;25;1;alu;3;p10;5;5;25;0.14;104.806765;1.705661646;-20.4747606
17;sujet17;;1;25;1;alu;3;p10;6;6;26;0.124;103.6563519;1.894018252;-24.95909017
17;sujet17;;1;25;1;alu;3;p10;7;7;27;0.132;124.26044;2.234438957;-16.82976622
17;sujet17;;1;25;1;alu;3;p10;8;8;28;0.108;124.8341274;2.06679976;18.19279796
17;sujet17;;1;25;1;alu;3;p10;9;9;29;0.136;116.7955326;2.031880164;26.98611856
17;sujet17;;1;25;1;alu;3;p10;10;10;30;0.152;115.0471937;1.613305507;-3.522764612
17;sujet17;;1;25;2;balsa;1;m10;1;1;31;0.148;103.9291216;1.413505103;21.91074933
17;sujet17;;1;25;2;balsa;1;m10;2;2;32;0.136;76.23269466;1.5902602;-31.74896929
17;sujet17;;1;25;2;balsa;1;m10;3;3;33;0.144;89.34224423;1.615245202;-27.43280949
17;sujet17;;1;25;2;balsa;1;m10;4;4;34;0.14;105.1794164;1.505200287;-8.935231041
17;sujet17;;1;25;2;balsa;1;m10;5;5;35;0.136;94.35607362;2.123173821;-6.37915207
17;sujet17;;1;25;2;balsa;1;m10;6;6;36;0.168;100.18645;1.419440379;19.13342127
17;sujet17;;1;25;2;balsa;1;m10;7;7;37;0.152;101.0784265;1.345589963;-33.99323157
17;sujet17;;1;25;2;balsa;1;m10;8;8;38;0.148;122.2785926;1.472513901;-2.471996462
17;sujet17;;1;25;2;balsa;1;m10;9;9;39;0.14;97.75132276;1.659393752;-12.4719457
17;sujet17;;1;25;2;balsa;1;m10;10;10;40;0.168;121.2658087;1.512183049;3.650060622
17;sujet17;;1;25;2;balsa;2;0;1;1;41;0.132;63.34530626;1.395936379;-41.26231611
17;sujet17;;1;25;2;balsa;2;0;2;2;42;0.096;79.36637588;1.947961708;-31.60818665
17;sujet17;;1;25;2;balsa;2;0;3;3;43;0.112;113.4938371;1.723141975;-10.67566581
17;sujet17;;1;25;2;balsa;2;0;4;4;44;0.132;117.0368667;1.627789169;-21.07055911
17;sujet17;;1;25;2;balsa;2;0;5;5;45;0.116;91.37731649;1.674909778;-11.36277245
17;sujet17;;1;25;2;balsa;2;0;6;6;46;0.124;94.69111884;1.63507264;0.632745341
17;sujet17;;1;25;2;balsa;2;0;7;7;47;0.112;106.0342983;1.714689754;7.344857225
17;sujet17;;1;25;2;balsa;2;0;8;8;48;0.14;111.1698373;1.595182563;-1.107728277
17;sujet17;;1;25;2;balsa;2;0;9;9;49;0.152;130.5285508;2.407362693;15.926382
17;sujet17;;1;25;2;balsa;2;0;10;10;50;0.136;108.0713049;1.374386977;-24.80132065
17;sujet17;;1;25;2;balsa;3;p10;1;1;51;0.156;96.60240864;1.386770558;-26.18560933
17;sujet17;;1;25;2;balsa;3;p10;2;2;52;0.124;132.9730335;1.431073312;-17.99778131
17;sujet17;;1;25;2;balsa;3;p10;3;3;53;0.124;120.027907;1.889769017;-15.29693395
17;sujet17;;1;25;2;balsa;3;p10;4;4;54;0.136;118.8082007;2.086027526;2.857431026
17;sujet17;;1;25;2;balsa;3;p10;5;5;55;0.116;108.2872532;1.973518568;-4.016166839
17;sujet17;;1;25;2;balsa;3;p10;6;6;56;0.14;132.6393147;2.063499862;-12.88353346
17;sujet17;;1;25;2;balsa;3;p10;7;7;57;0.132;109.0483213;1.821897089;-0.410707965
17;sujet17;;1;25;2;balsa;3;p10;8;8;58;0.132;122.346073;1.837640613;-9.574879642
17;sujet17;;1;25;2;balsa;3;p10;9;9;59;0.116;112.7606535;1.951379676;6.074310584
17;sujet17;;1;25;2;balsa;3;p10;10;10;60;0.132;124.8778626;1.969767372;29.00055673
17;sujet17;;2;50;1;alu;1;m10;1;1;61;0.156;141.7165939;2.32830543;23.34526618
17;sujet17;;2;50;1;alu;1;m10;2;2;62;0.144;132.7784057;2.084061128;-0.202966918
17;sujet17;;2;50;1;alu;1;m10;3;3;63;0.128;123.1377254;2.558946024;9.763801204
17;sujet17;;2;50;1;alu;1;m10;4;4;64;0.136;128.6516278;2.106379658;-17.24837583
17;sujet17;;2;50;1;alu;1;m10;5;5;65;0.14;122.2418153;2.108578482;-12.34257301
17;sujet17;;2;50;1;alu;1;m10;6;6;66;0.148;149.1397955;2.331465835;-8.214491016
17;sujet17;;2;50;1;alu;1;m10;7;7;67;0.128;145.8497763;2.559259168;25.050901
17;sujet17;;2;50;1;alu;1;m10;8;8;68;0.148;147.4832747;2.263318992;0.005384525
17;sujet17;;2;50;1;alu;1;m10;9;9;69;0.156;165.6130591;1.699139287;0.65390581
17;sujet17;;2;50;1;alu;1;m10;10;10;70;0.16;172.1143182;2.171587897;3.008733424
17;sujet17;;2;50;1;alu;2;0;1;1;71;0.184;161.2911255;1.655272924;-39.02137362
17;sujet17;;2;50;1;alu;2;0;2;2;72;0.188;202.349125;1.931782716;-40.55376302
17;sujet17;;2;50;1;alu;2;0;3;3;73;0.152;177.1707036;2.168113598;7.047872225
17;sujet17;;2;50;1;alu;2;0;4;4;74;0.18;227.8696639;2.43402312;-4.531836328
17;sujet17;;2;50;1;alu;2;0;5;5;75;0.144;163.019773;2.506812761;-19.37395527
17;sujet17;;2;50;1;alu;2;0;6;6;76;0.176;202.3015899;2.145342136;-13.10936647
17;sujet17;;2;50;1;alu;2;0;7;7;77;0.144;192.6374931;2.860716;2.584189741
17;sujet17;;2;50;1;alu;2;0;8;8;78;0.128;135.9205007;2.048342391;-31.37470798
17;sujet17;;2;50;1;alu;2;0;9;9;79;0.16;210.6072324;2.196606625;-15.24632572
17;sujet17;;2;50;1;alu;2;0;10;10;80;0.148;210.5737585;2.41310823;-16.34484591
17;sujet17;;2;50;1;alu;3;p10;1;1;81;0.144;182.8977563;2.427071726;-20.1908742
17;sujet17;;2;50;1;alu;3;p10;2;2;82;0.128;174.1449242;2.657181707;-8.249085713
17;sujet17;;2;50;1;alu;3;p10;3;3;83;0.14;219.6666913;2.455584659;-19.22242825
17;sujet17;;2;50;1;alu;3;p10;4;4;84;0.152;196.1783733;2.762005431;-3.831765052
17;sujet17;;2;50;1;alu;3;p10;5;5;85;0.112;179.4035962;2.518993852;-23.31107302
17;sujet17;;2;50;1;alu;3;p10;6;6;86;0.124;164.3373831;2.622963504;-12.9725729
17;sujet17;;2;50;1;alu;3;p10;7;7;87;0.132;163.7644824;2.655750812;-4.138670446
17;sujet17;;2;50;1;alu;3;p10;8;8;88;0.132;178.7463148;2.100900298;-27.0397901
17;sujet17;;2;50;1;alu;3;p10;9;9;89;0.144;187.3357918;2.887571465;-9.799340909
17;sujet17;;2;50;1;alu;3;p10;10;10;90;0.132;194.8896277;2.647448025;-5.639010555
17;sujet17;;2;50;2;balsa;1;m10;1;1;91;0.144;164.0612181;2.103211976;-39.50292132
17;sujet17;;2;50;2;balsa;1;m10;2;2;92;0.132;161.9183063;2.425780702;-39.18728884
17;sujet17;;2;50;2;balsa;1;m10;3;3;93;0.136;156.0360157;2.139450459;3.332956208
17;sujet17;;2;50;2;balsa;1;m10;4;4;94;0.144;155.9640158;1.924793804;-11.74385701
17;sujet17;;2;50;2;balsa;1;m10;5;5;95;0.14;172.4312723;1.943631329;-24.20271676
17;sujet17;;2;50;2;balsa;1;m10;6;6;96;0.16;186.0919815;1.823514215;-24.34330178
17;sujet17;;2;50;2;balsa;1;m10;7;7;97;0.148;176.7203241;2.001175289;-17.66966676
17;sujet17;;2;50;2;balsa;1;m10;8;8;98;0.156;191.7866399;2.295253912;23.78570824
17;sujet17;;2;50;2;balsa;1;m10;9;9;99;0.148;181.6162776;2.688987112;4.568564434
17;sujet17;;2;50;2;balsa;1;m10;10;10;100;0.168;230.3270799;2.623360661;1.231795717
17;sujet17;;2;50;2;balsa;2;0;1;1;101;0.16;144.1894625;1.976380745;-50.59776545
17;sujet17;;2;50;2;balsa;2;0;2;2;102;0.144;175.761298;2.334547469;-33.13868318
17;sujet17;;2;50;2;balsa;2;0;3;3;103;0.156;210.2851441;1.942330185;-33.65357615
17;sujet17;;2;50;2;balsa;2;0;4;4;104;0.144;192.0190073;2.609108133;6.320666892
17;sujet17;;2;50;2;balsa;2;0;5;5;105;0.128;176.1318579;2.306202477;-12.07990961
17;sujet17;;2;50;2;balsa;2;0;6;6;106;0.16;203.2370081;2.075160118;-16.22433356
17;sujet17;;2;50;2;balsa;2;0;7;7;107;0.14;196.6098284;2.805849446;11.51452771
17;sujet17;;2;50;2;balsa;2;0;8;8;108;0.144;191.153694;2.339934607;-4.85834195
17;sujet17;;2;50;2;balsa;2;0;9;9;109;0.128;174.8606771;2.479712937;9.858093663
17;sujet17;;2;50;2;balsa;2;0;10;10;110;0.132;184.6503938;2.455470556;0.922523355
17;sujet17;;2;50;2;balsa;3;p10;1;1;111;0.148;189.9894896;2.132894322;-47.41158754
17;sujet17;;2;50;2;balsa;3;p10;2;2;112;0.136;200.2884896;2.623816912;-28.89869287
17;sujet17;;2;50;2;balsa;3;p10;3;3;113;0.16;210.8042833;2.186145238;-38.08338679
17;sujet17;;2;50;2;balsa;3;p10;4;4;114;0.148;221.1049458;2.472475047;-25.11329298
17;sujet17;;2;50;2;balsa;3;p10;5;5;115;0.164;216.9751062;2.610328919;4.87799736
17;sujet17;;2;50;2;balsa;3;p10;6;6;116;0.136;207.2449833;2.496428142;-19.77471453
17;sujet17;;2;50;2;balsa;3;p10;7;7;117;0.148;216.0422611;2.637820238;-4.564320828
17;sujet17;;2;50;2;balsa;3;p10;8;8;118;0.136;188.0172715;2.698763632;-20.66601581
17;sujet17;;2;50;2;balsa;3;p10;9;9;119;0.128;187.202514;2.860355797;7.193327388
17;sujet17;;2;50;2;balsa;3;p10;10;10;120;0.112;166.4539802;2.391183364;-11.02266127
18;sujet18;;1;25;1;alu;1;m10;1;1;1;0.212;78.6042358;1.463751055;54.07079369
18;sujet18;;1;25;1;alu;1;m10;2;2;2;0.188;51.10266288;1.036897213;-41.07351287
18;sujet18;;1;25;1;alu;1;m10;3;3;3;0.124;57.83335642;1.415859796;-18.18411534
18;sujet18;;1;25;1;alu;1;m10;4;4;4;0.112;57.26519356;1.421321859;-8.516082348
18;sujet18;;1;25;1;alu;1;m10;5;5;5;0.144;57.73893367;1.80662071;-15.10702414
18;sujet18;;1;25;1;alu;1;m10;6;6;6;0.136;59.27841655;1.675062164;-11.39028811
18;sujet18;;1;25;1;alu;1;m10;7;7;7;0.12;62.48649759;2.035721402;5.013222239
18;sujet18;;1;25;1;alu;1;m10;8;8;8;0.084;41.94401199;1.594238591;-22.08504403
18;sujet18;;1;25;1;alu;1;m10;9;9;9;0.152;41.83007874;1.411783248;6.087116414
18;sujet18;;1;25;1;alu;1;m10;10;10;10;0.112;54.57769497;1.301507324;-26.88698225
18;sujet18;;1;25;1;alu;2;0;1;1;11;0.132;87.34302036;1.467260228;-30.30452607
18;sujet18;;1;25;1;alu;2;0;2;2;12;0.124;52.06931428;1.460472553;32.316702
18;sujet18;;1;25;1;alu;2;0;3;3;13;0.176;58.47289533;1.176613809;-36.04822333
18;sujet18;;1;25;1;alu;2;0;4;4;14;0.264;144.2845231;1.367593288;-40.04780432
18;sujet18;;1;25;1;alu;2;0;5;5;15;0.208;138.2977985;1.543369542;12.38463752
18;sujet18;;1;25;1;alu;2;0;6;6;16;0.204;105.9005437;1.585073294;-21.0928397
18;sujet18;;1;25;1;alu;2;0;7;7;17;0.212;128.3355229;1.310568015;3.82926972
18;sujet18;;1;25;1;alu;2;0;8;8;18;0.184;98.6339546;1.4668306;17.71767481
18;sujet18;;1;25;1;alu;2;0;9;9;19;0.232;92.26691307;1.488288635;1.130060772
18;sujet18;;1;25;1;alu;2;0;10;10;20;0.224;95.17000322;1.25524524;-3.523302089
18;sujet18;;1;25;1;alu;3;p10;1;1;21;0.172;117.0098363;2.382060238;8.959109393
18;sujet18;;1;25;1;alu;3;p10;2;2;22;0.136;68.90700118;1.985526045;-9.122370112
18;sujet18;;1;25;1;alu;3;p10;3;3;23;0.124;64.59744218;1.910752774;-11.14686525
18;sujet18;;1;25;1;alu;3;p10;4;4;24;0.16;113.1393991;2.612716429;63.14367515
18;sujet18;;1;25;1;alu;3;p10;5;5;25;0.144;79.82521547;1.82420975;-14.78727709
18;sujet18;;1;25;1;alu;3;p10;6;6;26;0.064;40.79664538;1.889285182;-26.91111744
18;sujet18;;1;25;1;alu;3;p10;7;7;27;0.14;59.96396561;1.707243192;-11.63570568
18;sujet18;;1;25;1;alu;3;p10;8;8;28;0.076;51.71421239;2.120974923;16.1279465
18;sujet18;;1;25;1;alu;3;p10;9;9;29;0.08;41.28229531;1.685249499;-6.958401728
18;sujet18;;1;25;1;alu;3;p10;10;10;30;0.076;45.67556562;2.178324474;-21.6619694
18;sujet18;;1;25;2;balsa;1;m10;1;1;31;0.152;77.40508208;1.646342347;22.89099213
18;sujet18;;1;25;2;balsa;1;m10;2;2;32;0.116;35.42728879;1.094472162;-20.94207627
18;sujet18;;1;25;2;balsa;1;m10;3;3;33;0.192;96.83720366;1.270841626;-8.909000891
18;sujet18;;1;25;2;balsa;1;m10;4;4;34;0.18;73.57096216;1.582262629;-22.63840777
18;sujet18;;1;25;2;balsa;1;m10;5;5;35;0.236;155.4816929;1.686805506;21.03149711
18;sujet18;;1;25;2;balsa;1;m10;6;6;36;0.152;83.23637888;2.107616341;-16.66011849
18;sujet18;;1;25;2;balsa;1;m10;7;7;37;0.176;58.35092973;2.217866329;27.52773447
18;sujet18;;1;25;2;balsa;1;m10;8;8;38;0.236;79.7851645;1.536508043;-1.839909489
18;sujet18;;1;25;2;balsa;1;m10;9;9;39;0.284;88.75663425;1.478219403;-20.92620202
18;sujet18;;1;25;2;balsa;1;m10;10;10;40;0.164;76.5867851;1.436209967;22.04820264
18;sujet18;;1;25;2;balsa;2;0;1;1;41;0.1;45.31543114;1.329089562;-54.82910075
18;sujet18;;1;25;2;balsa;2;0;2;2;42;0.396;164.1132869;1.921745635;-33.55800807
18;sujet18;;1;25;2;balsa;2;0;3;3;43;0.296;244.4007212;2.296608938;-33.85203638
18;sujet18;;1;25;2;balsa;2;0;4;4;44;0.304;261.6765627;2.360483989;-38.57151146
18;sujet18;;1;25;2;balsa;2;0;5;5;45;0.364;284.5630149;2.71155273;-23.60516393
18;sujet18;;1;25;2;balsa;2;0;6;6;46;0.328;316.689584;3.26129785;-21.41036836
18;sujet18;;1;25;2;balsa;2;0;7;7;47;0.32;346.5647738;2.952610931;9.1534746
18;sujet18;;1;25;2;balsa;2;0;8;8;48;0.292;213.0543116;2.453503993;-48.56687075
18;sujet18;;1;25;2;balsa;2;0;9;9;49;0.312;304.5804558;3.08951784;-48.88552621
18;sujet18;;1;25;2;balsa;2;0;10;10;50;0.248;262.2686444;2.545984986;-12.34332602
18;sujet18;;1;25;2;balsa;3;p10;1;1;51;0.156;124.4515495;2.041252036;12.83777397
18;sujet18;;1;25;2;balsa;3;p10;2;2;52;0.184;115.545367;1.945372237;4.316163174
18;sujet18;;1;25;2;balsa;3;p10;3;3;53;0.168;96.01313583;1.661534819;10.66055505
18;sujet18;;1;25;2;balsa;3;p10;4;4;54;0.168;101.3351985;1.713296399;11.46939664
18;sujet18;;1;25;2;balsa;3;p10;5;5;55;0.136;91.59684308;1.613823387;-5.850100957
18;sujet18;;1;25;2;balsa;3;p10;6;6;56;0.18;145.1393041;1.952464773;7.028353665
18;sujet18;;1;25;2;balsa;3;p10;7;7;57;0.128;77.78072674;1.811268098;-15.48360151
18;sujet18;;1;25;2;balsa;3;p10;8;8;58;0.136;81.44447472;1.771687631;6.764102249
18;sujet18;;1;25;2;balsa;3;p10;9;9;59;0.12;73.66980267;1.763997623;7.394884316
18;sujet18;;1;25;2;balsa;3;p10;10;10;60;0.136;90.83008932;1.956428809;-1.665454714
18;sujet18;;2;50;1;alu;1;m10;1;1;61;0.228;102.2061453;1.243890199;-1.459858778
18;sujet18;;2;50;1;alu;1;m10;2;2;62;0.12;63.27829382;1.414810381;-34.88774429
18;sujet18;;2;50;1;alu;1;m10;3;3;63;0.156;74.56132947;1.565104954;-6.94770219
18;sujet18;;2;50;1;alu;1;m10;4;4;64;0.128;57.09387709;1.520306557;-22.39122345
18;sujet18;;2;50;1;alu;1;m10;5;5;65;0.12;64.06455282;1.409287608;-15.58765237
18;sujet18;;2;50;1;alu;1;m10;6;6;66;0.108;73.88700427;1.891214686;-5.613269659
18;sujet18;;2;50;1;alu;1;m10;7;7;67;0.12;77.36677542;1.992369918;-7.515031832
18;sujet18;;2;50;1;alu;1;m10;8;8;68;0.108;77.59056075;2.113287205;-16.27022995
18;sujet18;;2;50;1;alu;1;m10;9;9;69;0.1;72.58165431;1.997526942;0.479494552
18;sujet18;;2;50;1;alu;1;m10;10;10;70;0.088;70.47487702;1.809722762;-17.95787873
18;sujet18;;2;50;1;alu;2;0;1;1;71;0.168;105.1726495;1.899739436;19.56846084
18;sujet18;;2;50;1;alu;2;0;2;2;72;0.148;118.5129147;1.820914218;-15.6440064
18;sujet18;;2;50;1;alu;2;0;3;3;73;0.124;99.86804143;1.925310777;15.55807379
18;sujet18;;2;50;1;alu;2;0;4;4;74;0.092;65.82545493;1.691276763;-18.56069014
18;sujet18;;2;50;1;alu;2;0;5;5;75;0.148;86.07505978;1.748994158;-15.29138331
18;sujet18;;2;50;1;alu;2;0;6;6;76;0.124;63.31012172;1.656427928;-5.149781196
18;sujet18;;2;50;1;alu;2;0;7;7;77;0.176;66.96605039;1.876080062;-9.688697982
18;sujet18;;2;50;1;alu;2;0;8;8;78;0.132;88.32736955;2.063731244;11.19394306
18;sujet18;;2;50;1;alu;2;0;9;9;79;0.132;97.29848677;1.98560454;-3.624721403
18;sujet18;;2;50;1;alu;2;0;10;10;80;0.124;105.2846621;2.402489716;9.379338747
18;sujet18;;2;50;1;alu;3;p10;1;1;81;0.216;124.8660563;2.278968059;-22.15313197
18;sujet18;;2;50;1;alu;3;p10;2;2;82;0.208;159.1648267;2.038660955;-17.04961717
18;sujet18;;2;50;1;alu;3;p10;3;3;83;0.16;117.3117939;1.826197019;-9.838557035
18;sujet18;;2;50;1;alu;3;p10;4;4;84;0.124;96.84300165;2.369453804;3.363312056
18;sujet18;;2;50;1;alu;3;p10;5;5;85;0.12;89.9803687;2.170738235;-18.33822365
18;sujet18;;2;50;1;alu;3;p10;6;6;86;0.12;82.33796396;2.322090432;-16.38096216
18;sujet18;;2;50;1;alu;3;p10;7;7;87;0.12;98.19599362;2.262890118;-10.54622682
18;sujet18;;2;50;1;alu;3;p10;8;8;88;0.216;152.4327034;2.263840805;-7.169507181
18;sujet18;;2;50;1;alu;3;p10;9;9;89;0.2;142.8478034;2.487946656;21.48972281
18;sujet18;;2;50;1;alu;3;p10;10;10;90;0.144;123.3789268;2.53529717;-9.82389215
18;sujet18;;2;50;2;balsa;1;m10;1;1;91;0.228;142.141315;2.13375688;-25.2363208
18;sujet18;;2;50;2;balsa;1;m10;2;2;92;0.192;99.0586709;1.989071442;-19.98389893
18;sujet18;;2;50;2;balsa;1;m10;3;3;93;0.168;89.15933886;2.348975644;-4.977573588
18;sujet18;;2;50;2;balsa;1;m10;4;4;94;0.172;103.6609026;1.878621044;-6.331545289
18;sujet18;;2;50;2;balsa;1;m10;5;5;95;0.148;98.11898163;2.16930127;-5.141009452
18;sujet18;;2;50;2;balsa;1;m10;6;6;96;0.12;90.9297828;2.186596629;3.450185124
18;sujet18;;2;50;2;balsa;1;m10;7;7;97;0.096;78.9128054;1.892040325;-7.924635138
18;sujet18;;2;50;2;balsa;1;m10;8;8;98;0.104;57.73292868;2.00282958;-48.48195927
18;sujet18;;2;50;2;balsa;1;m10;9;9;99;0.132;96.92449851;2.118286885;15.59770654
18;sujet18;;2;50;2;balsa;1;m10;10;10;100;0.112;67.45691341;1.651931994;-6.962934946
18;sujet18;;2;50;2;balsa;2;0;1;1;101;0.288;158.1907222;1.725531151;-50.39415869
18;sujet18;;2;50;2;balsa;2;0;2;2;102;0.244;215.3277593;2.408433127;0.434704741
18;sujet18;;2;50;2;balsa;2;0;3;3;103;0.264;192.528088;2.089229122;0.041815977
18;sujet18;;2;50;2;balsa;2;0;4;4;104;0.128;112.3372798;2.188221167;-6.128781552
18;sujet18;;2;50;2;balsa;2;0;5;5;105;0.164;108.4418469;2.331924627;-18.00049588
18;sujet18;;2;50;2;balsa;2;0;6;6;106;0.196;171.2481265;2.683004999;-1.499327221
18;sujet18;;2;50;2;balsa;2;0;7;7;107;0.16;129.4681632;2.489678911;1.936965695
18;sujet18;;2;50;2;balsa;2;0;8;8;108;0.164;138.7663703;2.406037312;-11.10230453
18;sujet18;;2;50;2;balsa;2;0;9;9;109;0.236;171.3603769;2.425039456;-8.193428355
18;sujet18;;2;50;2;balsa;2;0;10;10;110;0.224;170.8780227;2.617434592;7.964334853
18;sujet18;;2;50;2;balsa;3;p10;1;1;111;0.24;215.9424685;1.93557577;-16.30096094
18;sujet18;;2;50;2;balsa;3;p10;2;2;112;0.172;119.2664283;2.013725099;-18.41298013
18;sujet18;;2;50;2;balsa;3;p10;3;3;113;0.228;182.4506411;2.408591749;-23.95194365
18;sujet18;;2;50;2;balsa;3;p10;4;4;114;0.2;135.1870142;2.083015497;-17.57104832
18;sujet18;;2;50;2;balsa;3;p10;5;5;115;0.368;223.2983572;2.244078888;-28.47859645
18;sujet18;;2;50;2;balsa;3;p10;6;6;116;0.252;180.7608198;2.917016215;19.37808945
18;sujet18;;2;50;2;balsa;3;p10;7;7;117;0.224;154.7342706;2.625087508;-1.154998428
18;sujet18;;2;50;2;balsa;3;p10;8;8;118;0.136;114.7476064;2.631540706;8.784680617
18;sujet18;;2;50;2;balsa;3;p10;9;9;119;0.22;153.1483766;2.553326108;3.130508371
18;sujet18;;2;50;2;balsa;3;p10;10;10;120;0.144;125.5046466;2.498683682;11.78988805
19;sujet19;;1;25;1;alu;1;m10;1;1;1;0.156;76.02458998;1.334292578;-31.61001461
19;sujet19;;1;25;1;alu;1;m10;2;2;2;0.084;38.49790279;1.035063401;-10.03045902
19;sujet19;;1;25;1;alu;1;m10;3;3;3;0.12;49.37567639;1.197316433;-19.52287712
19;sujet19;;1;25;1;alu;1;m10;4;4;4;0.164;56.83025278;1.331876277;3.43922868
19;sujet19;;1;25;1;alu;1;m10;5;5;5;0.212;65.14963117;1.307186287;-54.7154635
19;sujet19;;1;25;1;alu;1;m10;6;6;6;0.212;91.62666967;1.118622887;6.418011392
19;sujet19;;1;25;1;alu;1;m10;7;7;7;0.288;88.37425416;1.667710442;35.15727064
19;sujet19;;1;25;1;alu;1;m10;8;8;8;0.208;63.44637411;1.342602842;-27.60144449
19;sujet19;;1;25;1;alu;1;m10;9;9;9;0.216;104.7657948;1.422995253;-5.23642385
19;sujet19;;1;25;1;alu;1;m10;10;10;10;0.22;92.29332596;1.276334582;12.12352331
19;sujet19;;1;25;1;alu;2;0;1;1;11;0.136;107.4808913;1.880544882;-51.50890425
19;sujet19;;1;25;1;alu;2;0;2;2;12;0.12;86.85134466;1.619091219;-31.12683274
19;sujet19;;1;25;1;alu;2;0;3;3;13;0.16;96.9767314;1.970967564;-20.81245791
19;sujet19;;1;25;1;alu;2;0;4;4;14;0.168;90.84268388;1.618906181;-19.30637825
19;sujet19;;1;25;1;alu;2;0;5;5;15;0.256;97.67276823;1.493724589;-7.748857275
19;sujet19;;1;25;1;alu;2;0;6;6;16;0.22;101.7825966;1.214296608;-28.48303012
19;sujet19;;1;25;1;alu;2;0;7;7;17;0.132;105.3942875;1.916845397;17.54110514
19;sujet19;;1;25;1;alu;2;0;8;8;18;0.192;110.7112054;2.329361219;16.19853481
19;sujet19;;1;25;1;alu;2;0;9;9;19;0.148;89.4658078;1.715164883;-29.21288785
19;sujet19;;1;25;1;alu;2;0;10;10;20;0.2;108.8232094;1.840587442;7.446399369
19;sujet19;;1;25;1;alu;3;p10;1;1;21;0.096;41.10320447;1.644937173;-14.78633404
19;sujet19;;1;25;1;alu;3;p10;2;2;22;0.148;84.97908463;1.708554813;-1.273896086
19;sujet19;;1;25;1;alu;3;p10;3;3;23;0.18;94.53301825;1.677731219;-12.46024728
19;sujet19;;1;25;1;alu;3;p10;4;4;24;0.124;109.1786989;2.134954991;-3.711612028
19;sujet19;;1;25;1;alu;3;p10;5;5;25;0.12;98.4950706;2.018084745;-30.12050093
19;sujet19;;1;25;1;alu;3;p10;6;6;26;0.14;109.9758452;2.00240068;-19.39931318
19;sujet19;;1;25;1;alu;3;p10;7;7;27;0.14;132.7729892;2.455918465;-1.256475353
19;sujet19;;1;25;1;alu;3;p10;8;8;28;0.2;185.1400005;2.440216781;16.89647364
19;sujet19;;1;25;1;alu;3;p10;9;9;29;0.18;186.5681459;2.16907765;-23.6004965
19;sujet19;;1;25;1;alu;3;p10;10;10;30;0.176;162.2431069;2.233206675;7.125192237
19;sujet19;;1;25;2;balsa;1;m10;1;1;31;0.092;34.86931514;1.081569755;-21.5560118
19;sujet19;;1;25;2;balsa;1;m10;2;2;32;0.08;35.54109802;0.911567289;-26.91547158
19;sujet19;;1;25;2;balsa;1;m10;3;3;33;0.124;65.11982549;1.846185142;-22.75351135
19;sujet19;;1;25;2;balsa;1;m10;4;4;34;0.236;76.29528051;2.013340061;-0.844890001
19;sujet19;;1;25;2;balsa;1;m10;5;5;35;0.208;98.73290491;2.003470503;16.01591246
19;sujet19;;1;25;2;balsa;1;m10;6;6;36;0.216;72.52824194;1.159243337;-1.516089084
19;sujet19;;1;25;2;balsa;1;m10;7;7;37;0.132;90.08143206;2.013764637;-0.813190517
19;sujet19;;1;25;2;balsa;1;m10;8;8;38;0.168;105.5804146;1.580157768;-11.47279344
19;sujet19;;1;25;2;balsa;1;m10;9;9;39;0.148;66.81817166;1.401516148;10.45237758
19;sujet19;;1;25;2;balsa;1;m10;10;10;40;0.284;88.59995165;1.421498932;58.88214533
19;sujet19;;1;25;2;balsa;2;0;1;1;41;0.128;76.63511513;1.410506586;-24.38369161
19;sujet19;;1;25;2;balsa;2;0;2;2;42;0.136;70.93394716;1.637089814;-10.14786092
19;sujet19;;1;25;2;balsa;2;0;3;3;43;0.14;102.5155769;1.555626039;-16.81681986
19;sujet19;;1;25;2;balsa;2;0;4;4;44;0.152;127.6200365;2.503705305;-18.41890598
19;sujet19;;1;25;2;balsa;2;0;5;5;45;0.164;119.7449669;2.016148361;-0.396352192
19;sujet19;;1;25;2;balsa;2;0;6;6;46;0.2;150.8119323;1.86288716;-16.01839763
19;sujet19;;1;25;2;balsa;2;0;7;7;47;0.148;117.9666937;2.320629301;25.20849244
19;sujet19;;1;25;2;balsa;2;0;8;8;48;0.18;110.3752229;1.683164566;-34.70902831
19;sujet19;;1;25;2;balsa;2;0;9;9;49;0.14;96.14430428;2.043338319;-0.92495823
19;sujet19;;1;25;2;balsa;2;0;10;10;50;0.116;91.96065372;1.828292988;-7.736925804
19;sujet19;;1;25;2;balsa;3;p10;1;1;51;0.14;83.04661051;1.495333532;-24.2292549
19;sujet19;;1;25;2;balsa;3;p10;2;2;52;0.104;71.94091333;1.819235448;-6.44495203
19;sujet19;;1;25;2;balsa;3;p10;3;3;53;0.12;88.34286107;1.98008057;-15.21442212
19;sujet19;;1;25;2;balsa;3;p10;4;4;54;0.128;97.37770218;2.062794538;-16.24761011
19;sujet19;;1;25;2;balsa;3;p10;5;5;55;0.136;111.8270882;2.192416895;-8.835460779
19;sujet19;;1;25;2;balsa;3;p10;6;6;56;0.152;133.4079765;2.474356861;14.80641238
19;sujet19;;1;25;2;balsa;3;p10;7;7;57;0.132;143.0635027;2.414182694;-4.525747649
19;sujet19;;1;25;2;balsa;3;p10;8;8;58;0.176;182.2797086;2.886023815;-16.091286
19;sujet19;;1;25;2;balsa;3;p10;9;9;59;0.124;115.9385847;2.452606578;-9.468719331
19;sujet19;;1;25;2;balsa;3;p10;10;10;60;0.148;128.5477115;2.416969374;26.15201301
19;sujet19;;2;50;1;alu;1;m10;1;1;61;0.108;103.2199771;1.956552382;-12.33285146
19;sujet19;;2;50;1;alu;1;m10;2;2;62;0.152;141.4969022;2.265578551;-14.92946909
19;sujet19;;2;50;1;alu;1;m10;3;3;63;0.128;132.9449945;2.72098429;34.75654549
19;sujet19;;2;50;1;alu;1;m10;4;4;64;0.152;136.495135;2.276698314;-6.823758305
19;sujet19;;2;50;1;alu;1;m10;5;5;65;0.152;99.51654167;2.060668973;-1.122716925
19;sujet19;;2;50;1;alu;1;m10;6;6;66;0.152;95.36444871;2.24247177;-4.473225436
19;sujet19;;2;50;1;alu;1;m10;7;7;67;0.116;92.10060926;1.635071772;-2.467788373
19;sujet19;;2;50;1;alu;1;m10;8;8;68;0.128;102.429116;2.106026396;7.986736804
19;sujet19;;2;50;1;alu;1;m10;9;9;69;0.128;99.32930465;1.869010908;1.688862097
19;sujet19;;2;50;1;alu;1;m10;10;10;70;0.128;107.8750306;2.004867665;-13.5231854
19;sujet19;;2;50;1;alu;2;0;1;1;71;0.096;90.76718367;2.637380212;10.89242303
19;sujet19;;2;50;1;alu;2;0;2;2;72;0.136;105.2136647;2.393205309;-25.31491643
19;sujet19;;2;50;1;alu;2;0;3;3;73;0.124;118.2043926;2.479478105;-13.7172834
19;sujet19;;2;50;1;alu;2;0;4;4;74;0.164;118.5877772;2.171349627;-16.85443849
19;sujet19;;2;50;1;alu;2;0;5;5;75;0.144;126.5793903;3.059373291;9.476487323
19;sujet19;;2;50;1;alu;2;0;6;6;76;0.132;134.0060916;2.434310824;-26.44801529
19;sujet19;;2;50;1;alu;2;0;7;7;77;0.228;152.4234876;2.525473607;-13.37736677
19;sujet19;;2;50;1;alu;2;0;8;8;78;0.168;126.9412562;2.77662368;-21.54454784
19;sujet19;;2;50;1;alu;2;0;9;9;79;0.124;134.9962835;2.739213691;-0.690813112
19;sujet19;;2;50;1;alu;2;0;10;10;80;0.144;137.5712128;2.381195738;0.746253091
19;sujet19;;2;50;1;alu;3;p10;1;1;81;0.128;98.95390023;2.528493301;-30.4560248
19;sujet19;;2;50;1;alu;3;p10;2;2;82;0.104;153.5613011;3.385856363;-2.46750176
19;sujet19;;2;50;1;alu;3;p10;3;3;83;0.148;186.3597978;2.899247045;7.455220046
19;sujet19;;2;50;1;alu;3;p10;4;4;84;0.16;158.3215668;3.027804765;1.0546588
19;sujet19;;2;50;1;alu;3;p10;5;5;85;0.152;173.3444141;2.988417343;9.106547694
19;sujet19;;2;50;1;alu;3;p10;6;6;86;0.12;152.7421058;2.996646345;-7.271425558
19;sujet19;;2;50;1;alu;3;p10;7;7;87;0.108;126.3189328;2.856983106;-4.216874877
19;sujet19;;2;50;1;alu;3;p10;8;8;88;0.124;154.4232617;2.490971544;11.51100546
19;sujet19;;2;50;1;alu;3;p10;9;9;89;0.128;129.9948889;2.461412893;-0.958400502
19;sujet19;;2;50;1;alu;3;p10;10;10;90;0.104;125.0320298;2.741435737;-9.73220425
19;sujet19;;2;50;2;balsa;1;m10;1;1;91;0.108;128.1862411;2.461862805;-14.86752816
19;sujet19;;2;50;2;balsa;1;m10;2;2;92;0.14;145.9786147;2.663920013;-12.45184385
19;sujet19;;2;50;2;balsa;1;m10;3;3;93;0.136;135.7550171;2.380484469;-25.69370078
19;sujet19;;2;50;2;balsa;1;m10;4;4;94;0.116;138.4642365;2.729815785;2.068180414
19;sujet19;;2;50;2;balsa;1;m10;5;5;95;0.132;128.289136;2.497738482;18.22344065
19;sujet19;;2;50;2;balsa;1;m10;6;6;96;0.148;116.8246934;2.204588638;8.708006661
19;sujet19;;2;50;2;balsa;1;m10;7;7;97;0.148;124.1819952;2.110331992;-4.209051849
19;sujet19;;2;50;2;balsa;1;m10;8;8;98;0.108;106.2523538;2.544151414;5.569461903
19;sujet19;;2;50;2;balsa;1;m10;9;9;99;0.176;142.2531935;2.197468984;-12.40353916
19;sujet19;;2;50;2;balsa;1;m10;10;10;100;0.136;115.7136197;2.273208192;2.193445338
19;sujet19;;2;50;2;balsa;2;0;1;1;101;0.124;137.7472549;2.757174795;-27.5551708
19;sujet19;;2;50;2;balsa;2;0;2;2;102;0.128;173.9721943;2.969809866;-19.76294551
19;sujet19;;2;50;2;balsa;2;0;3;3;103;0.132;157.5248768;2.678933988;-17.89360541
19;sujet19;;2;50;2;balsa;2;0;4;4;104;0.124;156.7953474;3.129206341;21.56788739
19;sujet19;;2;50;2;balsa;2;0;5;5;105;0.148;200.1919215;2.919382279;0.412553451
19;sujet19;;2;50;2;balsa;2;0;6;6;106;0.124;150.6538681;3.199883004;-15.96466287
19;sujet19;;2;50;2;balsa;2;0;7;7;107;0.124;161.0798287;2.901997258;-2.883977723
19;sujet19;;2;50;2;balsa;2;0;8;8;108;0.12;131.20772;2.966107435;10.84510921
19;sujet19;;2;50;2;balsa;2;0;9;9;109;0.112;130.3402429;2.488533595;6.412766191
19;sujet19;;2;50;2;balsa;2;0;10;10;110;0.14;125.3668224;2.270745769;-14.85069554
19;sujet19;;2;50;2;balsa;3;p10;1;1;111;0.132;136.2885151;2.704468368;-18.6807345
19;sujet19;;2;50;2;balsa;3;p10;2;2;112;0.112;170.6490175;3.265910398;9.876409988
19;sujet19;;2;50;2;balsa;3;p10;3;3;113;0.12;156.3384889;3.194428607;6.404362189
19;sujet19;;2;50;2;balsa;3;p10;4;4;114;0.132;156.3182837;2.999186791;-0.31320408
19;sujet19;;2;50;2;balsa;3;p10;5;5;115;0.116;132.8755915;2.886593204;-10.20038261
19;sujet19;;2;50;2;balsa;3;p10;6;6;116;0.136;125.3191119;2.841429606;2.661885345
19;sujet19;;2;50;2;balsa;3;p10;7;7;117;0.124;114.0527475;2.534591886;13.298975
19;sujet19;;2;50;2;balsa;3;p10;8;8;118;0.116;121.6448386;3.102118368;-15.00027952
19;sujet19;;2;50;2;balsa;3;p10;9;9;119;0.112;137.851263;2.758049371;-7.168210019
19;sujet19;;2;50;2;balsa;3;p10;10;10;120;0.124;148.600211;2.651986319;13.83632783
20;sujet20;;1;25;1;alu;1;m10;1;1;1;0.14;106.6167278;1.502887535;15.10899956
20;sujet20;;1;25;1;alu;1;m10;2;2;2;0.132;107.2491734;1.691249986;6.120131245
20;sujet20;;1;25;1;alu;1;m10;3;3;3;0.168;130.1954529;2.071161085;76.29639926
20;sujet20;;1;25;1;alu;1;m10;4;4;4;0.164;100.6597804;1.560129135;4.144836876
20;sujet20;;1;25;1;alu;1;m10;5;5;5;0.176;132.0090939;2.137629789;46.62298453
20;sujet20;;1;25;1;alu;1;m10;6;6;6;0.168;102.3468166;1.668848166;-16.70179852
20;sujet20;;1;25;1;alu;1;m10;7;7;7;0.172;149.5639886;2.230108967;32.24478202
20;sujet20;;1;25;1;alu;1;m10;8;8;8;0.156;123.2433536;1.946371988;12.77708575
20;sujet20;;1;25;1;alu;1;m10;9;9;9;0.164;126.2815266;2.100304553;35.6419143
20;sujet20;;1;25;1;alu;1;m10;10;10;10;0.172;115.6206731;1.783148057;-5.631330197
20;sujet20;;1;25;1;alu;2;0;1;1;11;0.156;183.1158466;2.207321146;57.44980576
20;sujet20;;1;25;1;alu;2;0;2;2;12;0.204;156.7066076;1.563696638;-25.43466788
20;sujet20;;1;25;1;alu;2;0;3;3;13;0.188;162.0805273;1.888983979;24.41376977
20;sujet20;;1;25;1;alu;2;0;4;4;14;0.18;153.5245853;1.862378553;23.35367849
20;sujet20;;1;25;1;alu;2;0;5;5;15;0.184;181.4490456;1.792597548;12.46858902
20;sujet20;;1;25;1;alu;2;0;6;6;16;0.196;187.5771501;2.000455377;34.37791056
20;sujet20;;1;25;1;alu;2;0;7;7;17;0.244;176.6166946;2.054939039;22.11516103
20;sujet20;;1;25;1;alu;2;0;8;8;18;0.196;169.1817704;2.148789908;46.31566649
20;sujet20;;1;25;1;alu;2;0;9;9;19;0.18;157.8400729;2.202255804;9.13223509
20;sujet20;;1;25;1;alu;2;0;10;10;20;0.18;176.3704322;2.654200551;40.770542
20;sujet20;;1;25;1;alu;3;p10;1;1;21;0.132;156.3464184;2.18117665;24.37246676
20;sujet20;;1;25;1;alu;3;p10;2;2;22;0.164;189.0471019;2.730303978;-1.064937725
20;sujet20;;1;25;1;alu;3;p10;3;3;23;0.168;216.5856151;3.060384586;6.513892774
20;sujet20;;1;25;1;alu;3;p10;4;4;24;0.172;224.4902457;2.956580646;44.64042475
20;sujet20;;1;25;1;alu;3;p10;5;5;25;0.196;237.9757986;2.789333721;7.802379851
20;sujet20;;1;25;1;alu;3;p10;6;6;26;0.196;208.3334212;2.317046692;19.42332823
20;sujet20;;1;25;1;alu;3;p10;7;7;27;0.16;210.7154027;2.794268347;37.42943893
20;sujet20;;1;25;1;alu;3;p10;8;8;28;0.16;253.2601984;2.573065102;29.40210294
20;sujet20;;1;25;1;alu;3;p10;9;9;29;0.192;253.532277;3.002633698;8.690939786
20;sujet20;;1;25;1;alu;3;p10;10;10;30;0.172;237.9781792;2.706733288;52.07054112
20;sujet20;;1;25;2;balsa;1;m10;1;1;31;0.144;110.3717158;1.122170977;-81.04853978
20;sujet20;;1;25;2;balsa;1;m10;2;2;32;0.164;136.6496771;1.441624441;-51.99727264
20;sujet20;;1;25;2;balsa;1;m10;3;3;33;0.184;195.7938315;1.513561913;-35.10470697
20;sujet20;;1;25;2;balsa;1;m10;4;4;34;0.196;180.0540281;1.593199644;8.190063747
20;sujet20;;1;25;2;balsa;1;m10;5;5;35;0.208;160.4260174;1.619223391;-39.93011233
20;sujet20;;1;25;2;balsa;1;m10;6;6;36;0.228;218.12193;1.587319985;3.657707431
20;sujet20;;1;25;2;balsa;1;m10;7;7;37;0.188;187.4596977;2.394255449;35.37027406
20;sujet20;;1;25;2;balsa;1;m10;8;8;38;0.18;161.798769;2.002248791;5.494737486
20;sujet20;;1;25;2;balsa;1;m10;9;9;39;0.212;149.3991099;1.508297761;-8.719291807
20;sujet20;;1;25;2;balsa;1;m10;10;10;40;0.22;175.6688629;1.997839691;60.76264917
20;sujet20;;1;25;2;balsa;2;0;1;1;41;0.184;254.474497;2.274203171;63.0122692
20;sujet20;;1;25;2;balsa;2;0;2;2;42;0.172;234.7779483;2.312355087;58.12076879
20;sujet20;;1;25;2;balsa;2;0;3;3;43;0.252;198.5693949;1.439230958;-52.20446162
20;sujet20;;1;25;2;balsa;2;0;4;4;44;0.204;188.0028618;1.841121295;-44.50809031
20;sujet20;;1;25;2;balsa;2;0;5;5;45;0.168;185.3158686;2.110320841;-0.246268876
20;sujet20;;1;25;2;balsa;2;0;6;6;46;0.172;197.4444457;2.021437209;3.298898898
20;sujet20;;1;25;2;balsa;2;0;7;7;47;0.188;215.5235172;2.417324311;71.70790889
20;sujet20;;1;25;2;balsa;2;0;8;8;48;0.204;187.6967268;1.974600024;-18.79413119
20;sujet20;;1;25;2;balsa;2;0;9;9;49;0.148;177.5097131;2.644693787;75.31606911
20;sujet20;;1;25;2;balsa;2;0;10;10;50;0.204;186.106348;2.009426212;-17.27170318
20;sujet20;;1;25;2;balsa;3;p10;1;1;51;0.172;178.2503055;2.160746052;4.814724585
20;sujet20;;1;25;2;balsa;3;p10;2;2;52;0.172;182.5936029;2.055230527;4.852845795
20;sujet20;;1;25;2;balsa;3;p10;3;3;53;0.188;198.570109;1.900347413;-6.665781845
20;sujet20;;1;25;2;balsa;3;p10;4;4;54;0.192;187.6532987;1.86755445;-7.144597465
20;sujet20;;1;25;2;balsa;3;p10;5;5;55;0.16;197.7765533;2.090979186;19.52413758
20;sujet20;;1;25;2;balsa;3;p10;6;6;56;0.184;194.5615032;2.281582099;25.9402597
20;sujet20;;1;25;2;balsa;3;p10;7;7;57;0.156;177.3592758;1.894952207;10.9291743
20;sujet20;;1;25;2;balsa;3;p10;8;8;58;0.184;194.471626;2.198006253;17.191784
20;sujet20;;1;25;2;balsa;3;p10;9;9;59;0.16;179.9620429;2.584439002;12.50331421
20;sujet20;;1;25;2;balsa;3;p10;10;10;60;0.168;202.6396737;2.197208007;21.58108416
20;sujet20;;2;50;1;alu;1;m10;1;1;61;0.18;192.0604051;2.119508867;1.090523364
20;sujet20;;2;50;1;alu;1;m10;2;2;62;0.176;183.3745252;1.9266188;20.61908248
20;sujet20;;2;50;1;alu;1;m10;3;3;63;0.172;158.5627267;2.483920805;0.843397716
20;sujet20;;2;50;1;alu;1;m10;4;4;64;0.168;162.5046352;2.335168918;37.64359056
20;sujet20;;2;50;1;alu;1;m10;5;5;65;0.156;147.7967296;2.408670437;-25.07800276
20;sujet20;;2;50;1;alu;1;m10;6;6;66;0.152;181.4915132;2.760556156;12.99388642
20;sujet20;;2;50;1;alu;1;m10;7;7;67;0.176;187.8236234;2.524848156;9.259816824
20;sujet20;;2;50;1;alu;1;m10;8;8;68;0.156;177.1228457;2.677787408;3.904520744
20;sujet20;;2;50;1;alu;1;m10;9;9;69;0.184;186.8225226;2.12920396;7.505504512
20;sujet20;;2;50;1;alu;1;m10;10;10;70;0.204;212.3593547;2.529665894;38.59083988
20;sujet20;;2;50;1;alu;2;0;1;1;71;0.156;191.3039832;2.468176871;1.979034984
20;sujet20;;2;50;1;alu;2;0;2;2;72;0.18;212.8648807;2.439665103;-5.422118767
20;sujet20;;2;50;1;alu;2;0;3;3;73;0.144;196.6049209;3.154928959;30.49856877
20;sujet20;;2;50;1;alu;2;0;4;4;74;0.172;217.5808839;2.965584402;31.75795852
20;sujet20;;2;50;1;alu;2;0;5;5;75;0.196;242.8166155;2.875810956;5.806639056
20;sujet20;;2;50;1;alu;2;0;6;6;76;0.164;227.4626751;3.168152074;10.49341397
20;sujet20;;2;50;1;alu;2;0;7;7;77;0.152;190.0725122;2.75159922;11.69745977
20;sujet20;;2;50;1;alu;2;0;8;8;78;0.128;172.1841745;3.427224353;23.29187387
20;sujet20;;2;50;1;alu;2;0;9;9;79;0.128;164.7443934;3.027993404;10.90399944
20;sujet20;;2;50;1;alu;2;0;10;10;80;0.156;187.6948689;3.071404458;19.11029767
20;sujet20;;2;50;1;alu;3;p10;1;1;81;0.14;208.3214989;2.196053529;-8.593586115
20;sujet20;;2;50;1;alu;3;p10;2;2;82;0.14;220.785852;2.631001323;-15.4666915
20;sujet20;;2;50;1;alu;3;p10;3;3;83;0.156;240.647732;2.952155513;30.22548027
20;sujet20;;2;50;1;alu;3;p10;4;4;84;0.18;278.6526022;2.533797975;-9.715605242
20;sujet20;;2;50;1;alu;3;p10;5;5;85;0.192;267.7201625;2.753384149;2.421385554
20;sujet20;;2;50;1;alu;3;p10;6;6;86;0.284;240.4738309;2.812210601;42.99879062
20;sujet20;;2;50;1;alu;3;p10;7;7;87;0.16;221.0221335;2.455096265;-18.41943062
20;sujet20;;2;50;1;alu;3;p10;8;8;88;0.152;257.1429431;3.250568726;9.5359096
20;sujet20;;2;50;1;alu;3;p10;9;9;89;0.14;247.6185649;2.840142581;24.08975552
20;sujet20;;2;50;1;alu;3;p10;10;10;90;0.176;247.7474349;2.291797485;-16.28159522
20;sujet20;;2;50;2;balsa;1;m10;1;1;91;0.136;184.5660439;2.711697998;32.19682655
20;sujet20;;2;50;2;balsa;1;m10;2;2;92;0.168;181.0532996;1.804093935;-34.25540778
20;sujet20;;2;50;2;balsa;1;m10;3;3;93;0.276;197.8732999;2.622652259;-0.787203322
20;sujet20;;2;50;2;balsa;1;m10;4;4;94;0.184;232.3422585;2.438011211;11.54953251
20;sujet20;;2;50;2;balsa;1;m10;5;5;95;0.16;204.613353;2.771053426;6.295120933
20;sujet20;;2;50;2;balsa;1;m10;6;6;96;0.192;221.6961123;2.490128331;20.99544749
20;sujet20;;2;50;2;balsa;1;m10;7;7;97;0.148;158.9667632;2.280833064;17.89557988
20;sujet20;;2;50;2;balsa;1;m10;8;8;98;0.136;220.2804721;3.313059632;52.32214892
20;sujet20;;2;50;2;balsa;1;m10;9;9;99;0.196;230.7283477;2.013877355;-28.32933262
20;sujet20;;2;50;2;balsa;1;m10;10;10;100;0.188;224.6655101;3.143496096;6.09946724
20;sujet20;;2;50;2;balsa;2;0;1;1;101;0.144;230.2045614;2.732265153;1.548179415
20;sujet20;;2;50;2;balsa;2;0;2;2;102;0.136;252.1747764;3.188544241;20.8732095
20;sujet20;;2;50;2;balsa;2;0;3;3;103;0.14;219.3386083;3.303927067;-26.3022634
20;sujet20;;2;50;2;balsa;2;0;4;4;104;0.14;256.5343274;2.900823602;8.0329199
20;sujet20;;2;50;2;balsa;2;0;5;5;105;0.16;271.1497599;2.822938619;5.174658445
20;sujet20;;2;50;2;balsa;2;0;6;6;106;0.144;238.6786566;2.76472292;2.180877934
20;sujet20;;2;50;2;balsa;2;0;7;7;107;0.148;211.1220681;2.489433573;9.524848883
20;sujet20;;2;50;2;balsa;2;0;8;8;108;0.16;223.6335371;2.935586075;20.76921241
20;sujet20;;2;50;2;balsa;2;0;9;9;109;0.156;195.2338122;2.945062153;27.82803192
20;sujet20;;2;50;2;balsa;2;0;10;10;110;0.132;190.1084582;2.971757274;7.011953522
20;sujet20;;2;50;2;balsa;3;p10;1;1;111;0.156;217.553377;2.552338624;-0.797081057
20;sujet20;;2;50;2;balsa;3;p10;2;2;112;0.144;216.9120022;2.796679023;5.24474232
20;sujet20;;2;50;2;balsa;3;p10;3;3;113;0.132;211.6020001;3.360376111;-2.495566963
20;sujet20;;2;50;2;balsa;3;p10;4;4;114;0.168;268.8265292;3.23505546;4.352799894
20;sujet20;;2;50;2;balsa;3;p10;5;5;115;0.156;278.0206963;3.047015704;15.47802401
20;sujet20;;2;50;2;balsa;3;p10;6;6;116;0.152;236.0222321;3.6955649;25.88158105
20;sujet20;;2;50;2;balsa;3;p10;7;7;117;0.16;234.3954575;3.351332733;-13.68496657
20;sujet20;;2;50;2;balsa;3;p10;8;8;118;0.16;248.8983208;3.306443504;11.70719282
20;sujet20;;2;50;2;balsa;3;p10;9;9;119;0.172;226.1449846;3.478338271;-12.67758217
20;sujet20;;2;50;2;balsa;3;p10;10;10;120;0.164;261.7562585;3.169397721;-3.542806816
21;sujet21;;1;25;1;alu;1;m10;1;1;1;0.196;158.6036987;1.69816785;126.0483604
21;sujet21;;1;25;1;alu;1;m10;2;2;2;0.164;104.3628214;1.706403116;36.25627021
21;sujet21;;1;25;1;alu;1;m10;3;3;3;0.18;134.1869357;1.113137769;13.45555442
21;sujet21;;1;25;1;alu;1;m10;4;4;4;0.172;107.9825515;1.189701334;27.78108187
21;sujet21;;1;25;1;alu;1;m10;5;5;5;0.16;87.04763461;1.25826548;8.342017412
21;sujet21;;1;25;1;alu;1;m10;6;6;6;0.188;117.9044293;1.244612571;20.73251997
21;sujet21;;1;25;1;alu;1;m10;7;7;7;0.168;106.6189691;1.098899014;-26.10769555
21;sujet21;;1;25;1;alu;1;m10;8;8;8;0.18;129.9855951;1.326942307;7.775375332
21;sujet21;;1;25;1;alu;1;m10;9;9;9;0.192;133.7294847;1.195921167;-25.94568931
21;sujet21;;1;25;1;alu;1;m10;10;10;10;0.16;99.39947412;0.965060299;9.748591765
21;sujet21;;1;25;1;alu;2;0;1;1;11;0.18;146.301539;1.546466295;1.937321964
21;sujet21;;1;25;1;alu;2;0;2;2;12;0.156;130.9037267;1.739908989;24.63532558
21;sujet21;;1;25;1;alu;2;0;3;3;13;0.172;131.2934868;1.487634604;1.551480412
21;sujet21;;1;25;1;alu;2;0;4;4;14;0.184;162.3845048;1.356532464;-31.2269667
21;sujet21;;1;25;1;alu;2;0;5;5;15;0.164;154.111816;1.469160054;-26.97923182
21;sujet21;;1;25;1;alu;2;0;6;6;16;0.156;155.0242792;1.695701145;-1.084818252
21;sujet21;;1;25;1;alu;2;0;7;7;17;0.136;111.7283175;1.767707103;36.42555948
21;sujet21;;1;25;1;alu;2;0;8;8;18;0.16;140.7511463;1.773366362;32.10022109
21;sujet21;;1;25;1;alu;2;0;9;9;19;0.18;125.0410766;1.514514491;13.68671624
21;sujet21;;1;25;1;alu;2;0;10;10;20;0.172;122.7948083;1.410038347;3.65689291
21;sujet21;;1;25;1;alu;3;p10;1;1;21;0.176;159.3148536;1.544356776;-26.2547547
21;sujet21;;1;25;1;alu;3;p10;2;2;22;0.148;187.2761974;2.305764288;54.48192191
21;sujet21;;1;25;1;alu;3;p10;3;3;23;0.144;133.5926527;1.862773456;42.54468309
21;sujet21;;1;25;1;alu;3;p10;4;4;24;0.156;151.954575;2.28653168;59.35812925
21;sujet21;;1;25;1;alu;3;p10;5;5;25;0.14;117.8998526;1.776248346;-16.48392127
21;sujet21;;1;25;1;alu;3;p10;6;6;26;0.192;181.5190841;1.656759707;-49.06639118
21;sujet21;;1;25;1;alu;3;p10;7;7;27;0.184;169.1313441;1.517648547;-9.693649943
21;sujet21;;1;25;1;alu;3;p10;8;8;28;0.16;136.5780562;1.694353052;-4.479386717
21;sujet21;;1;25;1;alu;3;p10;9;9;29;0.148;111.7986058;2.064237201;39.96166287
21;sujet21;;1;25;1;alu;3;p10;10;10;30;0.12;89.27905811;1.408483094;-11.09966791
21;sujet21;;1;25;2;balsa;1;m10;1;1;31;0.14;154.2848041;1.593932218;21.94799457
21;sujet21;;1;25;2;balsa;1;m10;2;2;32;0.164;162.8058651;1.781812318;42.81395192
21;sujet21;;1;25;2;balsa;1;m10;3;3;33;0.188;183.6933191;1.454093115;-27.66100201
21;sujet21;;1;25;2;balsa;1;m10;4;4;34;0.172;152.4431259;2.052403083;46.9594358
21;sujet21;;1;25;2;balsa;1;m10;5;5;35;0.136;127.734458;1.73821092;35.86752051
21;sujet21;;1;25;2;balsa;1;m10;6;6;36;0.148;148.4121907;1.647883116;-0.495499961
21;sujet21;;1;25;2;balsa;1;m10;7;7;37;0.156;154.8796993;1.909870167;105.6664922
21;sujet21;;1;25;2;balsa;1;m10;8;8;38;0.172;147.5555087;1.468307786;5.454086614
21;sujet21;;1;25;2;balsa;1;m10;9;9;39;0.18;161.5771455;1.443453157;-11.65264081
21;sujet21;;1;25;2;balsa;1;m10;10;10;40;0.172;171.6072866;1.818421766;34.38274402
21;sujet21;;1;25;2;balsa;2;0;1;1;41;0.16;96.97151946;5.140835391;-20.96709682
21;sujet21;;1;25;2;balsa;2;0;2;2;42;0.168;171.5984978;1.952644441;-44.43962055
21;sujet21;;1;25;2;balsa;2;0;3;3;43;0.308;299.6397297;1.55044867;-39.16470313
21;sujet21;;1;25;2;balsa;2;0;4;4;44;0.188;265.7163561;2.251742705;58.67121859
21;sujet21;;1;25;2;balsa;2;0;5;5;45;0.216;206.5238311;2.7709889;-14.76227842
21;sujet21;;1;25;2;balsa;2;0;6;6;46;0.184;220.2539903;1.962954535;26.11136367
21;sujet21;;1;25;2;balsa;2;0;7;7;47;0.172;222.4080748;1.733422548;-41.32153764
21;sujet21;;1;25;2;balsa;2;0;8;8;48;0.148;171.7377669;1.726357103;7.352963403
21;sujet21;;1;25;2;balsa;2;0;9;9;49;0.14;148.6821463;2.253846531;22.22470186
21;sujet21;;1;25;2;balsa;2;0;10;10;50;0.132;127.746413;2.028086675;-32.60527257
21;sujet21;;1;25;2;balsa;3;p10;1;1;51;0.156;169.8817446;2.290923068;29.19854348
21;sujet21;;1;25;2;balsa;3;p10;2;2;52;0.14;156.3541;2.365196464;32.26467056
21;sujet21;;1;25;2;balsa;3;p10;3;3;53;0.144;147.0371175;1.714065501;-58.71390348
21;sujet21;;1;25;2;balsa;3;p10;4;4;54;0.112;106.5930816;2.133834065;7.078032185
21;sujet21;;1;25;2;balsa;3;p10;5;5;55;0.14;132.9637434;1.968511493;-46.94770724
21;sujet21;;1;25;2;balsa;3;p10;6;6;56;0.148;158.6934238;2.20164485;-17.70305432
21;sujet21;;1;25;2;balsa;3;p10;7;7;57;0.128;135.9022749;2.202469004;49.75976034
21;sujet21;;1;25;2;balsa;3;p10;8;8;58;0.148;129.7539157;1.789043337;-0.836195253
21;sujet21;;1;25;2;balsa;3;p10;9;9;59;0.12;128.8412573;1.925343675;-9.938208579
21;sujet21;;1;25;2;balsa;3;p10;10;10;60;0.136;132.2965351;1.795427483;35.87315877
21;sujet21;;2;50;1;alu;1;m10;1;1;61;0.204;187.023841;2.064986849;50.79426673
21;sujet21;;2;50;1;alu;1;m10;2;2;62;0.176;159.0862506;1.585770373;-8.279248147
21;sujet21;;2;50;1;alu;1;m10;3;3;63;0.156;134.1992368;1.662537557;-0.405967204
21;sujet21;;2;50;1;alu;1;m10;4;4;64;0.164;134.0569343;1.708300345;-2.3759087
21;sujet21;;2;50;1;alu;1;m10;5;5;65;0.172;136.0021491;1.664686152;-10.60325703
21;sujet21;;2;50;1;alu;1;m10;6;6;66;0.164;138.4578973;1.757086883;-6.10848549
21;sujet21;;2;50;1;alu;1;m10;7;7;67;0.208;157.3322602;1.704336653;-8.08430541
21;sujet21;;2;50;1;alu;1;m10;8;8;68;0.176;146.1099066;1.74031343;5.316715626
21;sujet21;;2;50;1;alu;1;m10;9;9;69;0.128;118.8108368;1.485604936;-36.22617091
21;sujet21;;2;50;1;alu;1;m10;10;10;70;0.196;181.7827125;1.873200974;-4.803635926
21;sujet21;;2;50;1;alu;2;0;1;1;71;0.16;188.9260354;1.926506065;15.43698884
21;sujet21;;2;50;1;alu;2;0;2;2;72;0.148;186.7512176;2.483609382;2.232090726
21;sujet21;;2;50;1;alu;2;0;3;3;73;0.168;178.169956;2.211018208;-24.23271862
21;sujet21;;2;50;1;alu;2;0;4;4;74;0.16;195.6486457;1.9719449;-10.10897559
21;sujet21;;2;50;1;alu;2;0;5;5;75;0.16;183.2034313;2.260743576;5.621506707
21;sujet21;;2;50;1;alu;2;0;6;6;76;0.2;170.3025496;2.016860667;-0.993450676
21;sujet21;;2;50;1;alu;2;0;7;7;77;0.184;211.8603024;2.118088372;-4.915011379
21;sujet21;;2;50;1;alu;2;0;8;8;78;0.16;176.3753049;2.593311224;3.344355365
21;sujet21;;2;50;1;alu;2;0;9;9;79;0.16;158.4110029;1.999369544;-1.547865062
21;sujet21;;2;50;1;alu;2;0;10;10;80;0.168;162.0371125;2.210870612;13.31975203
21;sujet21;;2;50;1;alu;3;p10;1;1;81;0.176;234.3306906;2.485521906;-14.33004662
21;sujet21;;2;50;1;alu;3;p10;2;2;82;0.184;261.0633401;3.187876987;14.97399032
21;sujet21;;2;50;1;alu;3;p10;3;3;83;0.184;177.1522092;2.506020104;8.541608064
21;sujet21;;2;50;1;alu;3;p10;4;4;84;0.168;184.562095;2.571799798;2.117565499
21;sujet21;;2;50;1;alu;3;p10;5;5;85;0.176;165.8731505;2.260683345;-17.85265846
21;sujet21;;2;50;1;alu;3;p10;6;6;86;0.148;162.7301234;2.44572363;-8.114863823
21;sujet21;;2;50;1;alu;3;p10;7;7;87;0.168;182.7132021;2.300050941;6.878214175
21;sujet21;;2;50;1;alu;3;p10;8;8;88;0.164;160.7952757;1.985758992;-26.91807836
21;sujet21;;2;50;1;alu;3;p10;9;9;89;0.14;119.6602331;2.355108609;15.36657614
21;sujet21;;2;50;1;alu;3;p10;10;10;90;0.188;155.7051014;2.556160105;-27.0943692
21;sujet21;;2;50;2;balsa;1;m10;1;1;91;0.204;223.7833413;2.105958559;14.50790136
21;sujet21;;2;50;2;balsa;1;m10;2;2;92;0.204;214.0865773;2.268224378;21.5135752
21;sujet21;;2;50;2;balsa;1;m10;3;3;93;0.176;209.3260377;2.28501948;46.5479142
21;sujet21;;2;50;2;balsa;1;m10;4;4;94;0.176;187.3641312;2.018159659;-6.411494983
21;sujet21;;2;50;2;balsa;1;m10;5;5;95;0.2;194.0622336;2.072113746;0.84631108
21;sujet21;;2;50;2;balsa;1;m10;6;6;96;0.208;216.2692916;1.818161457;-14.04692924
21;sujet21;;2;50;2;balsa;1;m10;7;7;97;0.184;199.2930748;2.211630572;6.300575777
21;sujet21;;2;50;2;balsa;1;m10;8;8;98;0.2;233.9648455;2.092113932;2.201281401
21;sujet21;;2;50;2;balsa;1;m10;9;9;99;0.172;170.2037999;2.162480317;18.26050809
21;sujet21;;2;50;2;balsa;1;m10;10;10;100;0.168;173.7529497;1.954738318;-6.97475128
21;sujet21;;2;50;2;balsa;2;0;1;1;101;0.188;310.3966279;2.862716092;8.092015309
21;sujet21;;2;50;2;balsa;2;0;2;2;102;0.172;271.8783422;2.3132889;-22.52036612
21;sujet21;;2;50;2;balsa;2;0;3;3;103;0.192;280.589898;2.714889569;-16.34449207
21;sujet21;;2;50;2;balsa;2;0;4;4;104;0.16;286.429598;2.848303475;10.14948803
21;sujet21;;2;50;2;balsa;2;0;5;5;105;0.172;259.9878157;2.52475859;-7.280609165
21;sujet21;;2;50;2;balsa;2;0;6;6;106;0.144;226.1334818;2.887989063;31.4692844
21;sujet21;;2;50;2;balsa;2;0;7;7;107;0.168;192.6763905;2.168945948;0.862751648
21;sujet21;;2;50;2;balsa;2;0;8;8;108;0.188;254.9672116;2.395026817;-5.657052108
21;sujet21;;2;50;2;balsa;2;0;9;9;109;0.18;219.0307462;2.375833521;-14.36504232
21;sujet21;;2;50;2;balsa;2;0;10;10;110;0.18;227.6801283;2.446837533;-12.83803206
21;sujet21;;2;50;2;balsa;3;p10;1;1;111;0.184;255.4651661;3.034710402;-3.136069188
21;sujet21;;2;50;2;balsa;3;p10;2;2;112;0.168;232.6679755;2.989064886;-20.44593819
21;sujet21;;2;50;2;balsa;3;p10;3;3;113;0.164;237.1343251;2.673930595;-1.867758018
21;sujet21;;2;50;2;balsa;3;p10;4;4;114;0.148;225.1792876;2.955692818;6.421968921
21;sujet21;;2;50;2;balsa;3;p10;5;5;115;0.156;207.4347698;2.822673163;35.49961452
21;sujet21;;2;50;2;balsa;3;p10;6;6;116;0.224;241.8847567;2.346417512;-35.99438016
21;sujet21;;2;50;2;balsa;3;p10;7;7;117;0.184;207.5396531;2.115398736;-10.81968316
21;sujet21;;2;50;2;balsa;3;p10;8;8;118;0.164;214.0909874;2.537480988;-5.958032098
21;sujet21;;2;50;2;balsa;3;p10;9;9;119;0.168;203.2233512;2.522264889;-11.10673301
21;sujet21;;2;50;2;balsa;3;p10;10;10;120;0.164;193.2482667;2.877364692;33.30703949
24;sujet24;;1;25;1;alu;1;m10;1;1;1;0.132;61.48257002;1.828904902;8.244419959
24;sujet24;;1;25;1;alu;1;m10;2;2;2;0.096;72.60329658;1.765955535;8.799618079
24;sujet24;;1;25;1;alu;1;m10;3;3;3;0.184;66.4351536;1.448057673;12.34214194
24;sujet24;;1;25;1;alu;1;m10;4;4;4;0.172;79.51959526;1.696964039;13.80914548
24;sujet24;;1;25;1;alu;1;m10;5;5;5;0.124;69.55364747;1.334872006;-29.15766313
24;sujet24;;1;25;1;alu;1;m10;6;6;6;0.14;86.67912697;1.683793179;-1.61386039
24;sujet24;;1;25;1;alu;1;m10;7;7;7;0.184;107.6633754;1.567196501;-3.185931531
24;sujet24;;1;25;1;alu;1;m10;8;8;8;0.124;94.00573004;1.779895296;28.60835298
24;sujet24;;1;25;1;alu;1;m10;9;9;9;0.172;79.56749723;1.569933051;-12.88254438
24;sujet24;;1;25;1;alu;1;m10;10;10;10;0.176;94.2707518;1.823461599;9.984335428
24;sujet24;;1;25;1;alu;2;0;1;1;11;0.176;137.002536;1.876885723;-23.02058061
24;sujet24;;1;25;1;alu;2;0;2;2;12;0.228;243.5463779;1.740279112;-28.70586535
24;sujet24;;1;25;1;alu;2;0;3;3;13;0.2;315.7408873;2.753311037;58.37694845
24;sujet24;;1;25;1;alu;2;0;4;4;14;0.216;205.4630068;2.288308791;-33.34756106
24;sujet24;;1;25;1;alu;2;0;5;5;15;0.252;238.8218872;2.047015548;50.06530457
24;sujet24;;1;25;1;alu;2;0;6;6;16;0.236;175.7712441;1.857310321;45.69634626
24;sujet24;;1;25;1;alu;2;0;7;7;17;0.136;100.9522395;2.121139328;17.58096357
24;sujet24;;1;25;1;alu;2;0;8;8;18;0.16;82.00650846;1.878877128;5.553203903
24;sujet24;;1;25;1;alu;2;0;9;9;19;0.096;73.24735977;1.621009836;-15.01633303
24;sujet24;;1;25;1;alu;2;0;10;10;20;0.076;58.8204458;1.939225236;-14.44363784
24;sujet24;;1;25;1;alu;3;p10;1;1;21;0.188;124.0174045;2.08239506;-20.8634966
24;sujet24;;1;25;1;alu;3;p10;2;2;22;0.208;191.4974873;2.227209139;8.765762312
24;sujet24;;1;25;1;alu;3;p10;3;3;23;0.224;203.5217186;2.579952207;74.09231293
24;sujet24;;1;25;1;alu;3;p10;4;4;24;0.184;141.3551109;2.254350281;0.396627356
24;sujet24;;1;25;1;alu;3;p10;5;5;25;0.112;99.37013979;2.376729564;49.19136354
24;sujet24;;1;25;1;alu;3;p10;6;6;26;0.204;80.16949913;1.447403498;-20.85772513
24;sujet24;;1;25;1;alu;3;p10;7;7;27;0.12;98.59259302;2.285952865;-10.69246496
24;sujet24;;1;25;1;alu;3;p10;8;8;28;0.276;124.3777341;1.961777997;-10.26882401
24;sujet24;;1;25;1;alu;3;p10;9;9;29;0.172;105.3021272;1.828470359;-22.07394497
24;sujet24;;1;25;1;alu;3;p10;10;10;30;0.196;126.832001;1.711841769;-15.3202633
24;sujet24;;1;25;2;balsa;1;m10;1;1;31;0.168;92.63456349;1.628585101;-2.474439133
24;sujet24;;1;25;2;balsa;1;m10;2;2;32;0.28;116.1456829;1.905979297;7.55508534
24;sujet24;;1;25;2;balsa;1;m10;3;3;33;0.252;111.7482231;1.406945014;11.33510497
24;sujet24;;1;25;2;balsa;1;m10;4;4;34;0.304;108.9652695;1.878654865;2.092121398
24;sujet24;;1;25;2;balsa;1;m10;5;5;35;0.236;145.8669332;2.104198719;45.46001208
24;sujet24;;1;25;2;balsa;1;m10;6;6;36;0.152;92.91393612;1.739199143;-6.327183981
24;sujet24;;1;25;2;balsa;1;m10;7;7;37;0.152;84.6200932;1.512746182;-17.06425069
24;sujet24;;1;25;2;balsa;1;m10;8;8;38;0.196;135.8092624;1.640224757;-18.65999715
24;sujet24;;1;25;2;balsa;1;m10;9;9;39;0.204;147.6806748;1.921239802;-11.01035607
24;sujet24;;1;25;2;balsa;1;m10;10;10;40;0.252;242.7872545;2.487032373;-22.30398938
24;sujet24;;1;25;2;balsa;2;0;1;1;41;0.208;159.6107641;2.302369107;-5.486814326
24;sujet24;;1;25;2;balsa;2;0;2;2;42;0.284;216.4102749;2.152065262;2.649835598
24;sujet24;;1;25;2;balsa;2;0;3;3;43;0.252;197.6408198;2.330017525;25.76564519
24;sujet24;;1;25;2;balsa;2;0;4;4;44;0.168;147.525991;2.035553726;-5.345085635
24;sujet24;;1;25;2;balsa;2;0;5;5;45;0.264;143.6467525;1.914932259;-9.010873509
24;sujet24;;1;25;2;balsa;2;0;6;6;46;0.192;116.5661129;2.014746024;6.375489503
24;sujet24;;1;25;2;balsa;2;0;7;7;47;0.232;154.8636773;2.09016628;-23.54096391
24;sujet24;;1;25;2;balsa;2;0;8;8;48;0.216;150.0882223;2.298064621;25.19623025
24;sujet24;;1;25;2;balsa;2;0;9;9;49;0.164;149.7740567;2.245404387;-6.625428313
24;sujet24;;1;25;2;balsa;2;0;10;10;50;0.196;187.415913;2.011557696;5.329276922
24;sujet24;;1;25;2;balsa;3;p10;1;1;51;0.268;183.6952132;2.270115804;-37.28945533
24;sujet24;;1;25;2;balsa;3;p10;2;2;52;0.256;217.3333356;2.890009531;-25.52008445
24;sujet24;;1;25;2;balsa;3;p10;3;3;53;0.224;337.5624802;3.224242578;31.34099105
24;sujet24;;1;25;2;balsa;3;p10;4;4;54;0.232;280.5806206;2.944508772;59.43020187
24;sujet24;;1;25;2;balsa;3;p10;5;5;55;0.276;203.1225465;3.104376773;42.8339456
24;sujet24;;1;25;2;balsa;3;p10;6;6;56;0.248;205.0800668;2.406245595;51.12216504
24;sujet24;;1;25;2;balsa;3;p10;7;7;57;0.26;119.6893141;1.861121127;6.894469862
24;sujet24;;1;25;2;balsa;3;p10;8;8;58;0.176;109.4805105;2.13382221;11.71158132
24;sujet24;;1;25;2;balsa;3;p10;9;9;59;0.18;139.0114434;2.360900848;-2.597043813
24;sujet24;;1;25;2;balsa;3;p10;10;10;60;0.176;126.4008016;2.696553385;36.89557791
24;sujet24;;2;50;1;alu;1;m10;1;1;61;0.448;292.9971747;2.648741794;12.30341314
24;sujet24;;2;50;1;alu;1;m10;2;2;62;0.288;259.0960067;2.598497381;4.678135981
24;sujet24;;2;50;1;alu;1;m10;3;3;63;0.208;132.6844954;2.102568561;-22.08833158
24;sujet24;;2;50;1;alu;1;m10;4;4;64;0.272;203.0463949;2.500638631;3.102097061
24;sujet24;;2;50;1;alu;1;m10;5;5;65;0.176;169.9022114;2.74220246;-20.80815372
24;sujet24;;2;50;1;alu;1;m10;6;6;66;0.22;222.9553138;3.097433756;3.863209349
24;sujet24;;2;50;1;alu;1;m10;7;7;67;0.264;225.9870343;2.621273581;17.54497659
24;sujet24;;2;50;1;alu;1;m10;8;8;68;0.232;167.6385816;2.719066444;30.33610164
24;sujet24;;2;50;1;alu;1;m10;9;9;69;0.204;165.0939482;2.497644318;-28.53501423
24;sujet24;;2;50;1;alu;1;m10;10;10;70;0.208;208.045968;2.492986858;26.53885744
24;sujet24;;2;50;1;alu;2;0;1;1;71;0.316;234.9110176;2.713915483;-13.57209293
24;sujet24;;2;50;1;alu;2;0;2;2;72;0.224;305.9001894;2.815361022;-11.31422045
24;sujet24;;2;50;1;alu;2;0;3;3;73;0.276;380.0335843;3.634304832;14.52482627
24;sujet24;;2;50;1;alu;2;0;4;4;74;0.228;353.739881;3.684885507;-0.168550377
24;sujet24;;2;50;1;alu;2;0;5;5;75;0.276;285.5826455;3.666683816;21.65221838
24;sujet24;;2;50;1;alu;2;0;6;6;76;0.272;290.751881;3.048022004;11.77571243
24;sujet24;;2;50;1;alu;2;0;7;7;77;0.268;325.3272697;2.394086269;-19.43501888
24;sujet24;;2;50;1;alu;2;0;8;8;78;0.228;290.3441408;2.603383184;-11.97084854
24;sujet24;;2;50;1;alu;2;0;9;9;79;0.224;268.7720165;2.892722142;0.143967202
24;sujet24;;2;50;1;alu;2;0;10;10;80;0.196;266.730796;3.349000607;35.30590301
24;sujet24;;2;50;1;alu;3;p10;1;1;81;0.176;192.8425832;2.924628076;-47.61773169
24;sujet24;;2;50;1;alu;3;p10;2;2;82;0.736;300.3653044;3.67387535;24.11219446
24;sujet24;;2;50;1;alu;3;p10;3;3;83;0.336;284.4093725;3.342127818;-15.317705
24;sujet24;;2;50;1;alu;3;p10;4;4;84;0.268;301.5876203;3.229088098;-28.60199094
24;sujet24;;2;50;1;alu;3;p10;5;5;85;0.392;296.7621449;3.596829764;44.25951287
24;sujet24;;2;50;1;alu;3;p10;6;6;86;0.3;283.9317231;3.493952551;-41.82647183
24;sujet24;;2;50;1;alu;3;p10;7;7;87;0.412;290.2988745;4.071762768;8.222567803
24;sujet24;;2;50;1;alu;3;p10;8;8;88;0.34;298.8455662;1.384861833;-18.06918729
24;sujet24;;2;50;1;alu;3;p10;9;9;89;0.396;266.7680842;3.92263417;26.13869195
24;sujet24;;2;50;1;alu;3;p10;10;10;90;0.168;233.27398;4.167045725;-34.55707669
24;sujet24;;2;50;2;balsa;1;m10;1;1;91;0.248;252.3055756;3.11317149;-21.43008795
24;sujet24;;2;50;2;balsa;1;m10;2;2;92;0.224;257.9533309;3.826095368;17.64833894
24;sujet24;;2;50;2;balsa;1;m10;3;3;93;0.26;258.0248101;3.124641529;31.20466604
24;sujet24;;2;50;2;balsa;1;m10;4;4;94;0.24;191.3430568;2.702715743;-4.82202306
24;sujet24;;2;50;2;balsa;1;m10;5;5;95;0.204;156.4189899;2.893743747;-21.82136518
24;sujet24;;2;50;2;balsa;1;m10;6;6;96;0.26;253.9434866;2.969344606;-22.50037634
24;sujet24;;2;50;2;balsa;1;m10;7;7;97;0.308;282.6698725;3.185250974;1.88961697
24;sujet24;;2;50;2;balsa;1;m10;8;8;98;0.24;230.1302154;3.550759056;17.97490455
24;sujet24;;2;50;2;balsa;1;m10;9;9;99;0.276;282.5216474;3.475751657;-16.03385013
24;sujet24;;2;50;2;balsa;1;m10;10;10;100;0.244;241.435794;2.852707962;8.661416142
24;sujet24;;2;50;2;balsa;2;0;1;1;101;0.256;270.0774289;3.524999375;-15.79200912
24;sujet24;;2;50;2;balsa;2;0;2;2;102;0.252;265.1155469;3.655715781;-29.18699016
24;sujet24;;2;50;2;balsa;2;0;3;3;103;0.276;317.4820089;3.624372523;-15.29611135
24;sujet24;;2;50;2;balsa;2;0;4;4;104;0.312;384.9189411;4.224951086;14.2109
24;sujet24;;2;50;2;balsa;2;0;5;5;105;0.28;287.5057255;4.025199966;8.322642672
24;sujet24;;2;50;2;balsa;2;0;6;6;106;0.276;321.9169875;4.166003208;18.04736205
24;sujet24;;2;50;2;balsa;2;0;7;7;107;0.256;323.8333517;3.93996944;-18.73396504
24;sujet24;;2;50;2;balsa;2;0;8;8;108;0.248;321.6697817;4.309201329;-0.84394808
24;sujet24;;2;50;2;balsa;2;0;9;9;109;0.232;318.9445847;3.241044656;11.96477224
24;sujet24;;2;50;2;balsa;2;0;10;10;110;0.196;311.3483017;3.908335014;-10.07435843
24;sujet24;;2;50;2;balsa;3;p10;1;1;111;0.216;240.2202129;2.978361664;-0.283258129
24;sujet24;;2;50;2;balsa;3;p10;2;2;112;0.208;260.847827;3.544215464;1.496926
24;sujet24;;2;50;2;balsa;3;p10;3;3;113;0.192;241.6224985;3.166128188;7.009488697
24;sujet24;;2;50;2;balsa;3;p10;4;4;114;0.2;242.3907377;3.256366315;-17.35894014
24;sujet24;;2;50;2;balsa;3;p10;5;5;115;0.192;214.1428023;3.025278074;-12.97789974
24;sujet24;;2;50;2;balsa;3;p10;6;6;116;0.34;278.3657225;3.107860993;-9.483304146
24;sujet24;;2;50;2;balsa;3;p10;7;7;117;0.18;264.0934093;3.203236691;8.162718771
24;sujet24;;2;50;2;balsa;3;p10;8;8;118;0.272;289.0025569;2.766884582;-44.4360873
24;sujet24;;2;50;2;balsa;3;p10;9;9;119;0.212;291.3911743;2.929106742;-5.582246441
24;sujet24;;2;50;2;balsa;3;p10;10;10;120;0.268;240.0233817;2.627417532;-13.47151607
25;sujet25;;1;25;1;alu;1;m10;1;1;1;0.072;46.11424438;1.962812691;41.59555483
25;sujet25;;1;25;1;alu;1;m10;2;2;2;0.076;39.16641784;1.600681974;-36.72449231
25;sujet25;;1;25;1;alu;1;m10;3;3;3;0.072;30.74962475;1.595188705;-23.6708689
25;sujet25;;1;25;1;alu;1;m10;4;4;4;0.116;85.39788806;1.836162391;-3.6068496
25;sujet25;;1;25;1;alu;1;m10;5;5;5;0.172;107.3681213;2.054009787;27.00998149
25;sujet25;;1;25;1;alu;1;m10;6;6;6;0.104;73.8369125;1.575479149;12.95394153
25;sujet25;;1;25;1;alu;1;m10;7;7;7;0.108;58.73381724;1.774284313;37.64089961
25;sujet25;;1;25;1;alu;1;m10;8;8;8;0.072;33.2224013;1.617322364;49.89986662
25;sujet25;;1;25;1;alu;1;m10;9;9;9;0.064;23.17314267;0.905977424;21.70858238
25;sujet25;;1;25;1;alu;1;m10;10;10;10;0.1;32.81947888;1.095576511;23.60346875
25;sujet25;;1;25;1;alu;2;0;1;1;11;0.076;35.41792545;0.968553734;-22.37968882
25;sujet25;;1;25;1;alu;2;0;2;2;12;0.076;36.21098752;1.47204982;10.61385357
25;sujet25;;1;25;1;alu;2;0;3;3;13;0.092;44.23167188;0.964213402;-31.02259397
25;sujet25;;1;25;1;alu;2;0;4;4;14;0.092;49.51115552;1.231340332;9.281779223
25;sujet25;;1;25;1;alu;2;0;5;5;15;0.104;55.95507767;1.548309002;0.877984399
25;sujet25;;1;25;1;alu;2;0;6;6;16;0.084;43.18200842;1.291755768;-2.577144489
25;sujet25;;1;25;1;alu;2;0;7;7;17;0.116;51.14922569;1.385729757;0.659179339
25;sujet25;;1;25;1;alu;2;0;8;8;18;0.068;34.3378888;1.562183308;28.97539813
25;sujet25;;1;25;1;alu;2;0;9;9;19;0.08;45.89670054;1.232603227;6.079450256
25;sujet25;;1;25;1;alu;2;0;10;10;20;0.104;62.76197219;1.250479394;13.81101145
25;sujet25;;1;25;1;alu;3;p10;1;1;21;0.1;82.88803163;1.571266734;-7.520414275
25;sujet25;;1;25;1;alu;3;p10;2;2;22;0.088;79.21301482;1.824793244;-17.43781221
25;sujet25;;1;25;1;alu;3;p10;3;3;23;0.08;73.51402377;1.686574928;7.599293234
25;sujet25;;1;25;1;alu;3;p10;4;4;24;0.08;81.12473325;2.253392648;7.527434939
25;sujet25;;1;25;1;alu;3;p10;5;5;25;0.084;71.07767778;1.338815774;-13.07962104
25;sujet25;;1;25;1;alu;3;p10;6;6;26;0.124;108.8651083;1.812899024;-6.698685121
25;sujet25;;1;25;1;alu;3;p10;7;7;27;0.112;90.97815874;2.07919849;-13.80118265
25;sujet25;;1;25;1;alu;3;p10;8;8;28;0.132;122.4865143;2.098297106;-23.16648634
25;sujet25;;1;25;1;alu;3;p10;9;9;29;0.112;103.2106169;2.009122546;-16.19715356
25;sujet25;;1;25;1;alu;3;p10;10;10;30;0.116;107.3032726;1.931733834;29.56332226
25;sujet25;;1;25;2;balsa;1;m10;1;1;31;0.072;58.52862542;1.166763204;-18.48110674
25;sujet25;;1;25;2;balsa;1;m10;2;2;32;0.072;39.03394442;1.72850133;-15.02791552
25;sujet25;;1;25;2;balsa;1;m10;3;3;33;0.104;49.63231452;1.532205164;-24.30751488
25;sujet25;;1;25;2;balsa;1;m10;4;4;34;0.088;78.56691203;1.402586373;35.63589784
25;sujet25;;1;25;2;balsa;1;m10;5;5;35;0.096;76.52754137;1.702892042;1.661788451
25;sujet25;;1;25;2;balsa;1;m10;6;6;36;0.128;70.76305751;1.576406754;-8.325086473
25;sujet25;;1;25;2;balsa;1;m10;7;7;37;0.088;52.06853887;1.808218205;-11.57979925
25;sujet25;;1;25;2;balsa;1;m10;8;8;38;0.1;60.36125082;1.710676034;30.07851405
25;sujet25;;1;25;2;balsa;1;m10;9;9;39;0.148;76.43542705;1.388188396;-19.09399504
25;sujet25;;1;25;2;balsa;1;m10;10;10;40;0.116;83.47355559;1.889369729;34.83565193
25;sujet25;;1;25;2;balsa;2;0;1;1;41;0.072;55.04105466;1.557552647;-25.18145631
25;sujet25;;1;25;2;balsa;2;0;2;2;42;0.096;79.02995211;1.681256912;2.606932158
25;sujet25;;1;25;2;balsa;2;0;3;3;43;0.096;97.17268168;1.505312465;-9.658274507
25;sujet25;;1;25;2;balsa;2;0;4;4;44;0.096;97.84022221;1.746841844;15.50894014
25;sujet25;;1;25;2;balsa;2;0;5;5;45;0.108;100.7792197;1.870229831;6.50635221
25;sujet25;;1;25;2;balsa;2;0;6;6;46;0.088;67.00420215;1.536992659;-5.098683388
25;sujet25;;1;25;2;balsa;2;0;7;7;47;0.14;110.514832;1.7199763;-18.86979438
25;sujet25;;1;25;2;balsa;2;0;8;8;48;0.104;65.18832126;1.669226726;-35.15206585
25;sujet25;;1;25;2;balsa;2;0;9;9;49;0.124;103.0042902;1.700331575;-14.2734853
25;sujet25;;1;25;2;balsa;2;0;10;10;50;0.128;120.3786856;1.718499409;22.97082052
25;sujet25;;1;25;2;balsa;3;p10;1;1;51;0.096;84.12894557;1.930656326;-5.010866991
25;sujet25;;1;25;2;balsa;3;p10;2;2;52;0.12;97.94079742;1.864622643;-10.71895764
25;sujet25;;1;25;2;balsa;3;p10;3;3;53;0.112;118.6182756;1.713921884;-20.47727891
25;sujet25;;1;25;2;balsa;3;p10;4;4;54;0.14;112.2728832;1.711503871;-5.621143655
25;sujet25;;1;25;2;balsa;3;p10;5;5;55;0.132;98.86642701;2.127377088;-9.340939205
25;sujet25;;1;25;2;balsa;3;p10;6;6;56;0.12;115.1163342;2.223993281;12.39585733
25;sujet25;;1;25;2;balsa;3;p10;7;7;57;0.168;97.35839196;1.460455847;-26.37746846
25;sujet25;;1;25;2;balsa;3;p10;8;8;58;0.132;118.3642188;1.736987688;-2.816746912
25;sujet25;;1;25;2;balsa;3;p10;9;9;59;0.104;69.10264928;1.670553014;-30.24129096
25;sujet25;;1;25;2;balsa;3;p10;10;10;60;0.132;117.5200513;2.076226354;-20.4646652
25;sujet25;;2;50;1;alu;1;m10;1;1;61;0.112;81.84903182;1.57382997;4.472556926
25;sujet25;;2;50;1;alu;1;m10;2;2;62;0.104;83.04134438;1.396127978;-9.354258458
25;sujet25;;2;50;1;alu;1;m10;3;3;63;0.132;114.2240796;1.884287326;12.52976029
25;sujet25;;2;50;1;alu;1;m10;4;4;64;0.136;112.6841308;1.457717934;-13.16473444
25;sujet25;;2;50;1;alu;1;m10;5;5;65;0.108;87.3653984;1.353781933;1.873543105
25;sujet25;;2;50;1;alu;1;m10;6;6;66;0.128;100.3649368;1.606733281;-7.298037967
25;sujet25;;2;50;1;alu;1;m10;7;7;67;0.12;102.2907849;1.426355326;-9.237014941
25;sujet25;;2;50;1;alu;1;m10;8;8;68;0.124;126.5015992;1.660901845;0.141139902
25;sujet25;;2;50;1;alu;1;m10;9;9;69;0.112;93.33406139;1.603325654;-12.63012128
25;sujet25;;2;50;1;alu;1;m10;10;10;70;0.12;112.5922944;1.818946504;-0.380326378
25;sujet25;;2;50;1;alu;2;0;1;1;71;0.124;104.058719;1.911970563;-7.376865992
25;sujet25;;2;50;1;alu;2;0;2;2;72;0.12;111.6398431;1.89260225;-28.02852889
25;sujet25;;2;50;1;alu;2;0;3;3;73;0.096;93.09115323;1.757702589;-23.96492672
25;sujet25;;2;50;1;alu;2;0;4;4;74;0.104;97.49376852;1.844512462;-16.4588085
25;sujet25;;2;50;1;alu;2;0;5;5;75;0.104;121.2475489;1.78159123;3.198846842
25;sujet25;;2;50;1;alu;2;0;6;6;76;0.108;93.60165468;1.464047319;-39.11531202
25;sujet25;;2;50;1;alu;2;0;7;7;77;0.1;87.14901092;1.816547916;-24.01379262
25;sujet25;;2;50;1;alu;2;0;8;8;78;0.1;102.4192208;1.918567391;3.623461829
25;sujet25;;2;50;1;alu;2;0;9;9;79;0.092;89.72813827;1.5623009;-26.89453547
25;sujet25;;2;50;1;alu;2;0;10;10;80;0.108;99.55515377;1.818897438;-23.66146604
25;sujet25;;2;50;1;alu;3;p10;1;1;81;0.112;124.9813839;1.911822801;-24.89630663
25;sujet25;;2;50;1;alu;3;p10;2;2;82;0.104;117.3063531;2.008925903;-33.70565705
25;sujet25;;2;50;1;alu;3;p10;3;3;83;0.128;126.6454446;2.135312305;-26.01238106
25;sujet25;;2;50;1;alu;3;p10;4;4;84;0.128;142.7715521;1.955777743;-34.3323426
25;sujet25;;2;50;1;alu;3;p10;5;5;85;0.124;109.7771541;1.849862139;-39.06280477
25;sujet25;;2;50;1;alu;3;p10;6;6;86;0.112;120.7993739;1.812702712;-28.22837161
25;sujet25;;2;50;1;alu;3;p10;7;7;87;0.124;135.7483759;2.167021184;-17.76009926
25;sujet25;;2;50;1;alu;3;p10;8;8;88;0.12;116.0191268;1.888395407;-38.323229
25;sujet25;;2;50;1;alu;3;p10;9;9;89;0.096;87.30504361;1.859161304;-27.77036342
25;sujet25;;2;50;1;alu;3;p10;10;10;90;0.096;110.7199424;1.995280263;-16.4035695
25;sujet25;;2;50;2;balsa;1;m10;1;1;91;0.112;110.1867907;1.63830484;-2.803644231
25;sujet25;;2;50;2;balsa;1;m10;2;2;92;0.1;98.52007681;2.016671236;-6.781597779
25;sujet25;;2;50;2;balsa;1;m10;3;3;93;0.12;118.7723879;1.603467965;-26.54794707
25;sujet25;;2;50;2;balsa;1;m10;4;4;94;0.104;108.7066914;1.966004896;-2.240065767
25;sujet25;;2;50;2;balsa;1;m10;5;5;95;0.124;114.0814417;1.394059146;-30.13091415
25;sujet25;;2;50;2;balsa;1;m10;6;6;96;0.124;132.3411286;1.649693177;-30.5444627
25;sujet25;;2;50;2;balsa;1;m10;7;7;97;0.112;119.3644822;1.78484716;-2.943916368
25;sujet25;;2;50;2;balsa;1;m10;8;8;98;0.1;105.8914337;1.865873242;-8.437469547
25;sujet25;;2;50;2;balsa;1;m10;9;9;99;0.104;112.2394894;1.911917606;-9.895108365
25;sujet25;;2;50;2;balsa;1;m10;10;10;100;0.128;139.9283095;1.948161406;23.38970576
25;sujet25;;2;50;2;balsa;2;0;1;1;101;0.112;123.682514;2.282127287;-6.891863797
25;sujet25;;2;50;2;balsa;2;0;2;2;102;0.1;126.936479;2.100767497;-18.03924745
25;sujet25;;2;50;2;balsa;2;0;3;3;103;0.092;108.2971819;2.382030568;0.999165378
25;sujet25;;2;50;2;balsa;2;0;4;4;104;0.096;119.2232297;2.250461142;-9.020847976
25;sujet25;;2;50;2;balsa;2;0;5;5;105;0.092;123.0933278;2.202025747;-35.04698098
25;sujet25;;2;50;2;balsa;2;0;6;6;106;0.108;129.4542251;2.103916695;-32.8541345
25;sujet25;;2;50;2;balsa;2;0;7;7;107;0.124;165.4145783;1.746814869;-45.72537145
25;sujet25;;2;50;2;balsa;2;0;8;8;108;0.108;137.8123571;2.406800693;-7.475806766
25;sujet25;;2;50;2;balsa;2;0;9;9;109;0.116;152.4449056;2.581271553;-0.469400321
25;sujet25;;2;50;2;balsa;2;0;10;10;110;0.104;122.4448757;2.369349195;2.556108404
25;sujet25;;2;50;2;balsa;3;p10;1;1;111;0.084;123.9588165;2.201579325;-17.37828324
25;sujet25;;2;50;2;balsa;3;p10;2;2;112;0.092;112.1111249;2.204387664;-31.12428479
25;sujet25;;2;50;2;balsa;3;p10;3;3;113;0.128;164.6376784;2.196623272;-33.91932447
25;sujet25;;2;50;2;balsa;3;p10;4;4;114;0.112;149.349735;2.429442673;-18.02867703
25;sujet25;;2;50;2;balsa;3;p10;5;5;115;0.148;199.3827229;2.110219395;-38.74038101
25;sujet25;;2;50;2;balsa;3;p10;6;6;116;0.136;163.4151042;2.104713343;-40.2294407
25;sujet25;;2;50;2;balsa;3;p10;7;7;117;0.124;172.6288309;2.542163268;-11.95270204
25;sujet25;;2;50;2;balsa;3;p10;8;8;118;0.12;173.4309613;3.124788175;-14.31244394
25;sujet25;;2;50;2;balsa;3;p10;9;9;119;0.12;189.9127629;2.387999376;-32.12233168
25;sujet25;;2;50;2;balsa;3;p10;10;10;120;0.148;181.7811648;2.330701987;-41.31106107
26;sujet26;;1;25;1;alu;1;m10;1;1;1;0.108;70.89055551;1.447126862;-68.39271447
26;sujet26;;1;25;1;alu;1;m10;2;2;2;0.2;106.6425707;1.814091675;73.57926375
26;sujet26;;1;25;1;alu;1;m10;3;3;3;0.144;68.48002396;1.658640016;13.53983564
26;sujet26;;1;25;1;alu;1;m10;4;4;4;0.244;99.19179817;1.592170763;-16.33896089
26;sujet26;;1;25;1;alu;1;m10;5;5;5;0.108;82.14922103;1.653025348;-9.768503349
26;sujet26;;1;25;1;alu;1;m10;6;6;6;0.3;149.3615426;1.247147645;76.72432262
26;sujet26;;1;25;1;alu;1;m10;7;7;7;0.228;111.0604247;1.676125641;-8.514295791
26;sujet26;;1;25;1;alu;1;m10;8;8;8;0.208;114.1857152;1.637313096;16.8034414
26;sujet26;;1;25;1;alu;1;m10;9;9;9;0.204;127.5675311;1.156890611;4.558926527
26;sujet26;;1;25;1;alu;1;m10;10;10;10;0.172;113.3390363;1.509887261;-12.06028777
26;sujet26;;1;25;1;alu;2;0;1;1;11;0.12;144.2739732;2.647548134;47.4118215
26;sujet26;;1;25;1;alu;2;0;2;2;12;0.132;110.1176189;1.85620435;-15.8823494
26;sujet26;;1;25;1;alu;2;0;3;3;13;0.184;143.4065834;2.266818083;13.22765846
26;sujet26;;1;25;1;alu;2;0;4;4;14;0.2;133.697127;2.05691629;0.940144381
26;sujet26;;1;25;1;alu;2;0;5;5;15;0.116;80.41519375;2.313076783;27.9938343
26;sujet26;;1;25;1;alu;2;0;6;6;16;0.172;113.2659858;1.77189879;-22.11236978
26;sujet26;;1;25;1;alu;2;0;7;7;17;0.192;125.6854281;1.923227041;-10.97294056
26;sujet26;;1;25;1;alu;2;0;8;8;18;0.12;128.385157;2.294801643;4.457319843
26;sujet26;;1;25;1;alu;2;0;9;9;19;0.176;134.5017352;1.967785723;-14.71722549
26;sujet26;;1;25;1;alu;2;0;10;10;20;0.16;131.7002532;2.565838923;44.24170954
26;sujet26;;1;25;1;alu;3;p10;1;1;21;0.136;84.32463705;2.065224196;-20.87475788
26;sujet26;;1;25;1;alu;3;p10;2;2;22;0.208;104.8490847;2.07821595;-30.54815323
26;sujet26;;1;25;1;alu;3;p10;3;3;23;0.176;139.7985752;2.598086845;-21.58408528
26;sujet26;;1;25;1;alu;3;p10;4;4;24;0.184;160.0772093;2.320469363;9.650472532
26;sujet26;;1;25;1;alu;3;p10;5;5;25;0.188;167.5315364;2.275365253;24.16794207
26;sujet26;;1;25;1;alu;3;p10;6;6;26;0.204;140.7387991;2.293171879;10.76482133
26;sujet26;;1;25;1;alu;3;p10;7;7;27;0.184;134.4477699;2.192368895;-24.69720001
26;sujet26;;1;25;1;alu;3;p10;8;8;28;0.18;142.9462239;2.455787008;11.74420592
26;sujet26;;1;25;1;alu;3;p10;9;9;29;0.112;86.95401267;1.86004293;-23.67988079
26;sujet26;;1;25;1;alu;3;p10;10;10;30;0.108;97.92473159;2.243356849;7.939557637
26;sujet26;;1;25;2;balsa;1;m10;1;1;31;0.088;35.47123847;1.416408033;-21.2029913
26;sujet26;;1;25;2;balsa;1;m10;2;2;32;0.088;89.23638037;2.066214704;-24.55501872
26;sujet26;;1;25;2;balsa;1;m10;3;3;33;0.204;127.7362493;1.745490975;-32.9372444
26;sujet26;;1;25;2;balsa;1;m10;4;4;34;0.228;198.7345957;2.141878153;11.53793858
26;sujet26;;1;25;2;balsa;1;m10;5;5;35;0.204;195.6990009;2.330866224;35.46270024
26;sujet26;;1;25;2;balsa;1;m10;6;6;36;0.16;157.466289;2.01861416;-9.514161889
26;sujet26;;1;25;2;balsa;1;m10;7;7;37;0.196;179.6584667;2.037688525;27.5572946
26;sujet26;;1;25;2;balsa;1;m10;8;8;38;0.192;145.2604764;1.926151034;9.507583564
26;sujet26;;1;25;2;balsa;1;m10;9;9;39;0.176;163.6120855;1.96412325;-20.28484423
26;sujet26;;1;25;2;balsa;1;m10;10;10;40;0.192;180.3344929;1.429510529;-33.20363555
26;sujet26;;1;25;2;balsa;2;0;1;1;41;0.12;80.14686117;1.576529693;-48.19382138
26;sujet26;;1;25;2;balsa;2;0;2;2;42;0.2;143.7975151;2.512794513;-35.65033232
26;sujet26;;1;25;2;balsa;2;0;3;3;43;0.24;233.6232653;2.243194313;-41.3922442
26;sujet26;;1;25;2;balsa;2;0;4;4;44;0.176;260.4998628;3.332661522;34.4291762
26;sujet26;;1;25;2;balsa;2;0;5;5;45;0.208;232.4657887;2.743470934;-19.1277105
26;sujet26;;1;25;2;balsa;2;0;6;6;46;0.2;235.1862592;2.666280879;-24.08416328
26;sujet26;;1;25;2;balsa;2;0;7;7;47;0.208;245.4753365;2.758016654;-7.948043127
26;sujet26;;1;25;2;balsa;2;0;8;8;48;0.184;237.3105663;3.112408268;41.48021198
26;sujet26;;1;25;2;balsa;2;0;9;9;49;0.272;189.1496655;2.132070993;-36.67825048
26;sujet26;;1;25;2;balsa;2;0;10;10;50;0.212;245.6060029;2.296466474;3.946441902
26;sujet26;;1;25;2;balsa;3;p10;1;1;51;0.084;81.92920269;2.233298203;-19.19475008
26;sujet26;;1;25;2;balsa;3;p10;2;2;52;0.168;164.9008912;2.304386655;-27.75847929
26;sujet26;;1;25;2;balsa;3;p10;3;3;53;0.192;183.8406961;2.333170486;-29.38953137
26;sujet26;;1;25;2;balsa;3;p10;4;4;54;0.192;175.813289;2.019836451;-15.52625491
26;sujet26;;1;25;2;balsa;3;p10;5;5;55;0.18;208.0601417;2.425447415;3.373514235
26;sujet26;;1;25;2;balsa;3;p10;6;6;56;0.172;158.568466;2.327510454;-2.217173208
26;sujet26;;1;25;2;balsa;3;p10;7;7;57;0.14;155.9234227;2.572550791;8.213428096
26;sujet26;;1;25;2;balsa;3;p10;8;8;58;0.156;166.7585369;2.226370591;-22.3899986
26;sujet26;;1;25;2;balsa;3;p10;9;9;59;0.192;200.3052886;1.579927283;-33.57949595
26;sujet26;;1;25;2;balsa;3;p10;10;10;60;0.204;219.1807549;2.509834357;-3.837234452
26;sujet26;;2;50;1;alu;1;m10;1;1;61;0.144;192.0575093;2.8946619;51.89998437
26;sujet26;;2;50;1;alu;1;m10;2;2;62;0.172;155.6418235;2.712554305;37.82208305
26;sujet26;;2;50;1;alu;1;m10;3;3;63;0.192;120.623423;2.509261884;19.11469601
26;sujet26;;2;50;1;alu;1;m10;4;4;64;0.124;152.5421018;2.471012166;-32.35915752
26;sujet26;;2;50;1;alu;1;m10;5;5;65;0.172;140.2405748;2.376889275;-14.95921365
26;sujet26;;2;50;1;alu;1;m10;6;6;66;0.216;153.9777786;1.917666734;-22.17105682
26;sujet26;;2;50;1;alu;1;m10;7;7;67;0.156;149.5640594;2.110695843;22.76329763
26;sujet26;;2;50;1;alu;1;m10;8;8;68;0.216;115.8763002;1.994783058;38.35376575
26;sujet26;;2;50;1;alu;1;m10;9;9;69;0.184;109.9291608;1.858115158;-39.44136976
26;sujet26;;2;50;1;alu;1;m10;10;10;70;0.164;139.0194716;1.986733624;40.64661131
26;sujet26;;2;50;1;alu;2;0;1;1;71;0.172;146.2725954;2.479118656;14.33082472
26;sujet26;;2;50;1;alu;2;0;2;2;72;0.168;208.8456391;2.727740922;3.899826254
26;sujet26;;2;50;1;alu;2;0;3;3;73;0.144;199.1964826;2.856076803;-6.750541673
26;sujet26;;2;50;1;alu;2;0;4;4;74;0.152;175.5780798;2.72800656;8.179862926
26;sujet26;;2;50;1;alu;2;0;5;5;75;0.156;198.6257413;3.192106462;-13.55882773
26;sujet26;;2;50;1;alu;2;0;6;6;76;0.148;166.2297621;2.612984888;7.442007896
26;sujet26;;2;50;1;alu;2;0;7;7;77;0.188;190.129321;2.686219739;-10.50794464
26;sujet26;;2;50;1;alu;2;0;8;8;78;0.14;170.1722859;2.283081736;25.56233104
26;sujet26;;2;50;1;alu;2;0;9;9;79;0.128;154.8465383;2.131049611;-17.33668483
26;sujet26;;2;50;1;alu;2;0;10;10;80;0.132;157.3397756;2.653353305;10.07388678
26;sujet26;;2;50;1;alu;3;p10;1;1;81;0.108;143.0302458;3.449554684;1.0581284
26;sujet26;;2;50;1;alu;3;p10;2;2;82;0.092;129.3192674;3.445948799;6.192504048
26;sujet26;;2;50;1;alu;3;p10;3;3;83;0.096;128.5125115;3.047734133;-48.07541223
26;sujet26;;2;50;1;alu;3;p10;4;4;84;0.112;163.0181309;3.252953609;-30.11494457
26;sujet26;;2;50;1;alu;3;p10;5;5;85;0.108;220.3565743;3.291592179;26.5061319
26;sujet26;;2;50;1;alu;3;p10;6;6;86;0.132;170.1738106;3.299857995;-22.29971537
26;sujet26;;2;50;1;alu;3;p10;7;7;87;0.16;190.1582442;3.101337823;-8.891512693
26;sujet26;;2;50;1;alu;3;p10;8;8;88;0.108;169.7627842;3.027459521;-10.29608558
26;sujet26;;2;50;1;alu;3;p10;9;9;89;0.148;189.5301324;3.351096846;3.406305442
26;sujet26;;2;50;1;alu;3;p10;10;10;90;0.128;198.371104;3.210314344;-37.48005728
26;sujet26;;2;50;2;balsa;1;m10;1;1;91;0.224;172.7732288;2.5144839;-30.08264636
26;sujet26;;2;50;2;balsa;1;m10;2;2;92;0.18;196.3191122;2.878791687;-15.32668578
26;sujet26;;2;50;2;balsa;1;m10;3;3;93;0.164;180.3867861;2.56043352;5.790859989
26;sujet26;;2;50;2;balsa;1;m10;4;4;94;0.204;185.4075434;2.945132309;19.41425008
26;sujet26;;2;50;2;balsa;1;m10;5;5;95;0.18;178.6340492;2.495063073;3.80468541
26;sujet26;;2;50;2;balsa;1;m10;6;6;96;0.22;249.0677934;2.653262231;-0.003413486
26;sujet26;;2;50;2;balsa;1;m10;7;7;97;0.216;167.2410075;1.934184296;-23.87811757
26;sujet26;;2;50;2;balsa;1;m10;8;8;98;0.204;227.4742735;2.642729834;21.45402936
26;sujet26;;2;50;2;balsa;1;m10;9;9;99;0.2;190.534754;1.807755213;-30.27771647
26;sujet26;;2;50;2;balsa;1;m10;10;10;100;0.18;203.0640014;3.01034344;14.68866488
26;sujet26;;2;50;2;balsa;2;0;1;1;101;0.208;162.6564054;2.553661692;-33.40072125
26;sujet26;;2;50;2;balsa;2;0;2;2;102;0.188;220.3000323;3.352097259;-36.02533331
26;sujet26;;2;50;2;balsa;2;0;3;3;103;0.176;195.4718115;3.360710611;-30.39486018
26;sujet26;;2;50;2;balsa;2;0;4;4;104;0.196;267.3133729;3.586927883;14.0849997
26;sujet26;;2;50;2;balsa;2;0;5;5;105;0.196;247.7272114;3.146446595;9.747984115
26;sujet26;;2;50;2;balsa;2;0;6;6;106;0.232;245.3775528;2.613351083;-11.42466451
26;sujet26;;2;50;2;balsa;2;0;7;7;107;0.236;270.7629336;3.098392097;5.538111151
26;sujet26;;2;50;2;balsa;2;0;8;8;108;0.24;244.0354909;2.86111119;36.76782032
26;sujet26;;2;50;2;balsa;2;0;9;9;109;0.216;225.7142704;2.940359572;-11.6890414
26;sujet26;;2;50;2;balsa;2;0;10;10;110;0.224;241.0062182;2.801770735;-9.192273751
26;sujet26;;2;50;2;balsa;3;p10;1;1;111;0.168;196.3776528;3.677997718;-24.51828023
26;sujet26;;2;50;2;balsa;3;p10;2;2;112;0.156;167.8017834;2.970721859;-26.1122879
26;sujet26;;2;50;2;balsa;3;p10;3;3;113;0.2;251.5048721;3.209869065;13.99885703
26;sujet26;;2;50;2;balsa;3;p10;4;4;114;0.14;216.7904877;2.930973721;-10.19118857
26;sujet26;;2;50;2;balsa;3;p10;5;5;115;0.204;269.3943023;2.937700057;-39.96483777
26;sujet26;;2;50;2;balsa;3;p10;6;6;116;0.204;294.4288872;2.996042446;-13.30548458
26;sujet26;;2;50;2;balsa;3;p10;7;7;117;0.22;281.5360295;3.2677684;2.373676524
26;sujet26;;2;50;2;balsa;3;p10;8;8;118;0.172;268.1284739;3.267456274;-13.17444813
26;sujet26;;2;50;2;balsa;3;p10;9;9;119;0.204;301.5735064;3.204321537;11.29186583
26;sujet26;;2;50;2;balsa;3;p10;10;10;120;0.212;258.3910631;2.391778227;-32.04452906
27;sujet27;;1;25;1;alu;1;m10;1;1;1;0.14;50.90196939;1.2694371;33.71177048
27;sujet27;;1;25;1;alu;1;m10;2;2;2;0.216;88.43073983;1.130662546;-29.53465554
27;sujet27;;1;25;1;alu;1;m10;3;3;3;0.092;57.54375754;1.481963901;-9.813658154
27;sujet27;;1;25;1;alu;1;m10;4;4;4;0.248;129.1706525;1.073503719;-20.75439635
27;sujet27;;1;25;1;alu;1;m10;5;5;5;0.28;134.3764793;1.259174943;-5.389022524
27;sujet27;;1;25;1;alu;1;m10;6;6;6;0.196;80.63239938;1.381325585;43.90268841
27;sujet27;;1;25;1;alu;1;m10;7;7;7;0.22;108.4078015;1.245223334;19.72508829
27;sujet27;;1;25;1;alu;1;m10;8;8;8;0.152;77.10889151;1.156728902;39.45838339
27;sujet27;;1;25;1;alu;1;m10;9;9;9;0.256;147.3733569;1.586099398;46.61034975
27;sujet27;;1;25;1;alu;1;m10;10;10;10;0.264;134.5175747;1.145415828;5.639183835
27;sujet27;;1;25;1;alu;2;0;1;1;11;0.204;111.4845026;1.50260908;-9.513672227
27;sujet27;;1;25;1;alu;2;0;2;2;12;0.296;112.7932165;1.564054618;-17.20596515
27;sujet27;;1;25;1;alu;2;0;3;3;13;0.312;122.7553101;1.692310684;-21.63381597
27;sujet27;;1;25;1;alu;2;0;4;4;14;0.164;98.84266511;1.95522324;-4.568216531
27;sujet27;;1;25;1;alu;2;0;5;5;15;0.108;78.78719345;1.917628315;-9.733418765
27;sujet27;;1;25;1;alu;2;0;6;6;16;0.264;135.3904687;2.241560369;32.27484927
27;sujet27;;1;25;1;alu;2;0;7;7;17;0.148;106.3609228;1.982715891;0.459172835
27;sujet27;;1;25;1;alu;2;0;8;8;18;0.076;70.22873937;1.919977943;20.59286012
27;sujet27;;1;25;1;alu;2;0;9;9;19;0.184;107.0598268;1.865798895;-3.802211541
27;sujet27;;1;25;1;alu;2;0;10;10;20;0.12;89.4436337;1.858441136;31.13825203
27;sujet27;;1;25;1;alu;3;p10;1;1;21;0.172;98.84542352;1.784878761;-31.61164586
27;sujet27;;1;25;1;alu;3;p10;2;2;22;0.092;57.1190109;2.059505196;15.4227166
27;sujet27;;1;25;1;alu;3;p10;3;3;23;0.08;43.54034758;1.765013403;22.86551491
27;sujet27;;1;25;1;alu;3;p10;4;4;24;0.072;45.01099471;1.671458517;-29.25008478
27;sujet27;;1;25;1;alu;3;p10;5;5;25;0.092;80.34905073;2.004137107;-11.32357536
27;sujet27;;1;25;1;alu;3;p10;6;6;26;0.204;81.53302034;1.923651983;1.446434186
27;sujet27;;1;25;1;alu;3;p10;7;7;27;0.104;81.2009403;1.805107019;-4.293928395
27;sujet27;;1;25;1;alu;3;p10;8;8;28;0.116;95.87962268;2.033015126;-12.83495194
27;sujet27;;1;25;1;alu;3;p10;9;9;29;0.096;94.93715166;1.800035973;-13.24350096
27;sujet27;;1;25;1;alu;3;p10;10;10;30;0.088;78.05483562;2.165132398;-3.904640639
27;sujet27;;1;25;2;balsa;1;m10;1;1;31;0.272;198.1105285;1.60614899;46.13605665
27;sujet27;;1;25;2;balsa;1;m10;2;2;32;0.252;134.1673363;1.344221457;-35.94872722
27;sujet27;;1;25;2;balsa;1;m10;3;3;33;0.252;185.3363182;1.682178414;-1.020918341
27;sujet27;;1;25;2;balsa;1;m10;4;4;34;0.216;160.3181535;1.519642535;-7.938688834
27;sujet27;;1;25;2;balsa;1;m10;5;5;35;0.176;103.8066499;1.587594849;10.58390714
27;sujet27;;1;25;2;balsa;1;m10;6;6;36;0.272;177.8089598;1.662237245;-24.67014307
27;sujet27;;1;25;2;balsa;1;m10;7;7;37;0.24;173.6148943;1.646223303;7.860494942
27;sujet27;;1;25;2;balsa;1;m10;8;8;38;0.192;107.387495;1.655982695;7.235365676
27;sujet27;;1;25;2;balsa;1;m10;9;9;39;0.188;110.2124568;1.570918777;1.280600379
27;sujet27;;1;25;2;balsa;1;m10;10;10;40;0.22;112.0730022;1.628945115;2.06780837
27;sujet27;;1;25;2;balsa;2;0;1;1;41;0.084;40.65143944;1.068897928;-73.72352242
27;sujet27;;1;25;2;balsa;2;0;2;2;42;0.224;140.8577939;1.40014665;-61.30077298
27;sujet27;;1;25;2;balsa;2;0;3;3;43;0.236;186.2200249;1.978857402;-32.07580843
27;sujet27;;1;25;2;balsa;2;0;4;4;44;0.26;235.9106182;1.623188553;-25.55747256
27;sujet27;;1;25;2;balsa;2;0;5;5;45;0.288;240.0131531;2.333913799;-40.08236132
27;sujet27;;1;25;2;balsa;2;0;6;6;46;0.2;222.8709051;2.444427259;8.163835259
27;sujet27;;1;25;2;balsa;2;0;7;7;47;0.272;263.7621852;2.199874613;8.50343192
27;sujet27;;1;25;2;balsa;2;0;8;8;48;0.268;218.9658753;2.140391063;-1.77104359
27;sujet27;;1;25;2;balsa;2;0;9;9;49;0.288;218.8771609;1.942567046;0.875797667
27;sujet27;;1;25;2;balsa;2;0;10;10;50;0.296;207.6881182;1.972110865;-4.298259422
27;sujet27;;1;25;2;balsa;3;p10;1;1;51;0.288;303.1990506;2.171283249;-26.1417793
27;sujet27;;1;25;2;balsa;3;p10;2;2;52;0.24;250.1297523;2.303461149;3.298802438
27;sujet27;;1;25;2;balsa;3;p10;3;3;53;0.24;252.0475817;2.04930503;-12.41873542
27;sujet27;;1;25;2;balsa;3;p10;4;4;54;0.3;298.2475481;2.778992416;23.8931418
27;sujet27;;1;25;2;balsa;3;p10;5;5;55;0.296;277.2510454;2.248196615;-19.45041829
27;sujet27;;1;25;2;balsa;3;p10;6;6;56;0.26;299.3270214;2.415242659;16.96854913
27;sujet27;;1;25;2;balsa;3;p10;7;7;57;0.216;215.5419357;2.185004547;14.49082759
27;sujet27;;1;25;2;balsa;3;p10;8;8;58;0.212;188.4506943;1.979076354;-16.85555796
27;sujet27;;1;25;2;balsa;3;p10;9;9;59;0.228;224.1088442;2.095358267;3.124269172
27;sujet27;;1;25;2;balsa;3;p10;10;10;60;0.208;196.47037;2.260102382;-4.312483686
27;sujet27;;2;50;1;alu;1;m10;1;1;61;0.108;93.56421326;2.213375145;17.7266871
27;sujet27;;2;50;1;alu;1;m10;2;2;62;0.108;92.21334951;2.268013546;33.19430467
27;sujet27;;2;50;1;alu;1;m10;3;3;63;0.132;104.5683143;1.631628115;-4.455321406
27;sujet27;;2;50;1;alu;1;m10;4;4;64;0.16;126.9548628;1.927817086;17.8997038
27;sujet27;;2;50;1;alu;1;m10;5;5;65;0.232;120.0685484;1.530096927;-4.958506329
27;sujet27;;2;50;1;alu;1;m10;6;6;66;0.232;122.262566;1.843438686;-7.927850041
27;sujet27;;2;50;1;alu;1;m10;7;7;67;0.248;145.9034753;1.454155194;6.878295482
27;sujet27;;2;50;1;alu;1;m10;8;8;68;0.204;145.4615175;1.367380399;-16.27458165
27;sujet27;;2;50;1;alu;1;m10;9;9;69;0.216;135.6106887;1.723446551;16.14482354
27;sujet27;;2;50;1;alu;1;m10;10;10;70;0.192;105.7529411;1.516714116;-2.309544189
27;sujet27;;2;50;1;alu;2;0;1;1;71;0.124;117.7065428;2.566166766;7.340021025
27;sujet27;;2;50;1;alu;2;0;2;2;72;0.228;110.7208785;2.286336295;-12.31905648
27;sujet27;;2;50;1;alu;2;0;3;3;73;0.136;117.7967631;2.177362938;-25.97379531
27;sujet27;;2;50;1;alu;2;0;4;4;74;0.1;92.64537053;2.063569869;-6.034983272
27;sujet27;;2;50;1;alu;2;0;5;5;75;0.072;87.79717797;2.473101509;1.463091325
27;sujet27;;2;50;1;alu;2;0;6;6;76;0.072;77.05741694;2.221824924;11.96981566
27;sujet27;;2;50;1;alu;2;0;7;7;77;0.076;92.83910107;2.583312966;-20.40442743
27;sujet27;;2;50;1;alu;2;0;8;8;78;0.108;117.2778944;2.892922664;15.59843816
27;sujet27;;2;50;1;alu;2;0;9;9;79;0.088;121.1416568;3.049979678;-4.882759759
27;sujet27;;2;50;1;alu;2;0;10;10;80;0.08;107.4573286;2.849023309;-16.51843033
27;sujet27;;2;50;1;alu;3;p10;1;1;81;0.108;156.4023737;3.147079393;-3.662203529
27;sujet27;;2;50;1;alu;3;p10;2;2;82;0.116;159.6798172;3.031026485;-27.49544105
27;sujet27;;2;50;1;alu;3;p10;3;3;83;0.124;185.210965;3.57480016;-2.707111085
27;sujet27;;2;50;1;alu;3;p10;4;4;84;0.096;139.8631914;3.286340064;11.58833415
27;sujet27;;2;50;1;alu;3;p10;5;5;85;0.116;191.6954529;3.493079521;-6.540208352
27;sujet27;;2;50;1;alu;3;p10;6;6;86;0.168;217.6848493;3.706835347;2.864747334
27;sujet27;;2;50;1;alu;3;p10;7;7;87;0.112;164.1838712;3.472928609;7.70221777
27;sujet27;;2;50;1;alu;3;p10;8;8;88;0.08;121.8737066;3.216313853;3.72603632
27;sujet27;;2;50;1;alu;3;p10;9;9;89;0.104;154.4827167;3.47663776;16.47696694
27;sujet27;;2;50;1;alu;3;p10;10;10;90;0.08;110.9803054;3.160166045;13.2475591
27;sujet27;;2;50;2;balsa;1;m10;1;1;91;0.188;106.0300325;2.004473279;-18.1988616
27;sujet27;;2;50;2;balsa;1;m10;2;2;92;0.252;177.3046563;1.767837563;-25.62487516
27;sujet27;;2;50;2;balsa;1;m10;3;3;93;0.064;56.71883857;2.009604183;-31.87601553
27;sujet27;;2;50;2;balsa;1;m10;4;4;94;0.08;82.58325957;2.246232095;9.240052655
27;sujet27;;2;50;2;balsa;1;m10;5;5;95;0.076;92.47977819;2.542225926;-8.923547351
27;sujet27;;2;50;2;balsa;1;m10;6;6;96;0.072;87.98621526;2.580047788;-16.38215646
27;sujet27;;2;50;2;balsa;1;m10;7;7;97;0.096;112.7400551;2.848620981;17.50284189
27;sujet27;;2;50;2;balsa;1;m10;8;8;98;0.116;110.2811942;2.399392543;-24.72449823
27;sujet27;;2;50;2;balsa;1;m10;9;9;99;0.132;111.5484549;2.362526369;-7.87697976
27;sujet27;;2;50;2;balsa;1;m10;10;10;100;0.1;109.0121634;2.688563662;7.312405776
27;sujet27;;2;50;2;balsa;2;0;1;1;101;0.16;114.2455598;2.33025798;-38.20303646
27;sujet27;;2;50;2;balsa;2;0;2;2;102;0.256;186.5861733;2.710348582;-52.86571189
27;sujet27;;2;50;2;balsa;2;0;3;3;103;0.104;127.4783346;3.17206459;-10.10318459
27;sujet27;;2;50;2;balsa;2;0;4;4;104;0.096;110.1785322;2.738896187;-23.11589745
27;sujet27;;2;50;2;balsa;2;0;5;5;105;0.22;219.5460918;3.234004004;-24.57112084
27;sujet27;;2;50;2;balsa;2;0;6;6;106;0.116;122.8681905;3.546332959;28.071694
27;sujet27;;2;50;2;balsa;2;0;7;7;107;0.104;93.42805148;2.775097224;10.37655465
27;sujet27;;2;50;2;balsa;2;0;8;8;108;0.084;110.7895548;2.785044142;-12.2710971
27;sujet27;;2;50;2;balsa;2;0;9;9;109;0.076;91.41076078;2.707308264;-7.581434216
27;sujet27;;2;50;2;balsa;2;0;10;10;110;0.104;115.8603565;2.803922052;-5.470843542
27;sujet27;;2;50;2;balsa;3;p10;1;1;111;0.168;163.7964575;3.323736461;-36.46660663
27;sujet27;;2;50;2;balsa;3;p10;2;2;112;0.204;183.4122;2.992316157;-46.6967804
27;sujet27;;2;50;2;balsa;3;p10;3;3;113;0.084;116.1750906;3.331279611;2.54175693
27;sujet27;;2;50;2;balsa;3;p10;4;4;114;0.076;90.91761019;3.183971685;5.10101298
27;sujet27;;2;50;2;balsa;3;p10;5;5;115;0.068;71.69010565;3.036634846;-1.027195063
27;sujet27;;2;50;2;balsa;3;p10;6;6;116;0.072;74.70061428;2.715539429;-0.946708834
27;sujet27;;2;50;2;balsa;3;p10;7;7;117;0.084;103.3292261;2.95169479;-15.88094281
27;sujet27;;2;50;2;balsa;3;p10;8;8;118;0.112;134.2949649;2.882412216;-14.40120427
27;sujet27;;2;50;2;balsa;3;p10;9;9;119;0.076;115.8621944;3.456295671;12.21091303
27;sujet27;;2;50;2;balsa;3;p10;10;10;120;0.1;143.8711805;3.466409657;10.79047751
29;sujet29;;1;25;1;alu;1;m10;1;1;1;0.148;72.17319069;1.617958111;-23.72392804
29;sujet29;;1;25;1;alu;1;m10;2;2;2;0.156;104.7109337;1.904487743;32.56932538
29;sujet29;;1;25;1;alu;1;m10;3;3;3;0.136;84.67459806;1.866462652;-1.482515591
29;sujet29;;1;25;1;alu;1;m10;4;4;4;0.204;85.38840141;1.380797062;-34.79595098
29;sujet29;;1;25;1;alu;1;m10;5;5;5;0.176;103.1921174;2.007503892;4.491554721
29;sujet29;;1;25;1;alu;1;m10;6;6;6;0.192;112.9814662;1.454799994;16.83671636
29;sujet29;;1;25;1;alu;1;m10;7;7;7;0.208;112.8863872;1.628392567;12.88157774
29;sujet29;;1;25;1;alu;1;m10;8;8;8;0.204;122.6819773;1.281276418;-19.15270809
29;sujet29;;1;25;1;alu;1;m10;9;9;9;0.2;108.1018472;1.606308455;37.56312099
29;sujet29;;1;25;1;alu;1;m10;10;10;10;0.184;122.1545844;1.902199704;-10.97528921
29;sujet29;;1;25;1;alu;2;0;1;1;11;0.304;114.2860941;1.165570935;-38.66182713
29;sujet29;;1;25;1;alu;2;0;2;2;12;0.224;138.7572914;1.84578183;-13.62273853
29;sujet29;;1;25;1;alu;2;0;3;3;13;0.208;150.4160789;2.160329535;3.977694048
29;sujet29;;1;25;1;alu;2;0;4;4;14;0.256;139.4295204;1.695864792;-16.97143157
29;sujet29;;1;25;1;alu;2;0;5;5;15;0.22;149.2369486;1.964255674;-7.612582766
29;sujet29;;1;25;1;alu;2;0;6;6;16;0.196;148.3333774;2.047778002;-15.8222817
29;sujet29;;1;25;1;alu;2;0;7;7;17;0.176;133.2700398;1.745438553;-13.41791139
29;sujet29;;1;25;1;alu;2;0;8;8;18;0.228;136.6265508;2.071009926;16.87437048
29;sujet29;;1;25;1;alu;2;0;9;9;19;0.212;146.7531898;2.055937802;-11.67117974
29;sujet29;;1;25;1;alu;2;0;10;10;20;0.192;155.3286636;2.315630069;12.0826795
29;sujet29;;1;25;1;alu;3;p10;1;1;21;0.16;141.5308136;2.055521178;2.630600869
29;sujet29;;1;25;1;alu;3;p10;2;2;22;0.168;162.8890914;2.027024478;-32.02952256
29;sujet29;;1;25;1;alu;3;p10;3;3;23;0.164;164.2790269;2.305563302;4.449479513
29;sujet29;;1;25;1;alu;3;p10;4;4;24;0.168;151.0300375;1.723769406;-4.102915782
29;sujet29;;1;25;1;alu;3;p10;5;5;25;0.232;164.029215;2.3061784;23.07759036
29;sujet29;;1;25;1;alu;3;p10;6;6;26;0.176;159.9408204;2.355914446;-17.47872989
29;sujet29;;1;25;1;alu;3;p10;7;7;27;0.184;189.0558979;1.692514499;-27.40484505
29;sujet29;;1;25;1;alu;3;p10;8;8;28;0.156;193.9461852;2.780552493;35.43402804
29;sujet29;;1;25;1;alu;3;p10;9;9;29;0.18;178.1352562;2.465983805;-20.56265237
29;sujet29;;1;25;1;alu;3;p10;10;10;30;0.168;208.7528822;2.484725222;2.747775691
29;sujet29;;1;25;2;balsa;1;m10;1;1;31;0.164;105.2785542;2.00197287;-35.25668372
29;sujet29;;1;25;2;balsa;1;m10;2;2;32;0.12;123.2215757;2.277728842;-3.568666476
29;sujet29;;1;25;2;balsa;1;m10;3;3;33;0.18;172.0910094;2.401413303;-1.875016458
29;sujet29;;1;25;2;balsa;1;m10;4;4;34;0.152;124.2479202;2.82013871;33.36208522
29;sujet29;;1;25;2;balsa;1;m10;5;5;35;0.148;131.4263356;2.180155486;-4.817322417
29;sujet29;;1;25;2;balsa;1;m10;6;6;36;0.128;130.5996259;2.287535442;-22.63128541
29;sujet29;;1;25;2;balsa;1;m10;7;7;37;0.164;188.4988404;2.747678923;-31.77948919
29;sujet29;;1;25;2;balsa;1;m10;8;8;38;0.156;135.4741248;2.069926135;3.216890315
29;sujet29;;1;25;2;balsa;1;m10;9;9;39;0.172;131.0406217;2.510324085;19.82467548
29;sujet29;;1;25;2;balsa;1;m10;10;10;40;0.128;135.8014905;2.378125672;-9.125763824
29;sujet29;;1;25;2;balsa;2;0;1;1;41;0.272;189.0515415;1.883371619;-43.30997087
29;sujet29;;1;25;2;balsa;2;0;2;2;42;0.2;166.1589907;2.032405907;-41.52593516
29;sujet29;;1;25;2;balsa;2;0;3;3;43;0.184;202.4817782;2.305999325;-5.127159784
29;sujet29;;1;25;2;balsa;2;0;4;4;44;0.208;182.7932507;2.413886345;-30.48512231
29;sujet29;;1;25;2;balsa;2;0;5;5;45;0.212;221.1762678;2.121452406;-36.70548767
29;sujet29;;1;25;2;balsa;2;0;6;6;46;0.2;215.393228;2.900870553;55.65732388
29;sujet29;;1;25;2;balsa;2;0;7;7;47;0.14;197.873434;2.513376738;-11.78037444
29;sujet29;;1;25;2;balsa;2;0;8;8;48;0.244;156.206538;2.389683884;19.3605744
29;sujet29;;1;25;2;balsa;2;0;9;9;49;0.22;198.1377902;2.155245844;-18.70129644
29;sujet29;;1;25;2;balsa;2;0;10;10;50;0.184;172.1335805;2.580476974;-10.85728932
29;sujet29;;1;25;2;balsa;3;p10;1;1;51;0.208;186.8653919;2.40189807;-1.251609159
29;sujet29;;1;25;2;balsa;3;p10;2;2;52;0.156;186.2729333;2.571145382;10.72812382
29;sujet29;;1;25;2;balsa;3;p10;3;3;53;0.208;192.8086475;2.152914242;-39.29812678
29;sujet29;;1;25;2;balsa;3;p10;4;4;54;0.224;188.4654911;2.461107448;-11.59318235
29;sujet29;;1;25;2;balsa;3;p10;5;5;55;0.172;205.5819226;2.718557162;-10.41490788
29;sujet29;;1;25;2;balsa;3;p10;6;6;56;0.156;178.356662;2.705996258;26.26817648
29;sujet29;;1;25;2;balsa;3;p10;7;7;57;0.204;196.0348842;2.186796939;-25.01586354
29;sujet29;;1;25;2;balsa;3;p10;8;8;58;0.164;171.144927;2.47713677;25.42603752
29;sujet29;;1;25;2;balsa;3;p10;9;9;59;0.2;189.6376386;2.530384917;0.436854974
29;sujet29;;1;25;2;balsa;3;p10;10;10;60;0.204;189.3293838;2.027925051;-23.29744606
29;sujet29;;2;50;1;alu;1;m10;1;1;61;0.16;205.9836717;2.709843598;3.310797564
29;sujet29;;2;50;1;alu;1;m10;2;2;62;0.112;108.929835;2.310059742;-9.546139529
29;sujet29;;2;50;1;alu;1;m10;3;3;63;0.132;132.0684662;2.608892413;-3.015174712
29;sujet29;;2;50;1;alu;1;m10;4;4;64;0.144;142.4880175;2.464154188;4.086226266
29;sujet29;;2;50;1;alu;1;m10;5;5;65;0.12;106.3918811;2.442124447;0.910194308
29;sujet29;;2;50;1;alu;1;m10;6;6;66;0.092;85.97381276;2.053588007;-26.3047241
29;sujet29;;2;50;1;alu;1;m10;7;7;67;0.112;102.2234236;2.961541171;43.47501825
29;sujet29;;2;50;1;alu;1;m10;8;8;68;0.132;139.5424846;2.601006796;-41.72438917
29;sujet29;;2;50;1;alu;1;m10;9;9;69;0.148;147.4135692;2.612863365;-40.56128544
29;sujet29;;2;50;1;alu;1;m10;10;10;70;0.14;152.9067864;2.709166239;-5.634182813
29;sujet29;;2;50;1;alu;2;0;1;1;71;0.192;168.1756047;2.939503877;-27.53889619
29;sujet29;;2;50;1;alu;2;0;2;2;72;0.18;200.0839409;2.435149709;-28.19994499
29;sujet29;;2;50;1;alu;2;0;3;3;73;0.16;213.0739475;2.829929408;-32.2503103
29;sujet29;;2;50;1;alu;2;0;4;4;74;0.308;234.4279907;2.666414474;-28.57298565
29;sujet29;;2;50;1;alu;2;0;5;5;75;0.176;233.7282177;2.812860491;3.940488454
29;sujet29;;2;50;1;alu;2;0;6;6;76;0.14;196.0459269;3.205361232;18.17243808
29;sujet29;;2;50;1;alu;2;0;7;7;77;0.14;152.1543613;3.170132332;24.14898475
29;sujet29;;2;50;1;alu;2;0;8;8;78;0.132;172.4669455;2.509503348;-13.33592537
29;sujet29;;2;50;1;alu;2;0;9;9;79;0.12;168.8421445;3.188358322;10.99584114
29;sujet29;;2;50;1;alu;2;0;10;10;80;0.164;185.170018;2.884475724;-2.001875366
29;sujet29;;2;50;1;alu;3;p10;1;1;81;0.14;211.0042373;2.506970286;-38.70579187
29;sujet29;;2;50;1;alu;3;p10;2;2;82;0.164;196.5329962;2.813294575;-16.23703041
29;sujet29;;2;50;1;alu;3;p10;3;3;83;0.152;174.2982857;2.921384843;-28.07009015
29;sujet29;;2;50;1;alu;3;p10;4;4;84;0.136;172.1822962;3.32816009;14.94218294
29;sujet29;;2;50;1;alu;3;p10;5;5;85;0.12;166.9626951;3.388940782;-20.6076143
29;sujet29;;2;50;1;alu;3;p10;6;6;86;0.156;160.8323073;3.399596714;10.59757873
29;sujet29;;2;50;1;alu;3;p10;7;7;87;0.124;125.8359341;3.119212326;-19.35458575
29;sujet29;;2;50;1;alu;3;p10;8;8;88;0.12;160.7235225;3.277781359;-31.56806494
29;sujet29;;2;50;1;alu;3;p10;9;9;89;0.132;222.0049119;2.789138756;-30.60731661
29;sujet29;;2;50;1;alu;3;p10;10;10;90;0.136;202.4632824;3.524765105;-7.921784095
29;sujet29;;2;50;2;balsa;1;m10;1;1;91;0.108;132.4619219;3.121467664;-25.47403632
29;sujet29;;2;50;2;balsa;1;m10;2;2;92;0.112;144.4708041;3.33621058;17.49763722
29;sujet29;;2;50;2;balsa;1;m10;3;3;93;0.136;141.8501274;3.18559292;1.311620336
29;sujet29;;2;50;2;balsa;1;m10;4;4;94;0.132;151.586446;3.011013395;-16.07240244
29;sujet29;;2;50;2;balsa;1;m10;5;5;95;0.112;140.5421748;2.999651148;1.68174125
29;sujet29;;2;50;2;balsa;1;m10;6;6;96;0.124;132.742128;3.11350279;-1.112880531
29;sujet29;;2;50;2;balsa;1;m10;7;7;97;0.132;160.4091793;2.969041613;-17.69152939
29;sujet29;;2;50;2;balsa;1;m10;8;8;98;0.148;166.3940927;3.379410507;51.35002728
29;sujet29;;2;50;2;balsa;1;m10;9;9;99;0.104;119.350033;3.219643033;6.725949534
29;sujet29;;2;50;2;balsa;1;m10;10;10;100;0.108;130.073211;2.999169348;-20.26699001
29;sujet29;;2;50;2;balsa;2;0;1;1;101;0.168;171.5849328;3.019432845;-43.35285233
29;sujet29;;2;50;2;balsa;2;0;2;2;102;0.124;156.2043473;3.345337411;0.911815081
29;sujet29;;2;50;2;balsa;2;0;3;3;103;0.112;167.2517588;3.290952891;-28.6108608
29;sujet29;;2;50;2;balsa;2;0;4;4;104;0.108;134.0803164;2.71847635;-39.28969871
29;sujet29;;2;50;2;balsa;2;0;5;5;105;0.12;183.2716275;3.03190038;-9.061681819
29;sujet29;;2;50;2;balsa;2;0;6;6;106;0.124;170.3020058;3.294481906;-30.74867581
29;sujet29;;2;50;2;balsa;2;0;7;7;107;0.124;147.9200777;3.505689412;-10.31002025
29;sujet29;;2;50;2;balsa;2;0;8;8;108;0.148;177.0956204;2.923180169;-13.32888299
29;sujet29;;2;50;2;balsa;2;0;9;9;109;0.212;194.5590385;2.954217387;-26.02817916
29;sujet29;;2;50;2;balsa;2;0;10;10;110;0.144;223.2300019;3.16542208;-8.643133825
29;sujet29;;2;50;2;balsa;3;p10;1;1;111;0.192;197.9863316;3.676355311;13.35944272
29;sujet29;;2;50;2;balsa;3;p10;2;2;112;0.156;182.032673;3.386184963;-23.30867906
29;sujet29;;2;50;2;balsa;3;p10;3;3;113;0.136;169.9138104;3.864452305;-31.74005987
29;sujet29;;2;50;2;balsa;3;p10;4;4;114;0.104;150.1881607;3.484886064;-38.9120616
29;sujet29;;2;50;2;balsa;3;p10;5;5;115;0.124;152.5361573;3.689298436;-27.86775803
29;sujet29;;2;50;2;balsa;3;p10;6;6;116;0.116;169.5155035;3.480790688;-34.2227238
29;sujet29;;2;50;2;balsa;3;p10;7;7;117;0.108;144.2426594;3.524990957;-11.14786836
29;sujet29;;2;50;2;balsa;3;p10;8;8;118;0.112;160.6822113;3.679642635;-4.740676375
29;sujet29;;2;50;2;balsa;3;p10;9;9;119;0.1;127.650088;3.435382617;3.087646166
29;sujet29;;2;50;2;balsa;3;p10;10;10;120;0.092;134.4497619;3.832081819;-20.61348204
30;sujet30;;1;25;1;alu;1;m10;1;1;1;0.06;34.38721904;1.636642238;103.4341637
30;sujet30;;1;25;1;alu;1;m10;2;2;2;0.092;20.63666203;0.822685147;-22.53013582
30;sujet30;;1;25;1;alu;1;m10;3;3;3;0.056;26.71743445;0.958765703;-20.02399466
30;sujet30;;1;25;1;alu;1;m10;4;4;4;0.064;44.26159369;1.486994387;-15.09550172
30;sujet30;;1;25;1;alu;1;m10;5;5;5;0.068;38.29135786;1.39766621;-25.73128065
30;sujet30;;1;25;1;alu;1;m10;6;6;6;0.076;52.96932227;1.628161924;5.396945268
30;sujet30;;1;25;1;alu;1;m10;7;7;7;0.096;61.37286282;1.956470337;-3.908940521
30;sujet30;;1;25;1;alu;1;m10;8;8;8;0.064;51.75015297;2.105495576;24.53139834
30;sujet30;;1;25;1;alu;1;m10;9;9;9;0.084;74.00802429;1.756541855;-9.568112684
30;sujet30;;1;25;1;alu;1;m10;10;10;10;0.088;68.7189795;2.12314174;27.59938119
30;sujet30;;1;25;1;alu;2;0;1;1;11;0.056;40.59825429;2.019310938;28.88906664
30;sujet30;;1;25;1;alu;2;0;2;2;12;0.092;50.47228284;1.624936449;-51.91763609
30;sujet30;;1;25;1;alu;2;0;3;3;13;0.072;58.73898274;1.999080257;-34.29083737
30;sujet30;;1;25;1;alu;2;0;4;4;14;0.064;69.20220582;2.867056326;52.12009206
30;sujet30;;1;25;1;alu;2;0;5;5;15;0.076;64.81933144;1.978664895;-21.44095667
30;sujet30;;1;25;1;alu;2;0;6;6;16;0.096;83.30097617;2.213068297;-51.09051224
30;sujet30;;1;25;1;alu;2;0;7;7;17;0.084;93.14312322;2.66095521;-1.018127323
30;sujet30;;1;25;1;alu;2;0;8;8;18;0.084;99.66271736;2.362624806;-23.36323193
30;sujet30;;1;25;1;alu;2;0;9;9;19;0.08;89.54022483;2.670796831;9.10275557
30;sujet30;;1;25;1;alu;2;0;10;10;20;0.08;85.74477156;2.407673361;24.81992105
30;sujet30;;1;25;1;alu;3;p10;1;1;21;0.052;45.54257724;2.037932871;-26.54782242
30;sujet30;;1;25;1;alu;3;p10;2;2;22;0.068;64.82825075;2.228041355;11.5769591
30;sujet30;;1;25;1;alu;3;p10;3;3;23;0.068;75.71816827;2.828208718;27.06361232
30;sujet30;;1;25;1;alu;3;p10;4;4;24;0.06;77.17932695;2.383606328;-28.28485577
30;sujet30;;1;25;1;alu;3;p10;5;5;25;0.068;73.01368398;2.667584792;11.53971901
30;sujet30;;1;25;1;alu;3;p10;6;6;26;0.056;72.011186;2.618551817;10.76138882
30;sujet30;;1;25;1;alu;3;p10;7;7;27;0.068;72.559014;2.363584516;-14.74111822
30;sujet30;;1;25;1;alu;3;p10;8;8;28;0.068;91.53927639;2.681236178;5.2119049
30;sujet30;;1;25;1;alu;3;p10;9;9;29;0.072;92.54217459;2.339110672;-16.2977495
30;sujet30;;1;25;1;alu;3;p10;10;10;30;0.072;94.90188911;2.419800483;-30.89191243
30;sujet30;;1;25;2;balsa;1;m10;1;1;31;0.064;55.24492507;1.732757294;-47.53845902
30;sujet30;;1;25;2;balsa;1;m10;2;2;32;0.052;42.0336682;2.375944135;83.57171023
30;sujet30;;1;25;2;balsa;1;m10;3;3;33;0.108;44.16691588;1.389470523;-71.51571146
30;sujet30;;1;25;2;balsa;1;m10;4;4;34;0.092;45.64582225;1.642049874;-52.42377591
30;sujet30;;1;25;2;balsa;1;m10;5;5;35;0.096;72.82627184;1.612166489;-48.86467794
30;sujet30;;1;25;2;balsa;1;m10;6;6;36;0.072;69.99626686;2.306099765;-47.07427908
30;sujet30;;1;25;2;balsa;1;m10;7;7;37;0.08;66.31066345;2.052345454;-13.1693109
30;sujet30;;1;25;2;balsa;1;m10;8;8;38;0.072;55.02042466;2.278113944;15.0012752
30;sujet30;;1;25;2;balsa;1;m10;9;9;39;0.064;40.4320707;2.104001688;25.03148048
30;sujet30;;1;25;2;balsa;1;m10;10;10;40;0.076;61.6060506;2.10398697;-30.21521561
30;sujet30;;1;25;2;balsa;2;0;1;1;41;0.072;40.67921732;1.787306531;-50.3583981
30;sujet30;;1;25;2;balsa;2;0;2;2;42;0.068;63.47285123;2.42012591;-26.32701445
30;sujet30;;1;25;2;balsa;2;0;3;3;43;0.056;42.61150324;1.833514664;-24.203848
30;sujet30;;1;25;2;balsa;2;0;4;4;44;0.06;59.1179824;2.75911694;26.37287445
30;sujet30;;1;25;2;balsa;2;0;5;5;45;0.068;56.32551999;1.808933026;-55.90010606
30;sujet30;;1;25;2;balsa;2;0;6;6;46;0.088;69.25202944;2.247519344;-79.13730408
30;sujet30;;1;25;2;balsa;2;0;7;7;47;0.064;48.25871329;1.649849454;-41.88011725
30;sujet30;;1;25;2;balsa;2;0;8;8;48;0.052;46.27067842;2.264949129;8.23071366
30;sujet30;;1;25;2;balsa;2;0;9;9;49;0.072;61.55076768;2.028670485;9.962307076
30;sujet30;;1;25;2;balsa;2;0;10;10;50;0.06;39.33792753;2.426903058;21.61670607
30;sujet30;;1;25;2;balsa;3;p10;1;1;51;0.052;31.17522582;2.320105376;85.08671142
30;sujet30;;1;25;2;balsa;3;p10;2;2;52;0.064;40.65704465;2.004069099;-32.66768919
30;sujet30;;1;25;2;balsa;3;p10;3;3;53;0.06;47.58765183;1.864373451;-57.89398346
30;sujet30;;1;25;2;balsa;3;p10;4;4;54;0.08;66.30474421;2.073393454;-45.81412639
30;sujet30;;1;25;2;balsa;3;p10;5;5;55;0.076;75.03849644;2.15454861;-63.02560945
30;sujet30;;1;25;2;balsa;3;p10;6;6;56;0.08;69.93611693;2.764639721;-16.80144544
30;sujet30;;1;25;2;balsa;3;p10;7;7;57;0.068;77.13171427;2.946300952;8.593141029
30;sujet30;;1;25;2;balsa;3;p10;8;8;58;0.076;80.35860242;2.887660952;-40.04163835
30;sujet30;;1;25;2;balsa;3;p10;9;9;59;0.052;65.73050204;3.1820485;55.55737368
30;sujet30;;1;25;2;balsa;3;p10;10;10;60;0.08;72.0575069;2.765043022;-18.23881002
30;sujet30;;2;50;1;alu;1;m10;1;1;61;0.072;66.50611681;2.526552991;1.975246948
30;sujet30;;2;50;1;alu;1;m10;2;2;62;0.072;88.62511753;2.264069599;0.055498783
30;sujet30;;2;50;1;alu;1;m10;3;3;63;0.072;59.34219101;1.897845917;-12.6065303
30;sujet30;;2;50;1;alu;1;m10;4;4;64;0.08;74.77124899;2.139074052;-25.98967431
30;sujet30;;2;50;1;alu;1;m10;5;5;65;0.092;102.7861205;2.208728485;7.274213558
30;sujet30;;2;50;1;alu;1;m10;6;6;66;0.088;84.52114747;2.256537663;2.185998398
30;sujet30;;2;50;1;alu;1;m10;7;7;67;0.084;91.54152018;2.408045735;4.694821976
30;sujet30;;2;50;1;alu;1;m10;8;8;68;0.108;106.968268;2.143172229;-15.38762574
30;sujet30;;2;50;1;alu;1;m10;9;9;69;0.084;91.27616862;2.437939555;-3.250035066
30;sujet30;;2;50;1;alu;1;m10;10;10;70;0.108;91.20842673;2.140245325;-35.69583205
30;sujet30;;2;50;1;alu;2;0;1;1;71;0.064;48.29992149;2.231031337;-22.545163
30;sujet30;;2;50;1;alu;2;0;2;2;72;0.064;59.10331087;2.15137118;-27.44759346
30;sujet30;;2;50;1;alu;2;0;3;3;73;0.072;85.31382303;2.3580275;-27.68124475
30;sujet30;;2;50;1;alu;2;0;4;4;74;0.08;91.76029737;2.723847619;-15.44092878
30;sujet30;;2;50;1;alu;2;0;5;5;75;0.06;84.1230307;3.354628151;3.141017743
30;sujet30;;2;50;1;alu;2;0;6;6;76;0.072;95.61982654;2.85710447;-35.24109944
30;sujet30;;2;50;1;alu;2;0;7;7;77;0.108;100.296994;2.972185692;-26.44164542
30;sujet30;;2;50;1;alu;2;0;8;8;78;0.092;91.64575299;2.477028257;-75.20138279
30;sujet30;;2;50;1;alu;2;0;9;9;79;0.08;79.32019996;2.458386539;-38.65996417
30;sujet30;;2;50;1;alu;2;0;10;10;80;0.084;113.7046898;2.884602168;-15.9637533
30;sujet30;;2;50;1;alu;3;p10;1;1;81;0.052;67.59022649;2.848572452;-17.90003558
30;sujet30;;2;50;1;alu;3;p10;2;2;82;0.072;85.57592071;3.144888016;-15.92669023
30;sujet30;;2;50;1;alu;3;p10;3;3;83;0.088;101.9077546;3.278232568;-33.49307823
30;sujet30;;2;50;1;alu;3;p10;4;4;84;0.092;109.2149352;3.240460606;-17.24312585
30;sujet30;;2;50;1;alu;3;p10;5;5;85;0.096;125.9706442;3.384712894;-38.91565335
30;sujet30;;2;50;1;alu;3;p10;6;6;86;0.108;142.2426559;3.661239726;6.863674111
30;sujet30;;2;50;1;alu;3;p10;7;7;87;0.1;152.5691931;3.898031946;-3.639490004
30;sujet30;;2;50;1;alu;3;p10;8;8;88;0.064;101.3057914;4.002565087;9.094137237
30;sujet30;;2;50;1;alu;3;p10;9;9;89;0.088;110.1617989;3.32359171;3.528290716
30;sujet30;;2;50;1;alu;3;p10;10;10;90;0.088;116.6355851;3.653353314;2.144439783
30;sujet30;;2;50;2;balsa;1;m10;1;1;91;0.048;41.73918076;2.583747122;7.740873847
30;sujet30;;2;50;2;balsa;1;m10;2;2;92;0.076;84.45933777;2.446234211;-22.65217587
30;sujet30;;2;50;2;balsa;1;m10;3;3;93;0.056;39.55314782;1.960115226;-47.85890546
30;sujet30;;2;50;2;balsa;1;m10;4;4;94;0.064;59.9731139;2.916978309;41.38511213
30;sujet30;;2;50;2;balsa;1;m10;5;5;95;0.068;66.11884982;2.223961604;-23.7806742
30;sujet30;;2;50;2;balsa;1;m10;6;6;96;0.064;64.85680366;2.709141892;-1.367164388
30;sujet30;;2;50;2;balsa;1;m10;7;7;97;0.064;69.84792324;2.487975905;0.961260632
30;sujet30;;2;50;2;balsa;1;m10;8;8;98;0.064;79.63327059;2.622146732;-10.72024412
30;sujet30;;2;50;2;balsa;1;m10;9;9;99;0.088;81.03241861;2.813352801;2.221290137
30;sujet30;;2;50;2;balsa;1;m10;10;10;100;0.076;89.67121213;2.779697896;4.809692129
30;sujet30;;2;50;2;balsa;2;0;1;1;101;0.056;47.97064326;2.568547744;-31.71852239
30;sujet30;;2;50;2;balsa;2;0;2;2;102;0.076;86.65401556;2.517471765;-38.92765874
30;sujet30;;2;50;2;balsa;2;0;3;3;103;0.072;83.42823713;2.569342329;-30.74998897
30;sujet30;;2;50;2;balsa;2;0;4;4;104;0.096;87.63179062;2.358510704;-55.26770929
30;sujet30;;2;50;2;balsa;2;0;5;5;105;0.104;129.3534481;2.944717607;-56.65421087
30;sujet30;;2;50;2;balsa;2;0;6;6;106;0.08;109.9044025;2.860099059;-12.34147653
30;sujet30;;2;50;2;balsa;2;0;7;7;107;0.068;113.9763217;3.170935347;-39.10024504
30;sujet30;;2;50;2;balsa;2;0;8;8;108;0.06;105.4975482;3.405646708;-0.279267436
30;sujet30;;2;50;2;balsa;2;0;9;9;109;0.06;79.71481277;3.093409827;-24.62947169
30;sujet30;;2;50;2;balsa;2;0;10;10;110;0.072;93.6291025;2.829834383;-16.03684411
30;sujet30;;2;50;2;balsa;3;p10;1;1;111;0.092;61.03266965;3.115223294;-25.69155545
30;sujet30;;2;50;2;balsa;3;p10;2;2;112;0.056;84.00859728;2.84519541;-48.80589242
30;sujet30;;2;50;2;balsa;3;p10;3;3;113;0.076;93.86304689;2.8425832;-53.38014372
30;sujet30;;2;50;2;balsa;3;p10;4;4;114;0.056;59.77919834;2.315315648;-72.29396336
30;sujet30;;2;50;2;balsa;3;p10;5;5;115;0.068;88.32188902;3.457944952;-20.52756202
30;sujet30;;2;50;2;balsa;3;p10;6;6;116;0.08;112.7108659;3.253180411;-51.1643362
30;sujet30;;2;50;2;balsa;3;p10;7;7;117;0.092;121.4410901;3.442916949;-31.44872363
30;sujet30;;2;50;2;balsa;3;p10;8;8;118;0.084;93.25872972;3.020971356;-60.28588779
30;sujet30;;2;50;2;balsa;3;p10;9;9;119;0.084;93.10868049;2.956111585;-51.47913163
30;sujet30;;2;50;2;balsa;3;p10;10;10;120;0.056;86.06237991;3.134417829;-28.78664198
31;sujet31;;1;25;1;alu;1;m10;1;1;1;0.132;125.9539766;2.006771068;16.45243744
31;sujet31;;1;25;1;alu;1;m10;2;2;2;0.128;106.3886622;1.857193838;-17.13358131
31;sujet31;;1;25;1;alu;1;m10;3;3;3;0.108;86.58622748;1.730467987;-12.59441036
31;sujet31;;1;25;1;alu;1;m10;4;4;4;0.136;95.59579295;1.68996783;-22.13185022
31;sujet31;;1;25;1;alu;1;m10;5;5;5;0.132;112.5745468;1.947768368;-2.424971535
31;sujet31;;1;25;1;alu;1;m10;6;6;6;0.14;114.3430661;2.029002486;14.9257071
31;sujet31;;1;25;1;alu;1;m10;7;7;7;0.112;91.36313116;1.674716472;-7.511237213
31;sujet31;;1;25;1;alu;1;m10;8;8;8;0.124;104.2283347;1.833459893;19.55739241
31;sujet31;;1;25;1;alu;1;m10;9;9;9;0.1;81.95830131;1.876714153;6.310936661
31;sujet31;;1;25;1;alu;1;m10;10;10;10;0.116;82.48896317;1.874768657;19.81760336
31;sujet31;;1;25;1;alu;2;0;1;1;11;0.108;113.2392331;2.073759102;-46.27428328
31;sujet31;;1;25;1;alu;2;0;2;2;12;0.152;152.7159371;2.341373414;-24.51266231
31;sujet31;;1;25;1;alu;2;0;3;3;13;0.184;202.381024;2.976726189;25.01062289
31;sujet31;;1;25;1;alu;2;0;4;4;14;0.152;141.0003972;2.201944115;29.8341372
31;sujet31;;1;25;1;alu;2;0;5;5;15;0.144;117.2538865;2.359367468;0.723974257
31;sujet31;;1;25;1;alu;2;0;6;6;16;0.136;134.5025145;2.560887532;21.8233838
31;sujet31;;1;25;1;alu;2;0;7;7;17;0.124;132.3894119;2.282209062;-16.52858504
31;sujet31;;1;25;1;alu;2;0;8;8;18;0.148;152.6828834;2.512068555;8.772371322
31;sujet31;;1;25;1;alu;2;0;9;9;19;0.136;145.8466955;2.172310807;25.80384282
31;sujet31;;1;25;1;alu;2;0;10;10;20;0.16;128.1367047;2.238811881;-8.544070578
31;sujet31;;1;25;1;alu;3;p10;1;1;21;0.164;200.4819037;2.773269415;-32.07867783
31;sujet31;;1;25;1;alu;3;p10;2;2;22;0.112;148.0785952;2.762379964;21.28810191
31;sujet31;;1;25;1;alu;3;p10;3;3;23;0.132;137.6384789;2.518771551;-11.34444128
31;sujet31;;1;25;1;alu;3;p10;4;4;24;0.148;146.4428661;2.798120049;-6.777330673
31;sujet31;;1;25;1;alu;3;p10;5;5;25;0.12;141.5404672;2.814088515;1.057004169
31;sujet31;;1;25;1;alu;3;p10;6;6;26;0.12;147.5500555;2.775930754;10.08364704
31;sujet31;;1;25;1;alu;3;p10;7;7;27;0.12;143.9503502;2.483953442;-21.56617476
31;sujet31;;1;25;1;alu;3;p10;8;8;28;0.12;159.5597453;2.626881808;12.05364378
31;sujet31;;1;25;1;alu;3;p10;9;9;29;0.1;116.0268547;2.636036691;24.93516965
31;sujet31;;1;25;1;alu;3;p10;10;10;30;0.132;130.9647245;1.987776523;24.06130855
31;sujet31;;1;25;2;balsa;1;m10;1;1;31;0.192;155.5324437;1.89348454;-24.42111921
31;sujet31;;1;25;2;balsa;1;m10;2;2;32;0.108;127.8209426;2.149451676;52.5126731
31;sujet31;;1;25;2;balsa;1;m10;3;3;33;0.128;133.7653845;2.297423341;-17.22687461
31;sujet31;;1;25;2;balsa;1;m10;4;4;34;0.128;146.8169224;2.365517807;75.23654747
31;sujet31;;1;25;2;balsa;1;m10;5;5;35;0.136;142.5131019;2.161520921;-2.984910133
31;sujet31;;1;25;2;balsa;1;m10;6;6;36;0.128;111.2492379;2.135957357;-3.157905286
31;sujet31;;1;25;2;balsa;1;m10;7;7;37;0.144;105.3980685;2.081105771;7.33076506
31;sujet31;;1;25;2;balsa;1;m10;8;8;38;0.128;95.56947801;2.021694269;14.0990894
31;sujet31;;1;25;2;balsa;1;m10;9;9;39;0.136;106.9767827;2.04832386;-11.10238831
31;sujet31;;1;25;2;balsa;1;m10;10;10;40;0.112;91.45768184;2.024014374;-11.8418044
31;sujet31;;1;25;2;balsa;2;0;1;1;41;0.108;118.6809609;2.280490215;-49.60558427
31;sujet31;;1;25;2;balsa;2;0;2;2;42;0.088;113.3425271;2.32076185;-38.97616626
31;sujet31;;1;25;2;balsa;2;0;3;3;43;0.156;179.5167357;1.855086665;-54.0167076
31;sujet31;;1;25;2;balsa;2;0;4;4;44;0.136;198.4460553;2.608309994;-26.09944656
31;sujet31;;1;25;2;balsa;2;0;5;5;45;0.24;298.3777565;2.934024094;3.660702264
31;sujet31;;1;25;2;balsa;2;0;6;6;46;0.248;288.0884367;2.20989056;-43.56180672
31;sujet31;;1;25;2;balsa;2;0;7;7;47;0.196;238.7638428;2.370883583;22.93266332
31;sujet31;;1;25;2;balsa;2;0;8;8;48;0.18;179.68273;2.238392021;-15.83902237
31;sujet31;;1;25;2;balsa;2;0;9;9;49;0.168;196.5114025;2.510660839;-29.38526824
31;sujet31;;1;25;2;balsa;2;0;10;10;50;0.156;220.3720092;1.986310485;-37.44442146
31;sujet31;;1;25;2;balsa;3;p10;1;1;51;0.22;373.581644;2.190547535;-43.97147358
31;sujet31;;1;25;2;balsa;3;p10;2;2;52;0.196;348.1081672;4.201440382;66.9042329
31;sujet31;;1;25;2;balsa;3;p10;3;3;53;0.196;326.4393192;1.876148882;-63.93904081
31;sujet31;;1;25;2;balsa;3;p10;4;4;54;0.184;322.223235;3.107345559;55.90488507
31;sujet31;;1;25;2;balsa;3;p10;5;5;55;0.16;228.6445731;3.19513972;45.9086155
31;sujet31;;1;25;2;balsa;3;p10;6;6;56;0.152;237.1545622;2.728579369;-9.974883122
31;sujet31;;1;25;2;balsa;3;p10;7;7;57;0.16;212.8767895;3.027288991;-3.821234026
31;sujet31;;1;25;2;balsa;3;p10;8;8;58;0.168;208.0493463;2.763664788;-21.7356209
31;sujet31;;1;25;2;balsa;3;p10;9;9;59;0.16;219.1324453;2.74062174;-23.64937354
31;sujet31;;1;25;2;balsa;3;p10;10;10;60;0.172;248.1740402;2.739173119;33.11109729
31;sujet31;;2;50;1;alu;1;m10;1;1;61;0.108;172.5716233;3.029249068;7.622832665
31;sujet31;;2;50;1;alu;1;m10;2;2;62;0.128;168.2116383;3.113906912;1.183079281
31;sujet31;;2;50;1;alu;1;m10;3;3;63;0.132;159.2436389;2.828540999;-12.4331938
31;sujet31;;2;50;1;alu;1;m10;4;4;64;0.128;180.07714;3.379208806;-3.21836809
31;sujet31;;2;50;1;alu;1;m10;5;5;65;0.132;180.9304557;3.166789265;10.99389151
31;sujet31;;2;50;1;alu;1;m10;6;6;66;0.116;160.4515983;3.04244478;7.557185095
31;sujet31;;2;50;1;alu;1;m10;7;7;67;0.14;180.8228984;2.891021684;-3.983793963
31;sujet31;;2;50;1;alu;1;m10;8;8;68;0.164;184.7697879;2.961014678;2.711226353
31;sujet31;;2;50;1;alu;1;m10;9;9;69;0.124;163.4642062;2.833185681;6.49243525
31;sujet31;;2;50;1;alu;1;m10;10;10;70;0.124;169.9464893;2.42157286;3.837316476
31;sujet31;;2;50;1;alu;2;0;1;1;71;0.104;170.5534786;3.230425929;16.87910989
31;sujet31;;2;50;1;alu;2;0;2;2;72;0.112;154.6546651;2.893114822;-41.1492273
31;sujet31;;2;50;1;alu;2;0;3;3;73;0.132;192.6490715;2.904990227;-22.01834353
31;sujet31;;2;50;1;alu;2;0;4;4;74;0.124;186.4281964;3.393423576;-17.12146511
31;sujet31;;2;50;1;alu;2;0;5;5;75;0.148;199.1832822;3.652015619;-16.36046823
31;sujet31;;2;50;1;alu;2;0;6;6;76;0.168;239.6606004;3.427188103;-15.14258534
31;sujet31;;2;50;1;alu;2;0;7;7;77;0.124;190.6511369;3.475724045;17.75775957
31;sujet31;;2;50;1;alu;2;0;8;8;78;0.124;179.5421795;3.327002446;-35.1940263
31;sujet31;;2;50;1;alu;2;0;9;9;79;0.156;232.8730478;3.217559282;-22.03579085
31;sujet31;;2;50;1;alu;2;0;10;10;80;0.112;226.7247378;4.004746388;3.058659592
31;sujet31;;2;50;1;alu;3;p10;1;1;81;0.128;207.8509843;3.626072764;-32.39140464
31;sujet31;;2;50;1;alu;3;p10;2;2;82;0.144;220.3213751;3.672543102;-14.00677129
31;sujet31;;2;50;1;alu;3;p10;3;3;83;0.132;225.4215516;3.692032286;-34.35562754
31;sujet31;;2;50;1;alu;3;p10;4;4;84;0.168;272.559937;3.696814866;-7.871577184
31;sujet31;;2;50;1;alu;3;p10;5;5;85;0.14;246.9524306;3.141015063;-28.17658089
31;sujet31;;2;50;1;alu;3;p10;6;6;86;0.136;263.1353011;3.64055671;-14.37681762
31;sujet31;;2;50;1;alu;3;p10;7;7;87;0.132;260.745122;3.905450222;-27.08469685
31;sujet31;;2;50;1;alu;3;p10;8;8;88;0.128;255.5954077;4.269090133;11.74968459
31;sujet31;;2;50;1;alu;3;p10;9;9;89;0.112;203.3565869;4.247847282;8.946291373
31;sujet31;;2;50;1;alu;3;p10;10;10;90;0.124;241.2373485;3.732501295;-30.72255923
31;sujet31;;2;50;2;balsa;1;m10;1;1;91;0.152;261.5213062;3.336681647;22.38016724
31;sujet31;;2;50;2;balsa;1;m10;2;2;92;0.164;242.6984384;2.875781201;-23.60464703
31;sujet31;;2;50;2;balsa;1;m10;3;3;93;0.152;212.9199421;3.176607251;6.150427576
31;sujet31;;2;50;2;balsa;1;m10;4;4;94;0.128;192.5672228;2.986128601;-0.974284182
31;sujet31;;2;50;2;balsa;1;m10;5;5;95;0.112;176.539624;2.999430998;-3.607775819
31;sujet31;;2;50;2;balsa;1;m10;6;6;96;0.104;164.1662074;3.405988924;37.64688295
31;sujet31;;2;50;2;balsa;1;m10;7;7;97;0.128;169.190417;2.673973892;-20.28149988
31;sujet31;;2;50;2;balsa;1;m10;8;8;98;0.116;168.0211929;2.874718815;2.407631937
31;sujet31;;2;50;2;balsa;1;m10;9;9;99;0.1;166.6814984;2.887758243;3.287820603
31;sujet31;;2;50;2;balsa;1;m10;10;10;100;0.124;176.2534862;2.644838103;-10.23188286
31;sujet31;;2;50;2;balsa;2;0;1;1;101;0.188;294.7626038;2.743705631;-65.52123621
31;sujet31;;2;50;2;balsa;2;0;2;2;102;0.188;322.0706127;3.472076006;-54.61218955
31;sujet31;;2;50;2;balsa;2;0;3;3;103;0.224;421.4635743;4.80827818;-4.320376081
31;sujet31;;2;50;2;balsa;2;0;4;4;104;0.192;349.8691255;4.139221003;12.66900142
31;sujet31;;2;50;2;balsa;2;0;5;5;105;0.2;327.4481849;3.990849758;4.9854879
31;sujet31;;2;50;2;balsa;2;0;6;6;106;0.172;301.0351148;3.858994601;2.98904137
31;sujet31;;2;50;2;balsa;2;0;7;7;107;0.152;260.0105193;3.831551848;2.053489002
31;sujet31;;2;50;2;balsa;2;0;8;8;108;0.172;259.6857083;3.248667218;3.500932273
31;sujet31;;2;50;2;balsa;2;0;9;9;109;0.152;258.6455315;3.957310656;-5.638198098
31;sujet31;;2;50;2;balsa;2;0;10;10;110;0.144;238.9122362;4.120560706;4.273909818
31;sujet31;;2;50;2;balsa;3;p10;1;1;111;0.192;341.6724219;4.142803444;-56.99177013
31;sujet31;;2;50;2;balsa;3;p10;2;2;112;0.2;358.4726851;4.251783069;-38.25615152
31;sujet31;;2;50;2;balsa;3;p10;3;3;113;0.212;387.0008812;3.564639286;-39.11785331
31;sujet31;;2;50;2;balsa;3;p10;4;4;114;0.204;387.5817266;3.797884648;-4.637543823
31;sujet31;;2;50;2;balsa;3;p10;5;5;115;0.136;349.4287681;3.738312178;4.274069687
31;sujet31;;2;50;2;balsa;3;p10;6;6;116;0.18;329.1217379;3.685779528;9.958884995
31;sujet31;;2;50;2;balsa;3;p10;7;7;117;0.188;347.1089342;2.971737461;-24.33177504
31;sujet31;;2;50;2;balsa;3;p10;8;8;118;0.204;350.5954187;3.70567224;8.749655513
31;sujet31;;2;50;2;balsa;3;p10;9;9;119;0.136;267.5618036;3.10065837;1.077574555
31;sujet31;;2;50;2;balsa;3;p10;10;10;120;0.16;312.36305;3.684110637;-3.185971762
32;sujet32;;1;25;1;alu;1;m10;1;1;1;0.196;104.4458476;1.973046727;-38.44658543
32;sujet32;;1;25;1;alu;1;m10;2;2;2;0.2;158.2266109;2.182117699;9.142623817
32;sujet32;;1;25;1;alu;1;m10;3;3;3;0.172;148.6106271;2.008673812;11.52487016
32;sujet32;;1;25;1;alu;1;m10;4;4;4;0.268;159.0618909;2.070130434;-28.79915615
32;sujet32;;1;25;1;alu;1;m10;5;5;5;0.188;122.9223961;1.756934818;-39.43550931
32;sujet32;;1;25;1;alu;1;m10;6;6;6;0.26;197.1047138;1.818910175;-14.27978953
32;sujet32;;1;25;1;alu;1;m10;7;7;7;0.248;219.8557804;2.334832934;49.19865677
32;sujet32;;1;25;1;alu;1;m10;8;8;8;0.236;227.1078306;2.183241011;33.65731508
32;sujet32;;1;25;1;alu;1;m10;9;9;9;0.2;115.4832928;1.41833446;-13.22777827
32;sujet32;;1;25;1;alu;1;m10;10;10;10;0.18;89.64373787;1.807739351;-0.846859753
32;sujet32;;1;25;1;alu;2;0;1;1;11;0.112;58.86776109;1.758247245;-66.48726885
32;sujet32;;1;25;1;alu;2;0;2;2;12;0.168;120.0385878;2.248148244;-46.89095385
32;sujet32;;1;25;1;alu;2;0;3;3;13;0.18;210.7163138;2.650552406;-58.09424095
32;sujet32;;1;25;1;alu;2;0;4;4;14;0.228;178.2879496;2.781290363;-22.05728066
32;sujet32;;1;25;1;alu;2;0;5;5;15;0.208;215.8331588;3.163140412;-12.93601205
32;sujet32;;1;25;1;alu;2;0;6;6;16;0.204;210.6511566;2.970292797;8.066034175
32;sujet32;;1;25;1;alu;2;0;7;7;17;0.24;209.9062375;2.989426505;-2.194701656
32;sujet32;;1;25;1;alu;2;0;8;8;18;0.216;201.9056391;2.141145706;-47.09342934
32;sujet32;;1;25;1;alu;2;0;9;9;19;0.228;178.4997667;2.45113805;-24.77442361
32;sujet32;;1;25;1;alu;2;0;10;10;20;0.252;237.7903427;2.617463243;-23.37231082
32;sujet32;;1;25;1;alu;3;p10;1;1;21;0.324;181.9636022;1.593847492;-34.67126859
32;sujet32;;1;25;1;alu;3;p10;2;2;22;0.248;197.5847422;1.89960141;-41.33661708
32;sujet32;;1;25;1;alu;3;p10;3;3;23;0.184;177.8064217;2.804496872;-28.54130286
32;sujet32;;1;25;1;alu;3;p10;4;4;24;0.184;183.966291;2.67706229;-0.338383191
32;sujet32;;1;25;1;alu;3;p10;5;5;25;0.2;229.4105012;2.362748976;-22.73082505
32;sujet32;;1;25;1;alu;3;p10;6;6;26;0.236;148.7486015;2.599077496;-22.76838821
32;sujet32;;1;25;1;alu;3;p10;7;7;27;0.22;153.9655361;2.302350481;-24.42960568
32;sujet32;;1;25;1;alu;3;p10;8;8;28;0.22;181.9155241;2.154204677;-32.55007143
32;sujet32;;1;25;1;alu;3;p10;9;9;29;0.256;216.4508696;2.467194626;-33.9562629
32;sujet32;;1;25;1;alu;3;p10;10;10;30;0.232;208.4689189;2.425997138;-19.03682457
32;sujet32;;1;25;2;balsa;1;m10;1;1;31;0.192;104.5854634;2.35308299;-16.07982473
32;sujet32;;1;25;2;balsa;1;m10;2;2;32;0.248;172.0103644;2.569236884;33.3510343
32;sujet32;;1;25;2;balsa;1;m10;3;3;33;0.296;199.3517278;1.946392127;-9.338209839
32;sujet32;;1;25;2;balsa;1;m10;4;4;34;0.26;185.4968714;2.301902046;37.62696708
32;sujet32;;1;25;2;balsa;1;m10;5;5;35;0.2;129.5629335;2.868269395;-28.9728307
32;sujet32;;1;25;2;balsa;1;m10;6;6;36;0.24;164.8711608;2.251179412;-36.35414566
32;sujet32;;1;25;2;balsa;1;m10;7;7;37;0.272;198.9761225;2.638314631;29.57921785
32;sujet32;;1;25;2;balsa;1;m10;8;8;38;0.248;185.8105908;2.30448679;-32.36567481
32;sujet32;;1;25;2;balsa;1;m10;9;9;39;0.268;206.4596644;2.56052026;21.63747371
32;sujet32;;1;25;2;balsa;1;m10;10;10;40;0.3;176.7572575;2.310691101;-33.48899691
32;sujet32;;1;25;2;balsa;2;0;1;1;41;0.204;165.7732739;2.345964048;7.60379908
32;sujet32;;1;25;2;balsa;2;0;2;2;42;0.24;198.9399111;2.151400113;-68.8816724
32;sujet32;;1;25;2;balsa;2;0;3;3;43;0.26;230.0316589;2.130300536;-29.82377309
32;sujet32;;1;25;2;balsa;2;0;4;4;44;0.208;263.1889245;2.804740557;-4.37458974
32;sujet32;;1;25;2;balsa;2;0;5;5;45;0.264;244.6762742;3.3387811;48.69411088
32;sujet32;;1;25;2;balsa;2;0;6;6;46;0.228;204.0893048;2.942971022;-24.92239784
32;sujet32;;1;25;2;balsa;2;0;7;7;47;0.332;223.2807981;2.899879662;-29.73443017
32;sujet32;;1;25;2;balsa;2;0;8;8;48;0.228;277.1714623;3.276605312;19.56328902
32;sujet32;;1;25;2;balsa;2;0;9;9;49;0.228;240.5066758;2.837772567;10.44677088
32;sujet32;;1;25;2;balsa;2;0;10;10;50;0.244;208.3756508;3.04775173;10.37774514
32;sujet32;;1;25;2;balsa;3;p10;1;1;51;0.272;180.9703725;3.120548643;-59.3963309
32;sujet32;;1;25;2;balsa;3;p10;2;2;52;0.24;239.3638703;2.60484345;-14.60122168
32;sujet32;;1;25;2;balsa;3;p10;3;3;53;0.244;307.6154959;3.331917607;-11.95344778
32;sujet32;;1;25;2;balsa;3;p10;4;4;54;0.24;273.8504285;3.3836075;-10.74648154
32;sujet32;;1;25;2;balsa;3;p10;5;5;55;0.26;330.3452303;3.197470282;-23.32259746
32;sujet32;;1;25;2;balsa;3;p10;6;6;56;0.228;222.898959;3.209975715;-11.36426575
32;sujet32;;1;25;2;balsa;3;p10;7;7;57;0.272;263.279753;3.181695772;-30.90335986
32;sujet32;;1;25;2;balsa;3;p10;8;8;58;0.184;203.081664;3.404587973;-30.49779453
32;sujet32;;1;25;2;balsa;3;p10;9;9;59;0.224;266.9603154;3.469646199;-27.11285563
32;sujet32;;1;25;2;balsa;3;p10;10;10;60;0.24;297.7119029;3.373951273;-13.60112452
32;sujet32;;2;50;1;alu;1;m10;1;1;61;0.252;193.7764496;2.942973324;13.00578513
32;sujet32;;2;50;1;alu;1;m10;2;2;62;0.248;240.3025569;3.130410801;29.12999709
32;sujet32;;2;50;1;alu;1;m10;3;3;63;0.22;163.3346079;2.916976367;-17.21898457
32;sujet32;;2;50;1;alu;1;m10;4;4;64;0.284;245.2959988;3.046139171;-3.724333829
32;sujet32;;2;50;1;alu;1;m10;5;5;65;0.252;253.9978521;3.13946161;-1.191177373
32;sujet32;;2;50;1;alu;1;m10;6;6;66;0.2;197.3537008;2.817413107;23.47081234
32;sujet32;;2;50;1;alu;1;m10;7;7;67;0.208;177.9309265;2.728122228;-15.38673745
32;sujet32;;2;50;1;alu;1;m10;8;8;68;0.236;196.4222279;2.976284439;-5.612473557
32;sujet32;;2;50;1;alu;1;m10;9;9;69;0.172;171.4989789;3.5966907;-1.215754589
32;sujet32;;2;50;1;alu;1;m10;10;10;70;0.288;218.3656951;3.031698726;-69.30847422
32;sujet32;;2;50;1;alu;2;0;1;1;71;0.284;327.1092407;2.85065435;-19.51786527
32;sujet32;;2;50;1;alu;2;0;2;2;72;0.212;243.6061235;2.951354958;-4.641302238
32;sujet32;;2;50;1;alu;2;0;3;3;73;0.244;255.1629716;3.691866376;-22.39843409
32;sujet32;;2;50;1;alu;2;0;4;4;74;0.228;295.3723614;2.971156488;-18.63386073
32;sujet32;;2;50;1;alu;2;0;5;5;75;0.236;278.3579899;3.052314728;7.77174745
32;sujet32;;2;50;1;alu;2;0;6;6;76;0.18;263.6763458;3.270351283;-23.88145402
32;sujet32;;2;50;1;alu;2;0;7;7;77;0.252;308.6205477;2.831758846;-20.3955266
32;sujet32;;2;50;1;alu;2;0;8;8;78;0.292;352.4168477;3.440873708;-16.72971535
32;sujet32;;2;50;1;alu;2;0;9;9;79;0.256;322.2311251;3.765133814;15.15513613
32;sujet32;;2;50;1;alu;2;0;10;10;80;0.28;329.0912199;3.518459283;4.207397756
32;sujet32;;2;50;1;alu;3;p10;1;1;81;0.204;167.3367151;2.922217547;-64.24918214
32;sujet32;;2;50;1;alu;3;p10;2;2;82;0.22;197.0985327;2.745679164;-28.77999692
32;sujet32;;2;50;1;alu;3;p10;3;3;83;0.164;209.7697866;2.949757419;-43.17129326
32;sujet32;;2;50;1;alu;3;p10;4;4;84;0.196;213.599495;2.920030964;-11.89534336
32;sujet32;;2;50;1;alu;3;p10;5;5;85;0.252;304.9286046;2.879578738;-21.11455463
32;sujet32;;2;50;1;alu;3;p10;6;6;86;0.228;235.6905684;3.300938909;-11.11542259
32;sujet32;;2;50;1;alu;3;p10;7;7;87;0.26;308.7270138;3.349832556;-22.17487943
32;sujet32;;2;50;1;alu;3;p10;8;8;88;0.208;262.2546751;3.149272599;-32.66595335
32;sujet32;;2;50;1;alu;3;p10;9;9;89;0.296;342.0185592;3.572623478;-24.18432951
32;sujet32;;2;50;1;alu;3;p10;10;10;90;0.236;292.6945267;3.453979322;-13.74313762
32;sujet32;;2;50;2;balsa;1;m10;1;1;91;0.312;277.4562087;2.988500642;9.381478677
32;sujet32;;2;50;2;balsa;1;m10;2;2;92;0.224;261.3783694;2.667324639;-54.80520353
32;sujet32;;2;50;2;balsa;1;m10;3;3;93;0.28;336.0128278;3.356516232;-7.400048557
32;sujet32;;2;50;2;balsa;1;m10;4;4;94;0.296;341.9937172;2.599757978;-52.58851197
32;sujet32;;2;50;2;balsa;1;m10;5;5;95;0.24;311.8531084;3.794519258;37.9115281
32;sujet32;;2;50;2;balsa;1;m10;6;6;96;0.276;313.9196547;3.308572436;-21.44105738
32;sujet32;;2;50;2;balsa;1;m10;7;7;97;0.268;389.2640856;3.298655933;25.19032701
32;sujet32;;2;50;2;balsa;1;m10;8;8;98;0.212;235.1119702;3.315310779;51.76140528
32;sujet32;;2;50;2;balsa;1;m10;9;9;99;0.196;234.8092392;3.169752546;1.312526811
32;sujet32;;2;50;2;balsa;1;m10;10;10;100;0.232;256.6846428;2.68333136;-76.14400871
32;sujet32;;2;50;2;balsa;2;0;1;1;101;0.244;203.6016985;2.94288918;-18.92843419
32;sujet32;;2;50;2;balsa;2;0;2;2;102;0.256;272.8427823;3.32200223;-37.68484041
32;sujet32;;2;50;2;balsa;2;0;3;3;103;0.264;294.2723673;3.411314199;-8.597075044
32;sujet32;;2;50;2;balsa;2;0;4;4;104;0.224;360.5214994;4.001956578;-22.95628677
32;sujet32;;2;50;2;balsa;2;0;5;5;105;0.24;354.9190573;4.169809024;-24.15570053
32;sujet32;;2;50;2;balsa;2;0;6;6;106;0.26;361.8267846;4.265865391;20.62424328
32;sujet32;;2;50;2;balsa;2;0;7;7;107;0.22;325.0341365;4.156761414;5.015683087
32;sujet32;;2;50;2;balsa;2;0;8;8;108;0.212;259.3675822;4.072163733;-20.45396175
32;sujet32;;2;50;2;balsa;2;0;9;9;109;0.256;361.1744967;3.605531763;12.40350956
32;sujet32;;2;50;2;balsa;2;0;10;10;110;0.228;304.0497714;3.942821513;16.48868648
32;sujet32;;2;50;2;balsa;3;p10;1;1;111;0.22;209.5577066;2.866274257;-15.1052088
32;sujet32;;2;50;2;balsa;3;p10;2;2;112;0.232;238.341088;3.309867074;-10.30609844
32;sujet32;;2;50;2;balsa;3;p10;3;3;113;0.2;256.6788559;3.819859712;-0.245591169
32;sujet32;;2;50;2;balsa;3;p10;4;4;114;0.18;191.0609325;4.078990169;-13.90013514
32;sujet32;;2;50;2;balsa;3;p10;5;5;115;0.188;197.7152569;3.894853155;-35.98025533
32;sujet32;;2;50;2;balsa;3;p10;6;6;116;0.22;219.8720388;3.692926389;-11.05850828
32;sujet32;;2;50;2;balsa;3;p10;7;7;117;0.172;237.7379572;3.558039843;-42.49433171
32;sujet32;;2;50;2;balsa;3;p10;8;8;118;0.208;254.6780246;3.371045928;-8.806117824
32;sujet32;;2;50;2;balsa;3;p10;9;9;119;0.188;234.1903817;3.957806006;2.893250102
32;sujet32;;2;50;2;balsa;3;p10;10;10;120;0.212;241.8606867;2.703621707;-18.48418813
33;sujet33;;1;25;1;alu;1;m10;1;1;1;0.124;114.2893085;2.158971029;-26.68897839
33;sujet33;;1;25;1;alu;1;m10;2;2;2;0.124;120.7287835;2.555119971;9.858826624
33;sujet33;;1;25;1;alu;1;m10;3;3;3;0.128;120.1267485;2.456606374;27.67445346
33;sujet33;;1;25;1;alu;1;m10;4;4;4;0.116;112.1091742;2.289316823;10.43911086
33;sujet33;;1;25;1;alu;1;m10;5;5;5;0.108;96.04649969;2.230471814;-3.37224767
33;sujet33;;1;25;1;alu;1;m10;6;6;6;0.128;122.6789008;2.413306627;11.83363506
33;sujet33;;1;25;1;alu;1;m10;7;7;7;0.144;111.3291061;2.089203259;-10.41699486
33;sujet33;;1;25;1;alu;1;m10;8;8;8;0.128;133.4967894;2.214388089;33.16018174
33;sujet33;;1;25;1;alu;1;m10;9;9;9;0.12;93.96389907;1.959665554;-22.40867698
33;sujet33;;1;25;1;alu;1;m10;10;10;10;0.2;198.1554657;2.869425594;9.546111335
33;sujet33;;1;25;1;alu;2;0;1;1;11;0.08;39.75602345;1.27392408;-78.6683036
33;sujet33;;1;25;1;alu;2;0;2;2;12;0.1;95.78084461;2.338717111;-22.68255633
33;sujet33;;1;25;1;alu;2;0;3;3;13;0.104;128.3095699;2.4147975;6.443727031
33;sujet33;;1;25;1;alu;2;0;4;4;14;0.136;146.3606638;1.910016972;-53.53421484
33;sujet33;;1;25;1;alu;2;0;5;5;15;0.096;106.6010737;2.826948691;6.308146641
33;sujet33;;1;25;1;alu;2;0;6;6;16;0.108;115.2457151;2.952850092;36.81945674
33;sujet33;;1;25;1;alu;2;0;7;7;17;0.088;74.40226895;2.049651055;-36.32734584
33;sujet33;;1;25;1;alu;2;0;8;8;18;0.12;122.7355224;2.340503271;0.315511114
33;sujet33;;1;25;1;alu;2;0;9;9;19;0.128;118.7455083;2.642432374;-23.83244477
33;sujet33;;1;25;1;alu;2;0;10;10;20;0.112;107.3421921;2.852577745;33.94993321
33;sujet33;;1;25;1;alu;3;p10;1;1;21;0.132;135.001683;2.077408864;-15.23386784
33;sujet33;;1;25;1;alu;3;p10;2;2;22;0.16;173.1430393;3.054681698;31.75150007
33;sujet33;;1;25;1;alu;3;p10;3;3;23;0.14;128.2107821;2.462832763;-24.42570737
33;sujet33;;1;25;1;alu;3;p10;4;4;24;0.128;129.5753079;2.323495286;-25.18159055
33;sujet33;;1;25;1;alu;3;p10;5;5;25;0.136;147.1118818;2.405313155;15.77104751
33;sujet33;;1;25;1;alu;3;p10;6;6;26;0.16;182.6259299;2.687288897;-0.0000259
33;sujet33;;1;25;1;alu;3;p10;7;7;27;0.14;167.4707527;2.880484058;26.49578504
33;sujet33;;1;25;1;alu;3;p10;8;8;28;0.16;157.5449887;2.451433713;-6.011469891
33;sujet33;;1;25;1;alu;3;p10;9;9;29;0.156;164.1753901;2.566471279;26.67353708
33;sujet33;;1;25;1;alu;3;p10;10;10;30;0.18;170.9655119;2.170612982;-7.360419206
33;sujet33;;1;25;2;balsa;1;m10;1;1;31;0.088;66.65449669;1.848137843;7.149400815
33;sujet33;;1;25;2;balsa;1;m10;2;2;32;0.116;102.5317829;2.134820274;10.17255727
33;sujet33;;1;25;2;balsa;1;m10;3;3;33;0.12;106.3374101;2.23193844;8.800173524
33;sujet33;;1;25;2;balsa;1;m10;4;4;34;0.088;77.95526434;2.683750754;16.7952854
33;sujet33;;1;25;2;balsa;1;m10;5;5;35;0.104;105.013884;2.00653363;-30.46016771
33;sujet33;;1;25;2;balsa;1;m10;6;6;36;0.124;131.1323698;2.297397689;-13.78471017
33;sujet33;;1;25;2;balsa;1;m10;7;7;37;0.112;124.5482461;2.35097142;43.83720131
33;sujet33;;1;25;2;balsa;1;m10;8;8;38;0.096;86.8718042;2.025291693;24.15007863
33;sujet33;;1;25;2;balsa;1;m10;9;9;39;0.104;83.57627372;2.049175566;21.92616097
33;sujet33;;1;25;2;balsa;1;m10;10;10;40;0.12;97.52155037;2.057361639;3.937115755
33;sujet33;;1;25;2;balsa;2;0;1;1;41;0.124;106.1110228;2.367304259;5.266838491
33;sujet33;;1;25;2;balsa;2;0;2;2;42;0.12;130.671787;2.295523193;-18.18402638
33;sujet33;;1;25;2;balsa;2;0;3;3;43;0.108;93.73510689;2.291499167;40.58878421
33;sujet33;;1;25;2;balsa;2;0;4;4;44;0.104;90.16048669;2.244256888;-13.32412102
33;sujet33;;1;25;2;balsa;2;0;5;5;45;0.1;95.82423171;2.102576639;6.149142534
33;sujet33;;1;25;2;balsa;2;0;6;6;46;0.096;75.48092414;1.71281461;-16.50118556
33;sujet33;;1;25;2;balsa;2;0;7;7;47;0.132;121.222883;2.128159409;12.61537775
33;sujet33;;1;25;2;balsa;2;0;8;8;48;0.104;87.98059584;1.802517787;-15.39957034
33;sujet33;;1;25;2;balsa;2;0;9;9;49;0.104;109.1339743;2.41947337;43.81672709
33;sujet33;;1;25;2;balsa;2;0;10;10;50;0.112;92.33182993;1.945746663;-15.05202593
33;sujet33;;1;25;2;balsa;3;p10;1;1;51;0.148;138.5052589;2.612757767;22.26774039
33;sujet33;;1;25;2;balsa;3;p10;2;2;52;0.112;113.4144315;2.313302212;-24.38841815
33;sujet33;;1;25;2;balsa;3;p10;3;3;53;0.12;125.7520183;2.226638586;22.55868508
33;sujet33;;1;25;2;balsa;3;p10;4;4;54;0.1;101.9947135;2.177225616;-10.55959935
33;sujet33;;1;25;2;balsa;3;p10;5;5;55;0.104;101.8822725;2.036229928;-3.419409449
33;sujet33;;1;25;2;balsa;3;p10;6;6;56;0.104;106.4041713;2.208899307;-0.365828762
33;sujet33;;1;25;2;balsa;3;p10;7;7;57;0.124;116.1168942;2.186808771;-2.156013824
33;sujet33;;1;25;2;balsa;3;p10;8;8;58;0.108;91.9034741;2.071858679;-0.936905679
33;sujet33;;1;25;2;balsa;3;p10;9;9;59;0.108;102.9932282;1.986230554;6.924276172
33;sujet33;;1;25;2;balsa;3;p10;10;10;60;0.088;69.49478878;1.771289025;-12.76500214
33;sujet33;;2;50;1;alu;1;m10;1;1;61;0.104;108.624956;2.58487176;2.872408544
33;sujet33;;2;50;1;alu;1;m10;2;2;62;0.104;103.2192253;2.703989091;-18.25738026
33;sujet33;;2;50;1;alu;1;m10;3;3;63;0.08;95.2154052;2.675608401;-9.537281333
33;sujet33;;2;50;1;alu;1;m10;4;4;64;0.128;155.9116581;2.6305567;31.14481426
33;sujet33;;2;50;1;alu;1;m10;5;5;65;0.104;123.4210973;2.219965766;2.655439488
33;sujet33;;2;50;1;alu;1;m10;6;6;66;0.172;165.394174;2.608783318;-3.815435239
33;sujet33;;2;50;1;alu;1;m10;7;7;67;0.1;96.00642855;2.197440006;3.118753373
33;sujet33;;2;50;1;alu;1;m10;8;8;68;0.092;105.3975324;2.596420463;-3.478422055
33;sujet33;;2;50;1;alu;1;m10;9;9;69;0.108;97.32082546;2.208359487;18.44216409
33;sujet33;;2;50;1;alu;1;m10;10;10;70;0.128;108.5673872;1.929845628;24.01537808
33;sujet33;;2;50;1;alu;2;0;1;1;71;0.116;151.3151313;3.106097775;22.12373579
33;sujet33;;2;50;1;alu;2;0;2;2;72;0.116;138.4177174;2.351208496;-34.64874921
33;sujet33;;2;50;1;alu;2;0;3;3;73;0.132;166.4515953;2.64879329;14.0069422
33;sujet33;;2;50;1;alu;2;0;4;4;74;0.12;147.1614412;3.033474881;4.095614384
33;sujet33;;2;50;1;alu;2;0;5;5;75;0.104;141.7760376;2.594459219;0.167775672
33;sujet33;;2;50;1;alu;2;0;6;6;76;0.136;173.79163;2.938379353;-5.512849099
33;sujet33;;2;50;1;alu;2;0;7;7;77;0.128;192.3534834;3.670250149;24.94297882
33;sujet33;;2;50;1;alu;2;0;8;8;78;0.112;160.3864286;2.510996394;-20.37266378
33;sujet33;;2;50;1;alu;2;0;9;9;79;0.116;143.5520668;2.340029082;-26.91616116
33;sujet33;;2;50;1;alu;2;0;10;10;80;0.116;156.2536086;3.027765127;20.06966526
33;sujet33;;2;50;1;alu;3;p10;1;1;81;0.092;116.4530541;2.814946318;-21.89949752
33;sujet33;;2;50;1;alu;3;p10;2;2;82;0.092;153.0923691;3.256206794;16.20675598
33;sujet33;;2;50;1;alu;3;p10;3;3;83;0.104;167.6050363;3.263918443;13.64736252
33;sujet33;;2;50;1;alu;3;p10;4;4;84;0.1;134.975442;3.103374957;-20.54996102
33;sujet33;;2;50;1;alu;3;p10;5;5;85;0.108;151.0735435;2.872483638;2.061699476
33;sujet33;;2;50;1;alu;3;p10;6;6;86;0.108;140.6222884;3.049442947;-12.40442039
33;sujet33;;2;50;1;alu;3;p10;7;7;87;0.096;138.4563451;2.901832305;2.635259534
33;sujet33;;2;50;1;alu;3;p10;8;8;88;0.1;163.7542324;3.129412261;15.58508981
33;sujet33;;2;50;1;alu;3;p10;9;9;89;0.108;153.1054577;2.989802389;-7.071484893
33;sujet33;;2;50;1;alu;3;p10;10;10;90;0.088;132.3278845;2.870139503;-13.72858893
33;sujet33;;2;50;2;balsa;1;m10;1;1;91;0.108;127.2097595;2.303549056;-1.907213453
33;sujet33;;2;50;2;balsa;1;m10;2;2;92;0.076;90.17585429;2.333981395;-15.63733743
33;sujet33;;2;50;2;balsa;1;m10;3;3;93;0.1;113.153058;2.504486881;16.4970917
33;sujet33;;2;50;2;balsa;1;m10;4;4;94;0.068;80.19564853;2.573917855;19.71188367
33;sujet33;;2;50;2;balsa;1;m10;5;5;95;0.092;110.797262;2.542210943;-27.46931576
33;sujet33;;2;50;2;balsa;1;m10;6;6;96;0.1;133.1099509;3.240885182;5.192142266
33;sujet33;;2;50;2;balsa;1;m10;7;7;97;0.064;84.68205542;3.184786384;32.70405555
33;sujet33;;2;50;2;balsa;1;m10;8;8;98;0.076;82.78692159;2.894083115;8.96833484
33;sujet33;;2;50;2;balsa;1;m10;9;9;99;0.076;86.45770454;2.549792916;13.59656978
33;sujet33;;2;50;2;balsa;1;m10;10;10;100;0.088;97.07687366;2.759060024;-2.235705235
33;sujet33;;2;50;2;balsa;2;0;1;1;101;0.104;117.991956;2.226559375;-26.63608154
33;sujet33;;2;50;2;balsa;2;0;2;2;102;0.108;141.3639545;2.910468005;-13.6284209
33;sujet33;;2;50;2;balsa;2;0;3;3;103;0.112;166.3110991;3.115305653;27.84887946
33;sujet33;;2;50;2;balsa;2;0;4;4;104;0.108;144.0054064;2.600310799;6.020655319
33;sujet33;;2;50;2;balsa;2;0;5;5;105;0.128;137.5718396;2.474113114;-5.536142381
33;sujet33;;2;50;2;balsa;2;0;6;6;106;0.108;120.5348735;2.853193178;-7.972304314
33;sujet33;;2;50;2;balsa;2;0;7;7;107;0.096;134.5908717;3.131677982;46.25160755
33;sujet33;;2;50;2;balsa;2;0;8;8;108;0.096;119.3892317;2.692157311;-15.87776438
33;sujet33;;2;50;2;balsa;2;0;9;9;109;0.112;126.0170053;2.537735395;-13.18800007
33;sujet33;;2;50;2;balsa;2;0;10;10;110;0.152;162.0132515;2.459358389;-18.32850285
33;sujet33;;2;50;2;balsa;3;p10;1;1;111;0.1;125.5067234;2.853309211;0.826525086
33;sujet33;;2;50;2;balsa;3;p10;2;2;112;0.132;155.4467153;2.51443515;-38.2867071
33;sujet33;;2;50;2;balsa;3;p10;3;3;113;0.084;115.0530263;2.869336786;-8.939403426
33;sujet33;;2;50;2;balsa;3;p10;4;4;114;0.1;137.0982652;3.171491819;-7.069727396
33;sujet33;;2;50;2;balsa;3;p10;5;5;115;0.1;121.0361137;2.655035137;-5.018762681
33;sujet33;;2;50;2;balsa;3;p10;6;6;116;0.08;107.7742649;2.959080128;-5.098903894
33;sujet33;;2;50;2;balsa;3;p10;7;7;117;0.1;109.4880605;2.778010161;-4.250142202
33;sujet33;;2;50;2;balsa;3;p10;8;8;118;0.116;153.488957;3.024812003;-8.696622367
33;sujet33;;2;50;2;balsa;3;p10;9;9;119;0.104;135.9581898;2.745207867;-4.723388358
33;sujet33;;2;50;2;balsa;3;p10;10;10;120;0.124;174.4337258;2.884825761;-7.136005522
35;sujet35;;1;25;1;alu;1;m10;1;1;1;0.092;58.86799185;1.900707365;8.586854616
35;sujet35;;1;25;1;alu;1;m10;2;2;2;0.076;40.63481694;1.452227624;-18.40977471
35;sujet35;;1;25;1;alu;1;m10;3;3;3;0.076;43.87362647;1.508923211;-8.549544571
35;sujet35;;1;25;1;alu;1;m10;4;4;4;0.068;44.98725176;1.510295291;28.99389804
35;sujet35;;1;25;1;alu;1;m10;5;5;5;0.06;36.40154922;1.354494124;-1.054640474
35;sujet35;;1;25;1;alu;1;m10;6;6;6;0.064;36.869567;1.533071591;-1.799175982
35;sujet35;;1;25;1;alu;1;m10;7;7;7;0.064;39.28918425;1.598156086;12.8034561
35;sujet35;;1;25;1;alu;1;m10;8;8;8;0.072;32.91942111;1.044563101;-11.41219162
35;sujet35;;1;25;1;alu;1;m10;9;9;9;0.06;36.31891809;1.708311126;5.250957436
35;sujet35;;1;25;1;alu;1;m10;10;10;10;0.064;42.69522113;1.591098323;3.823792175
35;sujet35;;1;25;1;alu;2;0;1;1;11;0.148;67.16726121;1.983019198;-27.4790237
35;sujet35;;1;25;1;alu;2;0;2;2;12;0.088;46.27035182;1.921970841;2.536171327
35;sujet35;;1;25;1;alu;2;0;3;3;13;0.092;60.05974019;1.975955099;-16.95868486
35;sujet35;;1;25;1;alu;2;0;4;4;14;0.108;86.56252464;2.517518528;-2.373407784
35;sujet35;;1;25;1;alu;2;0;5;5;15;0.072;57.60193017;2.435318865;23.22181669
35;sujet35;;1;25;1;alu;2;0;6;6;16;0.064;54.25125191;2.377582905;14.09725322
35;sujet35;;1;25;1;alu;2;0;7;7;17;0.076;63.68607026;2.280641922;-11.26125891
35;sujet35;;1;25;1;alu;2;0;8;8;18;0.088;58.96067352;1.78945722;-7.055701906
35;sujet35;;1;25;1;alu;2;0;9;9;19;0.096;74.22621537;2.272314866;-28.01083812
35;sujet35;;1;25;1;alu;2;0;10;10;20;0.08;71.2540048;2.39189044;8.372605105
35;sujet35;;1;25;1;alu;3;p10;1;1;21;0.1;93.73862481;2.679971502;-9.339779475
35;sujet35;;1;25;1;alu;3;p10;2;2;22;0.084;77.83544275;2.4851134;-10.81450873
35;sujet35;;1;25;1;alu;3;p10;3;3;23;0.084;74.43297495;2.512677379;-2.058746634
35;sujet35;;1;25;1;alu;3;p10;4;4;24;0.092;77.71964917;2.304005638;-1.391976394
35;sujet35;;1;25;1;alu;3;p10;5;5;25;0.08;69.08861264;2.217097851;-2.116046976
35;sujet35;;1;25;1;alu;3;p10;6;6;26;0.084;74.34794248;2.403525315;7.358634408
35;sujet35;;1;25;1;alu;3;p10;7;7;27;0.084;76.09564527;2.502096668;13.80922302
35;sujet35;;1;25;1;alu;3;p10;8;8;28;0.076;71.87026945;2.612103583;-0.177887369
35;sujet35;;1;25;1;alu;3;p10;9;9;29;0.072;77.20584619;2.672702673;14.69449184
35;sujet35;;1;25;1;alu;3;p10;10;10;30;0.072;64.61740278;2.473027159;6.551651516
35;sujet35;;1;25;2;balsa;1;m10;1;1;31;0.128;94.90936527;1.939970821;17.02712858
35;sujet35;;1;25;2;balsa;1;m10;2;2;32;0.16;107.6482932;1.689834256;-17.69613301
35;sujet35;;1;25;2;balsa;1;m10;3;3;33;0.116;61.26747639;1.712578342;7.010925284
35;sujet35;;1;25;2;balsa;1;m10;4;4;34;0.072;58.19545712;1.774134435;-24.9600705
35;sujet35;;1;25;2;balsa;1;m10;5;5;35;0.092;65.05058866;1.935075907;4.498576954
35;sujet35;;1;25;2;balsa;1;m10;6;6;36;0.08;57.84721365;2.021722119;-4.400067655
35;sujet35;;1;25;2;balsa;1;m10;7;7;37;0.092;66.53775777;2.146478861;-15.41371809
35;sujet35;;1;25;2;balsa;1;m10;8;8;38;0.092;60.54541234;1.937134104;-12.51416351
35;sujet35;;1;25;2;balsa;1;m10;9;9;39;0.116;66.47552638;2.160034635;1.425926446
35;sujet35;;1;25;2;balsa;1;m10;10;10;40;0.116;83.68511792;2.36646059;-24.74881263
35;sujet35;;1;25;2;balsa;2;0;1;1;41;0.124;110.2274501;2.235890193;-73.31347714
35;sujet35;;1;25;2;balsa;2;0;2;2;42;0.12;105.0951589;2.38927392;-45.70984867
35;sujet35;;1;25;2;balsa;2;0;3;3;43;0.152;105.4781748;2.654843701;20.14111224
35;sujet35;;1;25;2;balsa;2;0;4;4;44;0.148;101.6646686;2.081059186;-62.84457431
35;sujet35;;1;25;2;balsa;2;0;5;5;45;0.124;104.8833616;2.005739795;-42.32284764
35;sujet35;;1;25;2;balsa;2;0;6;6;46;0.144;103.7553981;1.846501675;-20.88606921
35;sujet35;;1;25;2;balsa;2;0;7;7;47;0.14;111.0315624;2.595474803;-0.816383253
35;sujet35;;1;25;2;balsa;2;0;8;8;48;0.136;95.17691644;2.236845276;-11.9749936
35;sujet35;;1;25;2;balsa;2;0;9;9;49;0.152;108.1042836;2.83470751;-1.23981595
35;sujet35;;1;25;2;balsa;2;0;10;10;50;0.116;97.7612018;2.561663849;-30.9169531
35;sujet35;;1;25;2;balsa;3;p10;1;1;51;0.096;96.57827006;2.546434466;3.791881329
35;sujet35;;1;25;2;balsa;3;p10;2;2;52;0.112;110.7019293;3.001355299;-31.05466352
35;sujet35;;1;25;2;balsa;3;p10;3;3;53;0.092;97.29823974;2.879484804;-8.271615256
35;sujet35;;1;25;2;balsa;3;p10;4;4;54;0.132;121.7987908;3.055219878;-32.68250508
35;sujet35;;1;25;2;balsa;3;p10;5;5;55;0.132;138.6445408;3.061195209;-4.540938234
35;sujet35;;1;25;2;balsa;3;p10;6;6;56;0.14;127.3049633;3.010930351;2.834145688
35;sujet35;;1;25;2;balsa;3;p10;7;7;57;0.136;126.7581331;2.649089154;-37.18542888
35;sujet35;;1;25;2;balsa;3;p10;8;8;58;0.116;135.5183912;2.714744649;-27.20423979
35;sujet35;;1;25;2;balsa;3;p10;9;9;59;0.1;108.4243311;3.042046116;17.88866293
35;sujet35;;1;25;2;balsa;3;p10;10;10;60;0.1;119.2555969;3.035688789;-1.158145909
35;sujet35;;2;50;1;alu;1;m10;1;1;61;0.1;78.47171857;2.338871081;12.62433857
35;sujet35;;2;50;1;alu;1;m10;2;2;62;0.116;88.11342713;2.136648198;-29.29550072
35;sujet35;;2;50;1;alu;1;m10;3;3;63;0.104;86.04595061;2.447378913;-10.09087039
35;sujet35;;2;50;1;alu;1;m10;4;4;64;0.1;93.67289612;2.267050783;0.753107167
35;sujet35;;2;50;1;alu;1;m10;5;5;65;0.092;79.28730093;2.1856254;-24.0437001
35;sujet35;;2;50;1;alu;1;m10;6;6;66;0.088;83.07848504;2.428318499;-8.475155687
35;sujet35;;2;50;1;alu;1;m10;7;7;67;0.08;76.63031237;2.544996209;17.15930406
35;sujet35;;2;50;1;alu;1;m10;8;8;68;0.092;94.52773959;2.862714079;51.6076255
35;sujet35;;2;50;1;alu;1;m10;9;9;69;0.12;94.01834754;1.920922618;-26.06199251
35;sujet35;;2;50;1;alu;1;m10;10;10;70;0.104;92.69496942;2.467741949;-0.735562744
35;sujet35;;2;50;1;alu;2;0;1;1;71;0.124;131.3143805;3.056091898;-25.09705977
35;sujet35;;2;50;1;alu;2;0;2;2;72;0.1;116.8569052;3.15539683;-14.54348745
35;sujet35;;2;50;1;alu;2;0;3;3;73;0.1;94.86474048;2.53112537;-11.80262394
35;sujet35;;2;50;1;alu;2;0;4;4;74;0.1;119.8914665;2.969104937;10.16553991
35;sujet35;;2;50;1;alu;2;0;5;5;75;0.084;81.54082819;3.047317258;5.60326043
35;sujet35;;2;50;1;alu;2;0;6;6;76;0.1;95.04249182;3.262964524;6.574825955
35;sujet35;;2;50;1;alu;2;0;7;7;77;0.084;93.40056418;2.797924621;-19.77934191
35;sujet35;;2;50;1;alu;2;0;8;8;78;0.104;91.68090361;2.596924013;-30.40413224
35;sujet35;;2;50;1;alu;2;0;9;9;79;0.092;99.4068528;3.194448787;27.22382919
35;sujet35;;2;50;1;alu;2;0;10;10;80;0.084;96.4889604;2.717863522;-25.64865517
35;sujet35;;2;50;1;alu;3;p10;1;1;81;0.104;109.8586646;3.274392794;-12.70867199
35;sujet35;;2;50;1;alu;3;p10;2;2;82;0.14;131.7754437;3.2326322;-27.78711273
35;sujet35;;2;50;1;alu;3;p10;3;3;83;0.116;142.8918853;3.221719205;-4.811177222
35;sujet35;;2;50;1;alu;3;p10;4;4;84;0.128;144.7658346;2.881579724;0.301965666
35;sujet35;;2;50;1;alu;3;p10;5;5;85;0.156;143.1764514;2.821743178;-13.87103246
35;sujet35;;2;50;1;alu;3;p10;6;6;86;0.112;131.5431318;3.028614681;-19.5489365
35;sujet35;;2;50;1;alu;3;p10;7;7;87;0.14;141.5443908;3.287588257;-14.51266564
35;sujet35;;2;50;1;alu;3;p10;8;8;88;0.148;143.2799672;3.747581631;15.40860624
35;sujet35;;2;50;1;alu;3;p10;9;9;89;0.152;157.7704348;2.798891971;-22.98401287
35;sujet35;;2;50;1;alu;3;p10;10;10;90;0.108;135.7748069;3.148561158;-10.15868874
35;sujet35;;2;50;2;balsa;1;m10;1;1;91;0.12;133.3785479;3.136528259;-9.785713388
35;sujet35;;2;50;2;balsa;1;m10;2;2;92;0.092;135.932124;3.13323562;-19.50763973
35;sujet35;;2;50;2;balsa;1;m10;3;3;93;0.144;148.3161736;2.922575063;-16.41470866
35;sujet35;;2;50;2;balsa;1;m10;4;4;94;0.124;132.4502878;2.892452863;3.446058029
35;sujet35;;2;50;2;balsa;1;m10;5;5;95;0.12;120.3501547;2.592327278;-21.70569878
35;sujet35;;2;50;2;balsa;1;m10;6;6;96;0.124;146.504255;3.268868262;10.03639337
35;sujet35;;2;50;2;balsa;1;m10;7;7;97;0.112;116.6370022;2.807670092;-7.506845412
35;sujet35;;2;50;2;balsa;1;m10;8;8;98;0.096;106.1178458;2.651430521;3.395179118
35;sujet35;;2;50;2;balsa;1;m10;9;9;99;0.112;106.124268;2.552571917;-25.55056518
35;sujet35;;2;50;2;balsa;1;m10;10;10;100;0.088;90.5662238;2.747224138;-4.728256124
35;sujet35;;2;50;2;balsa;2;0;1;1;101;0.088;88.57228074;2.924542717;-30.8200965
35;sujet35;;2;50;2;balsa;2;0;2;2;102;0.1;119.8685439;3.113094545;-25.77597893
35;sujet35;;2;50;2;balsa;2;0;3;3;103;0.176;184.7138755;2.651079298;-35.95718596
35;sujet35;;2;50;2;balsa;2;0;4;4;104;0.16;219.4965173;3.349765738;-8.759214178
35;sujet35;;2;50;2;balsa;2;0;5;5;105;0.148;180.4165752;3.990121431;35.90078673
35;sujet35;;2;50;2;balsa;2;0;6;6;106;0.112;119.4198299;3.239413923;-13.50688692
35;sujet35;;2;50;2;balsa;2;0;7;7;107;0.092;105.4765609;2.736920361;-12.6504764
35;sujet35;;2;50;2;balsa;2;0;8;8;108;0.128;150.7830283;3.296074408;29.59065697
35;sujet35;;2;50;2;balsa;2;0;9;9;109;0.1;129.8246793;2.841231465;-27.96628988
35;sujet35;;2;50;2;balsa;2;0;10;10;110;0.124;148.4719615;2.335851037;-34.98927297
35;sujet35;;2;50;2;balsa;3;p10;1;1;111;0.112;130.6004457;3.153730499;-15.40288287
35;sujet35;;2;50;2;balsa;3;p10;2;2;112;0.096;98.47431942;2.517834218;-38.90116421
35;sujet35;;2;50;2;balsa;3;p10;3;3;113;0.164;167.6799798;2.906592041;-33.93803221
35;sujet35;;2;50;2;balsa;3;p10;4;4;114;0.12;156.4358336;3.434829426;-26.97904987
35;sujet35;;2;50;2;balsa;3;p10;5;5;115;0.128;169.8212011;3.477417054;-20.78480987
35;sujet35;;2;50;2;balsa;3;p10;6;6;116;0.084;123.569659;3.612231649;-7.115805558
35;sujet35;;2;50;2;balsa;3;p10;7;7;117;0.108;120.1266924;3.395859728;-8.782180079
35;sujet35;;2;50;2;balsa;3;p10;8;8;118;0.124;158.8145993;3.59448175;1.329020526
35;sujet35;;2;50;2;balsa;3;p10;9;9;119;0.112;140.3198064;3.518601884;-0.065857784
35;sujet35;;2;50;2;balsa;3;p10;10;10;120;0.084;126.6382494;2.919886962;-20.53519469
36;sujet36;;1;25;1;alu;1;m10;1;1;1;0.1;24.37219859;1.080767998;-46.90249897
36;sujet36;;1;25;1;alu;1;m10;2;2;2;0.088;41.09938621;1.176194725;-0.72918786
36;sujet36;;1;25;1;alu;1;m10;3;3;3;0.096;42.99654907;0.991191873;-27.26932472
36;sujet36;;1;25;1;alu;1;m10;4;4;4;0.112;47.39445434;1.259657944;-21.18362911
36;sujet36;;1;25;1;alu;1;m10;5;5;5;0.128;55.45466983;1.146905701;-3.590347622
36;sujet36;;1;25;1;alu;1;m10;6;6;6;0.12;45.6635459;1.50431644;19.2139834
36;sujet36;;1;25;1;alu;1;m10;7;7;7;0.076;22.83026671;0.924318;-48.1403549
36;sujet36;;1;25;1;alu;1;m10;8;8;8;0.108;51.09863455;1.205994922;-35.91858611
36;sujet36;;1;25;1;alu;1;m10;9;9;9;0.092;38.13727279;1.228290724;-26.66751928
36;sujet36;;1;25;1;alu;1;m10;10;10;10;0.096;54.59067115;1.314061904;-26.56274479
36;sujet36;;1;25;1;alu;2;0;1;1;11;0.168;80.78895275;1.364897532;-19.11656487
36;sujet36;;1;25;1;alu;2;0;2;2;12;0.184;112.6622679;2.142839444;-20.11381548
36;sujet36;;1;25;1;alu;2;0;3;3;13;0.14;59.91052369;1.638860439;-29.94490836
36;sujet36;;1;25;1;alu;2;0;4;4;14;0.132;61.30478909;1.907407787;4.236408941
36;sujet36;;1;25;1;alu;2;0;5;5;15;0.144;71.42793255;1.578740154;-32.42051241
36;sujet36;;1;25;1;alu;2;0;6;6;16;0.112;76.40861624;1.862174577;1.241248902
36;sujet36;;1;25;1;alu;2;0;7;7;17;0.208;87.71902531;1.730086707;-59.71815935
36;sujet36;;1;25;1;alu;2;0;8;8;18;0.164;90.28546494;1.826335871;-24.59995274
36;sujet36;;1;25;1;alu;2;0;9;9;19;0.116;66.62487482;1.97110398;46.57764573
36;sujet36;;1;25;1;alu;2;0;10;10;20;0.104;52.82991337;1.48941627;-38.21650407
36;sujet36;;1;25;1;alu;3;p10;1;1;21;0.128;63.11961738;1.489151551;-64.14610371
36;sujet36;;1;25;1;alu;3;p10;2;2;22;0.084;71.92042391;2.1535559;-14.19877912
36;sujet36;;1;25;1;alu;3;p10;3;3;23;0.124;65.49893484;2.217653613;-7.168158652
36;sujet36;;1;25;1;alu;3;p10;4;4;24;0.104;64.31825396;1.933309106;-27.87927096
36;sujet36;;1;25;1;alu;3;p10;5;5;25;0.12;86.50081722;1.991807751;9.263597909
36;sujet36;;1;25;1;alu;3;p10;6;6;26;0.12;83.13311045;1.848428473;-0.711365071
36;sujet36;;1;25;1;alu;3;p10;7;7;27;0.116;66.69688273;1.686790308;-31.47149903
36;sujet36;;1;25;1;alu;3;p10;8;8;28;0.108;71.5664087;1.846270542;-24.69041981
36;sujet36;;1;25;1;alu;3;p10;9;9;29;0.096;66.96653285;1.909927971;9.365553856
36;sujet36;;1;25;1;alu;3;p10;10;10;30;0.1;58.31549823;2.047419281;-5.302615778
36;sujet36;;1;25;2;balsa;1;m10;1;1;31;0.12;56.00071333;1.652437609;-4.951703541
36;sujet36;;1;25;2;balsa;1;m10;2;2;32;0.092;43.26517387;1.892682674;-11.89227747
36;sujet36;;1;25;2;balsa;1;m10;3;3;33;0.08;43.852312;1.562397652;-21.11305344
36;sujet36;;1;25;2;balsa;1;m10;4;4;34;0.096;44.61630323;1.762680218;-28.67782388
36;sujet36;;1;25;2;balsa;1;m10;5;5;35;0.092;35.34037919;1.712296611;-14.53104496
36;sujet36;;1;25;2;balsa;1;m10;6;6;36;0.08;44.87497251;1.679201052;21.12515668
36;sujet36;;1;25;2;balsa;1;m10;7;7;37;0.08;43.05696402;1.700425007;-24.51348265
36;sujet36;;1;25;2;balsa;1;m10;8;8;38;0.084;58.44727998;1.6706106;-3.416228095
36;sujet36;;1;25;2;balsa;1;m10;9;9;39;0.088;40.45105366;1.451651051;-25.34503115
36;sujet36;;1;25;2;balsa;1;m10;10;10;40;0.06;29.86942887;1.656799371;-7.07647556
36;sujet36;;1;25;2;balsa;2;0;1;1;41;0.144;46.52288723;1.497867248;-59.21554762
36;sujet36;;1;25;2;balsa;2;0;2;2;42;0.116;58.37060661;1.410070447;-39.69559839
36;sujet36;;1;25;2;balsa;2;0;3;3;43;0.084;44.62351256;1.803757194;-39.53043581
36;sujet36;;1;25;2;balsa;2;0;4;4;44;0.1;64.24535224;1.770012497;-4.447251359
36;sujet36;;1;25;2;balsa;2;0;5;5;45;0.096;56.84577724;1.389741583;-30.56369281
36;sujet36;;1;25;2;balsa;2;0;6;6;46;0.088;65.31844513;2.126764581;7.610220876
36;sujet36;;1;25;2;balsa;2;0;7;7;47;0.092;69.35861692;1.812427879;-3.009588635
36;sujet36;;1;25;2;balsa;2;0;8;8;48;0.104;59.63238182;1.544380195;-24.15025368
36;sujet36;;1;25;2;balsa;2;0;9;9;49;0.072;40.23723188;1.688548811;-11.90901436
36;sujet36;;1;25;2;balsa;2;0;10;10;50;0.08;59.90727177;1.895087611;-2.946153331
36;sujet36;;1;25;2;balsa;3;p10;1;1;51;0.1;75.94455227;1.951844468;-4.290055076
36;sujet36;;1;25;2;balsa;3;p10;2;2;52;0.068;42.23509783;1.569177955;-19.3136846
36;sujet36;;1;25;2;balsa;3;p10;3;3;53;0.072;48.44985755;1.602197565;-30.74986179
36;sujet36;;1;25;2;balsa;3;p10;4;4;54;0.072;51.5099901;1.493635945;-28.05888157
36;sujet36;;1;25;2;balsa;3;p10;5;5;55;0.076;51.10909431;1.822183788;-7.051345642
36;sujet36;;1;25;2;balsa;3;p10;6;6;56;0.084;47.35651728;1.234294591;-36.92517332
36;sujet36;;1;25;2;balsa;3;p10;7;7;57;0.088;64.90531468;1.713129927;9.03400295
36;sujet36;;1;25;2;balsa;3;p10;8;8;58;0.08;62.39887822;1.443693891;-30.06863212
36;sujet36;;1;25;2;balsa;3;p10;9;9;59;0.112;68.09261033;1.520099782;-39.61324461
36;sujet36;;1;25;2;balsa;3;p10;10;10;60;0.092;60.53933979;1.567998996;-19.25306652
36;sujet36;;2;50;1;alu;1;m10;1;1;61;0.128;98.45395781;1.745281104;-13.6183252
36;sujet36;;2;50;1;alu;1;m10;2;2;62;0.124;96.77442449;2.109289543;-24.66200434
36;sujet36;;2;50;1;alu;1;m10;3;3;63;0.132;99.31545353;2.032737501;-24.67992265
36;sujet36;;2;50;1;alu;1;m10;4;4;64;0.156;122.6550157;2.257759097;-22.04928023
36;sujet36;;2;50;1;alu;1;m10;5;5;65;0.172;128.5943025;2.45970029;26.36486469
36;sujet36;;2;50;1;alu;1;m10;6;6;66;0.148;111.1311308;1.703140541;-22.84315268
36;sujet36;;2;50;1;alu;1;m10;7;7;67;0.148;102.7087699;1.611864912;-48.55094921
36;sujet36;;2;50;1;alu;1;m10;8;8;68;0.136;104.3784473;2.440306334;-4.057280712
36;sujet36;;2;50;1;alu;1;m10;9;9;69;0.132;106.7584796;2.305893519;-16.40955568
36;sujet36;;2;50;1;alu;1;m10;10;10;70;0.164;129.788532;2.160400062;-23.03309655
36;sujet36;;2;50;1;alu;2;0;1;1;71;0.136;143.4667969;2.989765995;-21.39111696
36;sujet36;;2;50;1;alu;2;0;2;2;72;0.14;126.3036319;2.689099977;-15.09528779
36;sujet36;;2;50;1;alu;2;0;3;3;73;0.168;151.564758;2.918977291;-1.91196976
36;sujet36;;2;50;1;alu;2;0;4;4;74;0.164;130.0754627;2.087746336;-43.36456382
36;sujet36;;2;50;1;alu;2;0;5;5;75;0.148;123.2845204;2.432418231;-12.76845665
36;sujet36;;2;50;1;alu;2;0;6;6;76;0.188;152.4195618;2.462022675;-19.72001336
36;sujet36;;2;50;1;alu;2;0;7;7;77;0.168;147.7162231;2.740570771;-13.48131616
36;sujet36;;2;50;1;alu;2;0;8;8;78;0.188;183.1727376;2.803139816;-19.97607157
36;sujet36;;2;50;1;alu;2;0;9;9;79;0.18;161.0748401;2.570741988;-15.49520072
36;sujet36;;2;50;1;alu;2;0;10;10;80;0.18;149.0032276;2.543076443;11.16873369
36;sujet36;;2;50;1;alu;3;p10;1;1;81;0.136;141.0342383;2.558325661;12.23157117
36;sujet36;;2;50;1;alu;3;p10;2;2;82;0.132;119.4653058;2.380093243;-9.588318476
36;sujet36;;2;50;1;alu;3;p10;3;3;83;0.16;105.3671274;2.23967409;-20.5275941
36;sujet36;;2;50;1;alu;3;p10;4;4;84;0.132;109.5728705;2.26147531;-4.124172887
36;sujet36;;2;50;1;alu;3;p10;5;5;85;0.132;99.40777807;2.16499361;-1.318136887
36;sujet36;;2;50;1;alu;3;p10;6;6;86;0.124;87.09156719;2.103829658;-19.6003853
36;sujet36;;2;50;1;alu;3;p10;7;7;87;0.148;105.4615643;1.646697673;-46.69031146
36;sujet36;;2;50;1;alu;3;p10;8;8;88;0.08;74.45520065;2.009254168;-18.53801325
36;sujet36;;2;50;1;alu;3;p10;9;9;89;0.104;67.32463408;1.699422189;-34.84712058
36;sujet36;;2;50;1;alu;3;p10;10;10;90;0.1;67.36402648;1.972841099;-3.345406815
36;sujet36;;2;50;2;balsa;1;m10;1;1;91;0.132;119.6394527;2.723829318;-20.90458388
36;sujet36;;2;50;2;balsa;1;m10;2;2;92;0.116;77.71845785;1.920150197;-14.31824251
36;sujet36;;2;50;2;balsa;1;m10;3;3;93;0.136;96.84563742;2.245828316;-20.76706425
36;sujet36;;2;50;2;balsa;1;m10;4;4;94;0.148;123.0591522;2.222511683;-27.79615561
36;sujet36;;2;50;2;balsa;1;m10;5;5;95;0.108;92.71182016;1.667960975;-10.68435438
36;sujet36;;2;50;2;balsa;1;m10;6;6;96;0.14;121.7572779;2.410642588;9.268275507
36;sujet36;;2;50;2;balsa;1;m10;7;7;97;0.12;117.0894621;2.247119877;14.81518961
36;sujet36;;2;50;2;balsa;1;m10;8;8;98;0.136;109.0907233;2.062822856;-23.07785817
36;sujet36;;2;50;2;balsa;1;m10;9;9;99;0.132;122.2162259;2.098165864;3.984884714
36;sujet36;;2;50;2;balsa;1;m10;10;10;100;0.128;97.93197164;1.780579336;-26.64701179
36;sujet36;;2;50;2;balsa;2;0;1;1;101;0.112;71.65906385;1.672843526;-33.81434097
36;sujet36;;2;50;2;balsa;2;0;2;2;102;0.112;86.69838429;1.955443636;-39.54670219
36;sujet36;;2;50;2;balsa;2;0;3;3;103;0.124;115.1031379;2.103893686;-33.11296207
36;sujet36;;2;50;2;balsa;2;0;4;4;104;0.144;125.5013337;1.785928485;-35.20774028
36;sujet36;;2;50;2;balsa;2;0;5;5;105;0.112;90.57857159;1.977658954;-29.7632057
36;sujet36;;2;50;2;balsa;2;0;6;6;106;0.124;108.7141559;2.108245994;-20.00933068
36;sujet36;;2;50;2;balsa;2;0;7;7;107;0.14;121.8727899;1.559396718;-41.13700768
36;sujet36;;2;50;2;balsa;2;0;8;8;108;0.12;106.3339617;2.154973715;-8.377921178
36;sujet36;;2;50;2;balsa;2;0;9;9;109;0.14;105.2958264;1.724187873;-29.21088815
36;sujet36;;2;50;2;balsa;2;0;10;10;110;0.128;106.8604519;1.784648832;-36.145848
36;sujet36;;2;50;2;balsa;3;p10;1;1;111;0.104;102.93968;2.46851171;-34.2222936
36;sujet36;;2;50;2;balsa;3;p10;2;2;112;0.104;93.57000759;2.476983296;-32.6388072
36;sujet36;;2;50;2;balsa;3;p10;3;3;113;0.1;89.19740067;2.510427149;-23.32224262
36;sujet36;;2;50;2;balsa;3;p10;4;4;114;0.088;91.30267144;2.753437897;-21.2612123
36;sujet36;;2;50;2;balsa;3;p10;5;5;115;0.1;85.45191647;2.306160181;-36.47476464
36;sujet36;;2;50;2;balsa;3;p10;6;6;116;0.088;98.16387896;2.666967987;-12.53472898
36;sujet36;;2;50;2;balsa;3;p10;7;7;117;0.088;80.68674814;2.461717747;-21.27322804
36;sujet36;;2;50;2;balsa;3;p10;8;8;118;0.104;92.21207275;2.574918935;-36.84942017
36;sujet36;;2;50;2;balsa;3;p10;9;9;119;0.1;106.2297943;2.692644658;-22.40651776
36;sujet36;;2;50;2;balsa;3;p10;10;10;120;0.096;96.79960643;2.285471809;-40.00459708
37;sujet37;;1;25;1;alu;1;m10;1;1;1;0.156;80.36067922;1.437796673;83.46755923
37;sujet37;;1;25;1;alu;1;m10;2;2;2;0.164;69.007983;1.302134354;20.47991597
37;sujet37;;1;25;1;alu;1;m10;3;3;3;0.132;60.19800952;1.433089228;6.177867039
37;sujet37;;1;25;1;alu;1;m10;4;4;4;0.156;69.60464757;1.109062984;-9.374260126
37;sujet37;;1;25;1;alu;1;m10;5;5;5;0.156;54.58478149;1.632316181;34.9919556
37;sujet37;;1;25;1;alu;1;m10;6;6;6;0.168;66.93986501;1.221986246;15.21277553
37;sujet37;;1;25;1;alu;1;m10;7;7;7;0.164;58.69185557;1.481652791;-21.28448882
37;sujet37;;1;25;1;alu;1;m10;8;8;8;0.164;83.53321537;1.200888557;17.17160141
37;sujet37;;1;25;1;alu;1;m10;9;9;9;0.152;75.84540862;1.486406894;18.1121797
37;sujet37;;1;25;1;alu;1;m10;10;10;10;0.16;84.51517278;1.207682141;-2.936316089
37;sujet37;;1;25;1;alu;2;0;1;1;11;0.084;40.98390927;1.123254439;-41.81994057
37;sujet37;;1;25;1;alu;2;0;2;2;12;0.112;48.80513581;1.071690815;-41.16261259
37;sujet37;;1;25;1;alu;2;0;3;3;13;0.088;45.42541898;1.628880315;37.12488813
37;sujet37;;1;25;1;alu;2;0;4;4;14;0.124;50.19876773;1.192547621;-25.52462799
37;sujet37;;1;25;1;alu;2;0;5;5;15;0.176;63.12635112;1.172120764;-16.30139214
37;sujet37;;1;25;1;alu;2;0;6;6;16;0.128;63.07608053;1.27377577;-20.97378311
37;sujet37;;1;25;1;alu;2;0;7;7;17;0.152;67.79698078;1.613304953;26.77140117
37;sujet37;;1;25;1;alu;2;0;8;8;18;0.148;55.42390203;1.468677854;-15.32488487
37;sujet37;;1;25;1;alu;2;0;9;9;19;0.128;61.68027205;1.233470729;-7.047138967
37;sujet37;;1;25;1;alu;2;0;10;10;20;0.136;71.72773699;1.429304635;7.542303601
37;sujet37;;1;25;1;alu;3;p10;1;1;21;0.156;78.34726381;1.316768241;-19.6194149
37;sujet37;;1;25;1;alu;3;p10;2;2;22;0.116;71.17659036;1.876175906;51.19488532
37;sujet37;;1;25;1;alu;3;p10;3;3;23;0.112;50.66579206;1.592211728;-15.95090841
37;sujet37;;1;25;1;alu;3;p10;4;4;24;0.144;92.32793277;1.820785088;-25.79357185
37;sujet37;;1;25;1;alu;3;p10;5;5;25;0.132;78.48798136;1.951716088;3.053726342
37;sujet37;;1;25;1;alu;3;p10;6;6;26;0.148;63.37245677;1.763252928;-9.793295223
37;sujet37;;1;25;1;alu;3;p10;7;7;27;0.152;75.5955013;1.575065812;-4.729880432
37;sujet37;;1;25;1;alu;3;p10;8;8;28;0.132;75.63650325;1.753515059;-7.220648491
37;sujet37;;1;25;1;alu;3;p10;9;9;29;0.108;80.36391488;1.888292007;2.795635318
37;sujet37;;1;25;1;alu;3;p10;10;10;30;0.12;79.24744102;1.664844023;-4.191084037
37;sujet37;;1;25;2;balsa;1;m10;1;1;31;0.136;95.4153695;2.484072173;79.62429614
37;sujet37;;1;25;2;balsa;1;m10;2;2;32;0.12;79.26156793;2.174384135;0.836199127
37;sujet37;;1;25;2;balsa;1;m10;3;3;33;0.124;70.44508458;1.882213594;4.584985438
37;sujet37;;1;25;2;balsa;1;m10;4;4;34;0.112;79.86782389;1.830498693;-29.27080937
37;sujet37;;1;25;2;balsa;1;m10;5;5;35;0.14;106.9129013;1.654036174;-11.46682033
37;sujet37;;1;25;2;balsa;1;m10;6;6;36;0.116;78.63578915;2.633629965;32.90589288
37;sujet37;;1;25;2;balsa;1;m10;7;7;37;0.096;80.71857882;1.641666689;7.361078744
37;sujet37;;1;25;2;balsa;1;m10;8;8;38;0.092;53.39815812;1.488704123;23.54643506
37;sujet37;;1;25;2;balsa;1;m10;9;9;39;0.092;61.21136997;1.841619666;12.44099722
37;sujet37;;1;25;2;balsa;1;m10;10;10;40;0.08;57.61192804;2.304740577;1.785328488
37;sujet37;;1;25;2;balsa;2;0;1;1;41;0.096;61.41833596;1.440140064;-23.33556048
37;sujet37;;1;25;2;balsa;2;0;2;2;42;0.088;66.39049147;1.457665287;-4.368514144
37;sujet37;;1;25;2;balsa;2;0;3;3;43;0.112;77.74620862;1.327591345;-30.1532506
37;sujet37;;1;25;2;balsa;2;0;4;4;44;0.144;84.93208483;1.634688192;-9.657242189
37;sujet37;;1;25;2;balsa;2;0;5;5;45;0.132;82.00589016;1.8545018;13.15917492
37;sujet37;;1;25;2;balsa;2;0;6;6;46;0.14;82.41907207;1.663995305;-18.26038574
37;sujet37;;1;25;2;balsa;2;0;7;7;47;0.112;77.09413507;1.805044932;-30.73281057
37;sujet37;;1;25;2;balsa;2;0;8;8;48;0.1;79.27071112;2.086887095;20.91003163
37;sujet37;;1;25;2;balsa;2;0;9;9;49;0.156;84.84122863;1.889928008;0.026996286
37;sujet37;;1;25;2;balsa;2;0;10;10;50;0.088;67.06299693;2.110763441;27.34912605
37;sujet37;;1;25;2;balsa;3;p10;1;1;51;0.1;77.1821547;2.040391525;3.095362391
37;sujet37;;1;25;2;balsa;3;p10;2;2;52;0.108;90.03598779;2.179096733;19.92202693
37;sujet37;;1;25;2;balsa;3;p10;3;3;53;0.096;78.48256722;1.944373489;-10.66585232
37;sujet37;;1;25;2;balsa;3;p10;4;4;54;0.112;89.81614891;2.260038125;8.578467052
37;sujet37;;1;25;2;balsa;3;p10;5;5;55;0.088;81.13385841;2.20983311;9.572138026
37;sujet37;;1;25;2;balsa;3;p10;6;6;56;0.1;70.6280339;1.910843814;-15.80331731
37;sujet37;;1;25;2;balsa;3;p10;7;7;57;0.092;87.68077722;1.949366355;21.12918412
37;sujet37;;1;25;2;balsa;3;p10;8;8;58;0.096;66.74992671;1.638914127;-18.03387492
37;sujet37;;1;25;2;balsa;3;p10;9;9;59;0.104;82.76913673;2.331755934;18.28774854
37;sujet37;;1;25;2;balsa;3;p10;10;10;60;0.104;77.40410186;2.251181568;-10.15063478
37;sujet37;;2;50;1;alu;1;m10;1;1;61;0.128;104.2969412;2.56567858;50.88505548
37;sujet37;;2;50;1;alu;1;m10;2;2;62;0.132;77.77225261;1.643744236;-13.03232076
37;sujet37;;2;50;1;alu;1;m10;3;3;63;0.116;80.67895717;2.062263199;25.24755878
37;sujet37;;2;50;1;alu;1;m10;4;4;64;0.112;75.65164319;1.916521524;-11.3202815
37;sujet37;;2;50;1;alu;1;m10;5;5;65;0.172;100.0138961;1.842872327;15.18926006
37;sujet37;;2;50;1;alu;1;m10;6;6;66;0.128;83.73757164;1.869814318;5.789000291
37;sujet37;;2;50;1;alu;1;m10;7;7;67;0.136;80.51325058;1.958167479;-28.10216865
37;sujet37;;2;50;1;alu;1;m10;8;8;68;0.136;89.2571405;1.45437179;-4.151671703
37;sujet37;;2;50;1;alu;1;m10;9;9;69;0.092;64.37768975;1.749376536;2.167206439
37;sujet37;;2;50;1;alu;1;m10;10;10;70;0.1;74.31142133;2.03003155;-20.28532792
37;sujet37;;2;50;1;alu;2;0;1;1;71;0.088;64.38074503;2.048210176;2.403446937
37;sujet37;;2;50;1;alu;2;0;2;2;72;0.092;58.23680884;1.897699449;-17.26346652
37;sujet37;;2;50;1;alu;2;0;3;3;73;0.088;66.79405906;2.104792599;-33.09406809
37;sujet37;;2;50;1;alu;2;0;4;4;74;0.116;91.84324873;2.101993707;-9.016753711
37;sujet37;;2;50;1;alu;2;0;5;5;75;0.108;107.8431533;2.580654624;13.88650937
37;sujet37;;2;50;1;alu;2;0;6;6;76;0.1;86.74808703;2.772024308;3.975224455
37;sujet37;;2;50;1;alu;2;0;7;7;77;0.112;94.44339325;2.676025021;-13.49266248
37;sujet37;;2;50;1;alu;2;0;8;8;78;0.096;100.6379793;2.931842191;-1.030673618
37;sujet37;;2;50;1;alu;2;0;9;9;79;0.088;81.29861604;2.293156389;2.200504693
37;sujet37;;2;50;1;alu;2;0;10;10;80;0.076;92.03608324;2.877521683;8.356542998
37;sujet37;;2;50;1;alu;3;p10;1;1;81;0.096;118.6594683;2.46146038;-10.11221326
37;sujet37;;2;50;1;alu;3;p10;2;2;82;0.092;106.2073349;2.535120519;-3.125910622
37;sujet37;;2;50;1;alu;3;p10;3;3;83;0.108;109.4212505;2.443012559;-6.642561854
37;sujet37;;2;50;1;alu;3;p10;4;4;84;0.104;101.2831577;2.80478888;15.27483843
37;sujet37;;2;50;1;alu;3;p10;5;5;85;0.12;123.4914062;2.554760376;4.065912597
37;sujet37;;2;50;1;alu;3;p10;6;6;86;0.112;103.0507339;2.670159487;4.862611929
37;sujet37;;2;50;1;alu;3;p10;7;7;87;0.08;83.88863;2.319167966;-6.462876259
37;sujet37;;2;50;1;alu;3;p10;8;8;88;0.108;121.6491992;2.556025942;-17.72767296
37;sujet37;;2;50;1;alu;3;p10;9;9;89;0.128;110.217523;2.844759665;8.453431725
37;sujet37;;2;50;1;alu;3;p10;10;10;90;0.076;77.87974816;2.352569822;-6.322419481
37;sujet37;;2;50;2;balsa;1;m10;1;1;91;0.112;100.6889213;3.007385208;26.61036023
37;sujet37;;2;50;2;balsa;1;m10;2;2;92;0.14;105.7226699;2.668515765;-3.033764154
37;sujet37;;2;50;2;balsa;1;m10;3;3;93;0.084;76.04821113;2.314962438;-19.6474836
37;sujet37;;2;50;2;balsa;1;m10;4;4;94;0.132;99.81882689;2.442585621;10.18092147
37;sujet37;;2;50;2;balsa;1;m10;5;5;95;0.156;121.6427777;2.729458969;7.903100086
37;sujet37;;2;50;2;balsa;1;m10;6;6;96;0.092;83.8938408;2.202117561;3.847795287
37;sujet37;;2;50;2;balsa;1;m10;7;7;97;0.104;91.75345767;2.249947755;6.111740552
37;sujet37;;2;50;2;balsa;1;m10;8;8;98;0.112;78.59204546;2.44150477;-19.69729158
37;sujet37;;2;50;2;balsa;1;m10;9;9;99;0.124;84.0872692;2.251737486;13.19193815
37;sujet37;;2;50;2;balsa;1;m10;10;10;100;0.116;89.14612141;2.618408464;0.783249851
37;sujet37;;2;50;2;balsa;2;0;1;1;101;0.124;109.484225;2.428632752;-10.9330292
37;sujet37;;2;50;2;balsa;2;0;2;2;102;0.084;81.50100721;2.290901783;-21.32685175
37;sujet37;;2;50;2;balsa;2;0;3;3;103;0.1;125.7796225;3.074257282;5.853450198
37;sujet37;;2;50;2;balsa;2;0;4;4;104;0.096;111.4996555;2.894990055;-0.590470306
37;sujet37;;2;50;2;balsa;2;0;5;5;105;0.084;92.43063898;2.885953839;0.764944495
37;sujet37;;2;50;2;balsa;2;0;6;6;106;0.112;110.520849;2.711483274;-1.738639199
37;sujet37;;2;50;2;balsa;2;0;7;7;107;0.084;89.70679736;2.812948387;7.278811637
37;sujet37;;2;50;2;balsa;2;0;8;8;108;0.084;89.7049194;2.808134561;-7.276701878
37;sujet37;;2;50;2;balsa;2;0;9;9;109;0.1;95.64889101;2.714578246;7.780268226
37;sujet37;;2;50;2;balsa;2;0;10;10;110;0.088;97.312909;2.845718297;-0.650308195
37;sujet37;;2;50;2;balsa;3;p10;1;1;111;0.088;97.22227556;2.688581932;-5.634577894
37;sujet37;;2;50;2;balsa;3;p10;2;2;112;0.088;97.33552696;2.886760603;-12.44160744
37;sujet37;;2;50;2;balsa;3;p10;3;3;113;0.084;105.789508;2.929944977;-4.398635172
37;sujet37;;2;50;2;balsa;3;p10;4;4;114;0.084;102.3237869;3.211591029;10.70881157
37;sujet37;;2;50;2;balsa;3;p10;5;5;115;0.104;116.1096192;2.551247697;-10.72167931
37;sujet37;;2;50;2;balsa;3;p10;6;6;116;0.088;120.0631778;3.251459759;7.782413216
37;sujet37;;2;50;2;balsa;3;p10;7;7;117;0.108;137.0868413;2.871919894;-19.32040075
37;sujet37;;2;50;2;balsa;3;p10;8;8;118;0.08;101.8934356;2.920688357;9.048411498
37;sujet37;;2;50;2;balsa;3;p10;9;9;119;0.092;104.2123297;2.99639907;0.321258021
37;sujet37;;2;50;2;balsa;3;p10;10;10;120;0.1;119.2065134;3.213144391;15.2218925
38;sujet38;;1;25;1;alu;1;m10;1;1;1;0.092;87.66696632;2.228398102;28.00030986
38;sujet38;;1;25;1;alu;1;m10;2;2;2;0.144;136.8034235;1.813172997;-18.26418061
38;sujet38;;1;25;1;alu;1;m10;3;3;3;0.136;109.2648166;1.720917143;-6.949556942
38;sujet38;;1;25;1;alu;1;m10;4;4;4;0.212;98.44007887;1.725117529;-21.05901514
38;sujet38;;1;25;1;alu;1;m10;5;5;5;0.124;107.3724572;2.145349451;2.648359965
38;sujet38;;1;25;1;alu;1;m10;6;6;6;0.132;118.9524234;1.731312183;26.33608583
38;sujet38;;1;25;1;alu;1;m10;7;7;7;0.216;105.9499205;1.828199999;-25.11962799
38;sujet38;;1;25;1;alu;1;m10;8;8;8;0.116;110.9741087;2.337057582;22.41700325
38;sujet38;;1;25;1;alu;1;m10;9;9;9;0.156;116.6474632;1.984503972;-67.65140661
38;sujet38;;1;25;1;alu;1;m10;10;10;10;0.104;130.3445858;2.406033286;34.47331214
38;sujet38;;1;25;1;alu;2;0;1;1;11;0.204;173.5458739;2.246862288;-3.356743742
38;sujet38;;1;25;1;alu;2;0;2;2;12;0.164;204.2980873;2.66825732;33.72687868
38;sujet38;;1;25;1;alu;2;0;3;3;13;0.224;208.1060804;2.252543417;-14.08040156
38;sujet38;;1;25;1;alu;2;0;4;4;14;0.108;157.6443163;2.533876186;-24.08839838
38;sujet38;;1;25;1;alu;2;0;5;5;15;0.124;172.2701624;2.90019147;32.18782185
38;sujet38;;1;25;1;alu;2;0;6;6;16;0.116;97.2671915;2.150995772;-43.20599939
38;sujet38;;1;25;1;alu;2;0;7;7;17;0.1;99.50338495;2.15979689;-26.78459747
38;sujet38;;1;25;1;alu;2;0;8;8;18;0.144;133.2310513;2.733512541;-20.31087969
38;sujet38;;1;25;1;alu;2;0;9;9;19;0.136;156.2646963;2.603847289;5.432793158
38;sujet38;;1;25;1;alu;2;0;10;10;20;0.144;156.0473493;2.253076101;-36.71633183
38;sujet38;;1;25;1;alu;3;p10;1;1;21;0.128;155.9926309;2.885469513;-15.84753658
38;sujet38;;1;25;1;alu;3;p10;2;2;22;0.152;190.9425612;2.749478958;-9.092304465
38;sujet38;;1;25;1;alu;3;p10;3;3;23;0.132;156.1731151;2.800533768;-6.206866902
38;sujet38;;1;25;1;alu;3;p10;4;4;24;0.16;187.0691677;2.935053853;1.16594957
38;sujet38;;1;25;1;alu;3;p10;5;5;25;0.148;175.188427;2.792346261;-7.853485808
38;sujet38;;1;25;1;alu;3;p10;6;6;26;0.208;160.5155136;2.659976506;4.095053948
38;sujet38;;1;25;1;alu;3;p10;7;7;27;0.168;188.1962933;2.84918693;-18.22396257
38;sujet38;;1;25;1;alu;3;p10;8;8;28;0.16;193.5414627;3.099799576;20.50762689
38;sujet38;;1;25;1;alu;3;p10;9;9;29;0.144;165.1151656;2.7674821;-9.317075061
38;sujet38;;1;25;1;alu;3;p10;10;10;30;0.16;180.8195067;2.877823408;-18.32221893
38;sujet38;;1;25;2;balsa;1;m10;1;1;31;0.128;138.8216031;2.652804771;-10.93704628
38;sujet38;;1;25;2;balsa;1;m10;2;2;32;0.12;132.4625163;2.373378345;-19.31305127
38;sujet38;;1;25;2;balsa;1;m10;3;3;33;0.124;126.9067371;2.659934425;3.270708643
38;sujet38;;1;25;2;balsa;1;m10;4;4;34;0.112;101.9201936;2.200953639;-36.19009429
38;sujet38;;1;25;2;balsa;1;m10;5;5;35;0.144;133.6969872;2.592941853;-6.54823472
38;sujet38;;1;25;2;balsa;1;m10;6;6;36;0.16;131.1209796;2.164829183;-14.85472564
38;sujet38;;1;25;2;balsa;1;m10;7;7;37;0.14;130.9547063;2.411743256;-6.995050659
38;sujet38;;1;25;2;balsa;1;m10;8;8;38;0.152;154.3466096;2.348533378;-13.24305229
38;sujet38;;1;25;2;balsa;1;m10;9;9;39;0.14;73.24749536;2.162808522;7.806026961
38;sujet38;;1;25;2;balsa;1;m10;10;10;40;0.128;82.71213497;2.018187696;-5.686395823
38;sujet38;;1;25;2;balsa;2;0;1;1;41;0.152;127.5912342;2.308726357;-69.28099387
38;sujet38;;1;25;2;balsa;2;0;2;2;42;0.14;165.8697008;2.790840929;-28.60472326
38;sujet38;;1;25;2;balsa;2;0;3;3;43;0.144;167.6036547;2.369553083;-61.62246045
38;sujet38;;1;25;2;balsa;2;0;4;4;44;0.156;216.7968378;2.754654901;18.77417433
38;sujet38;;1;25;2;balsa;2;0;5;5;45;0.172;134.7189211;2.832061273;-20.42548432
38;sujet38;;1;25;2;balsa;2;0;6;6;46;0.188;194.9445233;2.519336156;-28.95578152
38;sujet38;;1;25;2;balsa;2;0;7;7;47;0.192;187.9501881;2.35187123;-16.10018723
38;sujet38;;1;25;2;balsa;2;0;8;8;48;0.152;159.7871395;2.708813597;10.41199037
38;sujet38;;1;25;2;balsa;2;0;9;9;49;0.22;162.1451385;2.537181825;-7.480366293
38;sujet38;;1;25;2;balsa;2;0;10;10;50;0.144;162.7239474;2.803298979;3.57956895
38;sujet38;;1;25;2;balsa;3;p10;1;1;51;0.168;168.9550154;2.756541765;-34.31604786
38;sujet38;;1;25;2;balsa;3;p10;2;2;52;0.124;179.5767179;3.079348966;-16.59495359
38;sujet38;;1;25;2;balsa;3;p10;3;3;53;0.144;187.4921079;3.088646275;20.25378259
38;sujet38;;1;25;2;balsa;3;p10;4;4;54;0.172;132.6269087;2.544383152;-38.76241299
38;sujet38;;1;25;2;balsa;3;p10;5;5;55;0.184;162.9150157;2.149089197;-19.01850576
38;sujet38;;1;25;2;balsa;3;p10;6;6;56;0.144;176.8523468;2.495930922;-32.75784932
38;sujet38;;1;25;2;balsa;3;p10;7;7;57;0.184;152.8637796;2.220285703;-38.54476071
38;sujet38;;1;25;2;balsa;3;p10;8;8;58;0.152;183.7535596;2.868674019;-28.74193761
38;sujet38;;1;25;2;balsa;3;p10;9;9;59;0.156;182.7446206;3.127426646;6.012680414
38;sujet38;;1;25;2;balsa;3;p10;10;10;60;0.128;152.8176005;2.954299406;-4.203703947
38;sujet38;;2;50;1;alu;1;m10;1;1;61;0.156;229.6802259;2.307890551;-45.92603467
38;sujet38;;2;50;1;alu;1;m10;2;2;62;0.204;216.4879779;2.510479625;7.454611638
38;sujet38;;2;50;1;alu;1;m10;3;3;63;0.196;237.4723063;2.488398178;9.213847416
38;sujet38;;2;50;1;alu;1;m10;4;4;64;0.164;219.1702107;2.883879539;23.57890231
38;sujet38;;2;50;1;alu;1;m10;5;5;65;0.152;158.2738377;2.639725996;51.22388869
38;sujet38;;2;50;1;alu;1;m10;6;6;66;0.192;210.2121176;2.580324374;1.080875396
38;sujet38;;2;50;1;alu;1;m10;7;7;67;0.184;203.2029393;3.126650757;50.96767939
38;sujet38;;2;50;1;alu;1;m10;8;8;68;0.192;198.9314559;2.181337414;2.464528203
38;sujet38;;2;50;1;alu;1;m10;9;9;69;0.268;204.4743851;2.242138098;-14.54250956
38;sujet38;;2;50;1;alu;1;m10;10;10;70;0.2;194.437571;2.249192319;28.69414377
38;sujet38;;2;50;1;alu;2;0;1;1;71;0.152;287.8344941;3.262591718;-36.27696397
38;sujet38;;2;50;1;alu;2;0;2;2;72;0.152;260.8070934;3.883287005;9.550696522
38;sujet38;;2;50;1;alu;2;0;3;3;73;0.188;243.5011736;2.649102797;31.76357615
38;sujet38;;2;50;1;alu;2;0;4;4;74;0.192;208.254149;2.396095449;-9.817541873
38;sujet38;;2;50;1;alu;2;0;5;5;75;0.144;199.768576;2.546287241;-24.80863473
38;sujet38;;2;50;1;alu;2;0;6;6;76;0.112;154.3256428;3.18149764;-0.529693809
38;sujet38;;2;50;1;alu;2;0;7;7;77;0.204;193.670584;2.335386953;-24.01149931
38;sujet38;;2;50;1;alu;2;0;8;8;78;0.136;236.5407962;2.422137779;-47.34873395
38;sujet38;;2;50;1;alu;2;0;9;9;79;0.16;241.8619617;3.021744637;-4.913915424
38;sujet38;;2;50;1;alu;2;0;10;10;80;0.176;253.3850253;2.747409753;-15.39466369
38;sujet38;;2;50;1;alu;3;p10;1;1;81;0.168;224.6902292;2.995742899;-34.93364049
38;sujet38;;2;50;1;alu;3;p10;2;2;82;0.132;242.693616;2.95351755;-63.72472314
38;sujet38;;2;50;1;alu;3;p10;3;3;83;0.16;249.2643432;3.815918936;26.03882608
38;sujet38;;2;50;1;alu;3;p10;4;4;84;0.164;260.0281229;3.52871768;-9.645137883
38;sujet38;;2;50;1;alu;3;p10;5;5;85;0.152;256.1170358;2.671029759;-20.02872887
38;sujet38;;2;50;1;alu;3;p10;6;6;86;0.132;221.7827965;3.512056119;12.45546705
38;sujet38;;2;50;1;alu;3;p10;7;7;87;0.156;224.1902969;3.416536769;-3.422823182
38;sujet38;;2;50;1;alu;3;p10;8;8;88;0.148;198.2775299;3.03728683;-23.14628126
38;sujet38;;2;50;1;alu;3;p10;9;9;89;0.124;161.1567785;2.857245515;-28.59398513
38;sujet38;;2;50;1;alu;3;p10;10;10;90;0.156;223.8450728;3.275564543;-33.75249005
38;sujet38;;2;50;2;balsa;1;m10;1;1;91;0.16;217.1828739;3.060985767;-3.286835648
38;sujet38;;2;50;2;balsa;1;m10;2;2;92;0.18;227.0321093;3.136925926;-5.404641929
38;sujet38;;2;50;2;balsa;1;m10;3;3;93;0.2;220.311535;2.692531613;-8.672319648
38;sujet38;;2;50;2;balsa;1;m10;4;4;94;0.16;179.8194562;2.575319202;-23.82170006
38;sujet38;;2;50;2;balsa;1;m10;5;5;95;0.152;219.3213332;3.003708963;-1.374334706
38;sujet38;;2;50;2;balsa;1;m10;6;6;96;0.152;202.081666;2.892745681;-25.92563507
38;sujet38;;2;50;2;balsa;1;m10;7;7;97;0.156;215.66512;3.277121375;28.37709442
38;sujet38;;2;50;2;balsa;1;m10;8;8;98;0.148;206.293834;2.636339481;-24.51135811
38;sujet38;;2;50;2;balsa;1;m10;9;9;99;0.16;225.5583165;3.25422371;15.11065358
38;sujet38;;2;50;2;balsa;1;m10;10;10;100;0.124;195.674824;2.647066561;18.82307386
38;sujet38;;2;50;2;balsa;2;0;1;1;101;0.172;278.5750781;3.643014746;-26.176056
38;sujet38;;2;50;2;balsa;2;0;2;2;102;0.164;270.012148;3.65646685;-38.13956257
38;sujet38;;2;50;2;balsa;2;0;3;3;103;0.136;287.7022709;3.732642759;-37.32156321
38;sujet38;;2;50;2;balsa;2;0;4;4;104;0.148;322.8260531;3.772883514;-20.51586505
38;sujet38;;2;50;2;balsa;2;0;5;5;105;0.168;311.6184323;3.611869582;-49.3116044
38;sujet38;;2;50;2;balsa;2;0;6;6;106;0.168;311.1374185;3.539094448;-43.57057811
38;sujet38;;2;50;2;balsa;2;0;7;7;107;0.164;285.4011502;3.56218767;2.673083818
38;sujet38;;2;50;2;balsa;2;0;8;8;108;0.144;284.7893652;4.109668897;-3.155352383
38;sujet38;;2;50;2;balsa;2;0;9;9;109;0.12;247.7442098;4.121654187;5.343240779
38;sujet38;;2;50;2;balsa;2;0;10;10;110;0.132;253.6972318;3.554834501;-44.23352374
38;sujet38;;2;50;2;balsa;3;p10;1;1;111;0.148;286.6005706;3.751971815;-34.91789139
38;sujet38;;2;50;2;balsa;3;p10;2;2;112;0.148;284.1697601;4.004601756;-4.772530765
38;sujet38;;2;50;2;balsa;3;p10;3;3;113;0.136;290.9405231;3.752150569;-23.35120818
38;sujet38;;2;50;2;balsa;3;p10;4;4;114;0.152;303.7002949;4.41947805;-42.58475959
38;sujet38;;2;50;2;balsa;3;p10;5;5;115;0.16;302.246976;3.109742153;-35.67681001
38;sujet38;;2;50;2;balsa;3;p10;6;6;116;0.168;293.7333794;4.04745468;-16.71057369
38;sujet38;;2;50;2;balsa;3;p10;7;7;117;0.192;330.702119;4.114904466;-9.537380509
38;sujet38;;2;50;2;balsa;3;p10;8;8;118;0.148;329.0984369;3.166940464;-61.02442372
38;sujet38;;2;50;2;balsa;3;p10;9;9;119;0.144;338.9452893;4.140915214;-32.70019317
38;sujet38;;2;50;2;balsa;3;p10;10;10;120;0.18;334.3449512;3.683115278;-17.07881069
39;sujet39;;1;25;1;alu;1;m10;1;1;1;0.108;62.75784385;1.241942219;33.31811389
39;sujet39;;1;25;1;alu;1;m10;2;2;2;0.104;40.23774716;0.894932773;-15.95945637
39;sujet39;;1;25;1;alu;1;m10;3;3;3;0.08;43.19006072;0.850710116;-19.13003746
39;sujet39;;1;25;1;alu;1;m10;4;4;4;0.128;84.39247786;1.149178205;-26.28007643
39;sujet39;;1;25;1;alu;1;m10;5;5;5;0.14;83.47140952;0.879128354;5.109305606
39;sujet39;;1;25;1;alu;1;m10;6;6;6;0.12;73.93913061;1.064105407;-14.24405703
39;sujet39;;1;25;1;alu;1;m10;7;7;7;0.12;60.19815388;1.057586676;2.191058951
39;sujet39;;1;25;1;alu;1;m10;8;8;8;0.108;51.86721415;1.075355065;-14.82800942
39;sujet39;;1;25;1;alu;1;m10;9;9;9;0.128;79.64598212;1.112583784;18.99821565
39;sujet39;;1;25;1;alu;1;m10;10;10;10;0.104;54.30659928;1.109147124;34.34202807
39;sujet39;;1;25;1;alu;2;0;1;1;11;0.116;66.37306965;1.572210094;-12.16389184
39;sujet39;;1;25;1;alu;2;0;2;2;12;0.1;80.16111862;2.340720589;32.80977098
39;sujet39;;1;25;1;alu;2;0;3;3;13;0.104;98.53602754;1.990691674;17.44690346
39;sujet39;;1;25;1;alu;2;0;4;4;14;0.084;57.37173184;1.643288351;9.010512407
39;sujet39;;1;25;1;alu;2;0;5;5;15;0.128;105.0694466;1.973575956;12.8835077
39;sujet39;;1;25;1;alu;2;0;6;6;16;0.096;74.1764498;1.540810411;18.26851945
39;sujet39;;1;25;1;alu;2;0;7;7;17;0.136;69.92414061;1.569275236;17.18164438
39;sujet39;;1;25;1;alu;2;0;8;8;18;0.104;72.49427216;1.586249217;49.16209133
39;sujet39;;1;25;1;alu;2;0;9;9;19;0.112;56.38481666;1.586233575;-23.98777717
39;sujet39;;1;25;1;alu;2;0;10;10;20;0.164;107.8951817;1.592088884;-2.859906239
39;sujet39;;1;25;1;alu;3;p10;1;1;21;0.116;87.28315834;1.606561293;-23.11787314
39;sujet39;;1;25;1;alu;3;p10;2;2;22;0.076;60.77698086;1.815933511;31.90527341
39;sujet39;;1;25;1;alu;3;p10;3;3;23;0.104;73.17845298;1.709234617;9.577140746
39;sujet39;;1;25;1;alu;3;p10;4;4;24;0.108;87.15846205;1.643368131;26.50099797
39;sujet39;;1;25;1;alu;3;p10;5;5;25;0.084;44.59736318;1.356174794;-12.49628202
39;sujet39;;1;25;1;alu;3;p10;6;6;26;0.068;39.39895748;1.129817358;-18.11947196
39;sujet39;;1;25;1;alu;3;p10;7;7;27;0.088;76.8675286;2.057208974;29.22677831
39;sujet39;;1;25;1;alu;3;p10;8;8;28;0.108;93.68607851;1.706377372;12.33934576
39;sujet39;;1;25;1;alu;3;p10;9;9;29;0.104;79.51929979;1.558781907;0.363294121
39;sujet39;;1;25;1;alu;3;p10;10;10;30;0.092;56.28685468;1.472532687;-0.82819644
39;sujet39;;1;25;2;balsa;1;m10;1;1;31;0.084;44.3484573;1.568026511;45.89567386
39;sujet39;;1;25;2;balsa;1;m10;2;2;32;0.072;37.00745059;1.332349708;-32.49119085
39;sujet39;;1;25;2;balsa;1;m10;3;3;33;0.068;27.61520658;0.985480973;-35.11667868
39;sujet39;;1;25;2;balsa;1;m10;4;4;34;0.076;35.82272755;1.277774903;-17.17686108
39;sujet39;;1;25;2;balsa;1;m10;5;5;35;0.108;74.06110016;1.210147703;-18.32732343
39;sujet39;;1;25;2;balsa;1;m10;6;6;36;0.1;51.02336061;1.312032631;-31.09114236
39;sujet39;;1;25;2;balsa;1;m10;7;7;37;0.16;77.03766276;1.927611366;35.44896163
39;sujet39;;1;25;2;balsa;1;m10;8;8;38;0.088;70.91057688;1.830523446;17.69410488
39;sujet39;;1;25;2;balsa;1;m10;9;9;39;0.12;88.96196458;1.300009687;-13.61701792
39;sujet39;;1;25;2;balsa;1;m10;10;10;40;0.124;88.57898896;1.793310957;86.49789028
39;sujet39;;1;25;2;balsa;2;0;1;1;41;0.124;75.95801191;1.464483702;-2.810452459
39;sujet39;;1;25;2;balsa;2;0;2;2;42;0.1;79.07575121;1.740819675;21.13619332
39;sujet39;;1;25;2;balsa;2;0;3;3;43;0.092;53.80183446;1.41982366;-32.18115726
39;sujet39;;1;25;2;balsa;2;0;4;4;44;0.072;52.35168756;1.538240934;-7.007363205
39;sujet39;;1;25;2;balsa;2;0;5;5;45;0.092;68.97104663;1.495357062;0.776470628
39;sujet39;;1;25;2;balsa;2;0;6;6;46;0.084;64.09402944;1.500259902;8.680589718
39;sujet39;;1;25;2;balsa;2;0;7;7;47;0.08;46.67108724;1.337178661;-13.92564994
39;sujet39;;1;25;2;balsa;2;0;8;8;48;0.084;43.7842292;1.895283307;-5.536316119
39;sujet39;;1;25;2;balsa;2;0;9;9;49;0.08;61.87859928;1.782647316;15.28408223
39;sujet39;;1;25;2;balsa;2;0;10;10;50;0.088;59.69225498;1.919150675;-8.501990432
39;sujet39;;1;25;2;balsa;3;p10;1;1;51;0.1;95.90436717;2.180854208;40.14646504
39;sujet39;;1;25;2;balsa;3;p10;2;2;52;0.084;79.98191971;1.909147214;8.99629858
39;sujet39;;1;25;2;balsa;3;p10;3;3;53;0.108;104.3234402;2.039307486;11.66084286
39;sujet39;;1;25;2;balsa;3;p10;4;4;54;0.084;63.35163433;1.857247661;17.19327891
39;sujet39;;1;25;2;balsa;3;p10;5;5;55;0.12;98.7621614;1.757735085;-19.62247429
39;sujet39;;1;25;2;balsa;3;p10;6;6;56;0.064;33.11487468;1.568379742;-4.415730383
39;sujet39;;1;25;2;balsa;3;p10;7;7;57;0.088;66.89755011;1.751556369;13.72361142
39;sujet39;;1;25;2;balsa;3;p10;8;8;58;0.076;49.7233039;1.49132678;-9.502603486
39;sujet39;;1;25;2;balsa;3;p10;9;9;59;0.104;88.73772471;2.026974117;0.252165556
39;sujet39;;1;25;2;balsa;3;p10;10;10;60;0.096;74.55652342;1.955753531;2.818119225
39;sujet39;;2;50;1;alu;1;m10;1;1;61;0.124;80.24682918;1.902683916;24.02354026
39;sujet39;;2;50;1;alu;1;m10;2;2;62;0.08;52.64588134;1.353581684;18.15371312
39;sujet39;;2;50;1;alu;1;m10;3;3;63;0.136;78.5382979;1.321444806;-15.46470352
39;sujet39;;2;50;1;alu;1;m10;4;4;64;0.112;74.96632091;1.280216104;-30.66435645
39;sujet39;;2;50;1;alu;1;m10;5;5;65;0.108;84.31647479;1.35357559;-43.18369908
39;sujet39;;2;50;1;alu;1;m10;6;6;66;0.112;79.61950878;1.652361227;-33.93057806
39;sujet39;;2;50;1;alu;1;m10;7;7;67;0.124;121.7386391;1.756591195;-20.79599842
39;sujet39;;2;50;1;alu;1;m10;8;8;68;0.124;91.42820055;1.422104751;-25.0384809
39;sujet39;;2;50;1;alu;1;m10;9;9;69;0.12;113.9818357;1.348205037;-25.91920826
39;sujet39;;2;50;1;alu;1;m10;10;10;70;0.104;94.98993422;1.920365006;12.25427041
39;sujet39;;2;50;1;alu;2;0;1;1;71;0.144;158.1257642;2.125435489;32.28124174
39;sujet39;;2;50;1;alu;2;0;2;2;72;0.116;115.0890892;2.141078794;11.30762168
39;sujet39;;2;50;1;alu;2;0;3;3;73;0.116;120.8792286;2.40480637;5.513046447
39;sujet39;;2;50;1;alu;2;0;4;4;74;0.116;130.477917;2.270900094;-37.590482
39;sujet39;;2;50;1;alu;2;0;5;5;75;0.128;147.0274252;2.316165338;3.439432231
39;sujet39;;2;50;1;alu;2;0;6;6;76;0.128;112.6118408;2.065089496;1.782303732
39;sujet39;;2;50;1;alu;2;0;7;7;77;0.148;146.6902103;1.888007055;-12.40065497
39;sujet39;;2;50;1;alu;2;0;8;8;78;0.132;120.4006935;1.789260711;-26.60288459
39;sujet39;;2;50;1;alu;2;0;9;9;79;0.12;132.6299163;2.507850546;21.7601348
39;sujet39;;2;50;1;alu;2;0;10;10;80;0.124;131.7407253;2.297801937;5.842629452
39;sujet39;;2;50;1;alu;3;p10;1;1;81;0.144;152.4296327;2.233563034;-11.02847795
39;sujet39;;2;50;1;alu;3;p10;2;2;82;0.128;168.5326629;2.456337691;-3.317502697
39;sujet39;;2;50;1;alu;3;p10;3;3;83;0.128;141.2478707;2.239497991;-6.889041753
39;sujet39;;2;50;1;alu;3;p10;4;4;84;0.112;126.6382042;2.181237421;-21.41575168
39;sujet39;;2;50;1;alu;3;p10;5;5;85;0.128;150.0824112;2.162576358;-3.401227731
39;sujet39;;2;50;1;alu;3;p10;6;6;86;0.12;138.9116146;2.246568745;-10.58607993
39;sujet39;;2;50;1;alu;3;p10;7;7;87;0.144;173.2603472;2.376004322;-6.575295565
39;sujet39;;2;50;1;alu;3;p10;8;8;88;0.104;112.9893806;2.22368877;6.610249417
39;sujet39;;2;50;1;alu;3;p10;9;9;89;0.112;122.8645564;2.172661531;-7.881947678
39;sujet39;;2;50;1;alu;3;p10;10;10;90;0.164;165.7449229;2.606128969;7.67537717
39;sujet39;;2;50;2;balsa;1;m10;1;1;91;0.16;122.7700729;1.765544818;-29.36336161
39;sujet39;;2;50;2;balsa;1;m10;2;2;92;0.1;92.89854537;1.903608831;-17.43029859
39;sujet39;;2;50;2;balsa;1;m10;3;3;93;0.076;66.73256831;1.730020102;-12.03340449
39;sujet39;;2;50;2;balsa;1;m10;4;4;94;0.092;90.33352073;2.189603252;27.83283751
39;sujet39;;2;50;2;balsa;1;m10;5;5;95;0.108;80.73287919;2.045262854;7.5441224
39;sujet39;;2;50;2;balsa;1;m10;6;6;96;0.096;94.7893629;1.873206889;-7.459626942
39;sujet39;;2;50;2;balsa;1;m10;7;7;97;0.1;87.91569989;1.860520201;6.106549805
39;sujet39;;2;50;2;balsa;1;m10;8;8;98;0.108;96.05720796;1.867857523;-20.74394133
39;sujet39;;2;50;2;balsa;1;m10;9;9;99;0.14;101.5819583;1.588508425;-21.50761397
39;sujet39;;2;50;2;balsa;1;m10;10;10;100;0.096;83.71495784;2.104745963;23.22752578
39;sujet39;;2;50;2;balsa;2;0;1;1;101;0.156;131.7847363;2.010511428;-22.13127385
39;sujet39;;2;50;2;balsa;2;0;2;2;102;0.176;174.5957277;2.261270664;-12.60263803
39;sujet39;;2;50;2;balsa;2;0;3;3;103;0.128;127.3014481;2.228455889;5.835038833
39;sujet39;;2;50;2;balsa;2;0;4;4;104;0.124;129.3824464;2.24903967;-15.85305108
39;sujet39;;2;50;2;balsa;2;0;5;5;105;0.088;78.89623897;2.222669662;12.62980517
39;sujet39;;2;50;2;balsa;2;0;6;6;106;0.12;127.262476;2.157834258;-10.12105427
39;sujet39;;2;50;2;balsa;2;0;7;7;107;0.1;112.1801303;2.467898817;-56.90988146
39;sujet39;;2;50;2;balsa;2;0;8;8;108;0.12;150.4078485;2.817250144;23.24168304
39;sujet39;;2;50;2;balsa;2;0;9;9;109;0.108;102.671039;1.863530779;-16.83107673
39;sujet39;;2;50;2;balsa;2;0;10;10;110;0.1;111.4359151;2.481144107;-2.814774383
39;sujet39;;2;50;2;balsa;3;p10;1;1;111;0.184;194.7312917;2.309099479;-9.418633648
39;sujet39;;2;50;2;balsa;3;p10;2;2;112;0.132;134.4136434;2.14083796;-18.35588414
39;sujet39;;2;50;2;balsa;3;p10;3;3;113;0.104;102.6055869;2.162230683;-9.368484541
39;sujet39;;2;50;2;balsa;3;p10;4;4;114;0.1;113.761207;2.455624249;-5.777239162
39;sujet39;;2;50;2;balsa;3;p10;5;5;115;0.124;120.3212851;2.288393943;-5.150946651
39;sujet39;;2;50;2;balsa;3;p10;6;6;116;0.092;102.9798303;2.222005654;4.30683896
39;sujet39;;2;50;2;balsa;3;p10;7;7;117;0.116;84.3731535;2.32793873;-24.33167778
39;sujet39;;2;50;2;balsa;3;p10;8;8;118;0.108;107.5798527;2.421564678;1.756639844
39;sujet39;;2;50;2;balsa;3;p10;9;9;119;0.1;95.04173419;2.296577062;13.75130256
39;sujet39;;2;50;2;balsa;3;p10;10;10;120;0.092;91.79017627;2.425367282;0.245227553
40;sujet40;;1;25;1;alu;1;m10;1;1;1;0.164;80.5523474;1.108943923;-68.25881237
40;sujet40;;1;25;1;alu;1;m10;2;2;2;0.124;111.2355554;2.131617402;-14.13994585
40;sujet40;;1;25;1;alu;1;m10;3;3;3;0.132;134.2957547;2.131752495;20.93177681
40;sujet40;;1;25;1;alu;1;m10;4;4;4;0.084;82.81798804;2.24366737;5.930291858
40;sujet40;;1;25;1;alu;1;m10;5;5;5;0.088;72.69904295;2.309352737;48.16552244
40;sujet40;;1;25;1;alu;1;m10;6;6;6;0.076;42.63426331;1.697455982;50.11464185
40;sujet40;;1;25;1;alu;1;m10;7;7;7;0.088;33.94850605;1.159008763;-5.767201365
40;sujet40;;1;25;1;alu;1;m10;8;8;8;0.084;61.20588643;2.038998127;7.402142991
40;sujet40;;1;25;1;alu;1;m10;9;9;9;0.096;73.16306326;2.10928919;6.312711643
40;sujet40;;1;25;1;alu;1;m10;10;10;10;0.104;93.81457483;2.221912165;9.532917015
40;sujet40;;1;25;1;alu;2;0;1;1;11;0.092;105.0967983;2.464886763;-37.67761583
40;sujet40;;1;25;1;alu;2;0;2;2;12;0.08;92.28306028;2.687029843;39.5653453
40;sujet40;;1;25;1;alu;2;0;3;3;13;0.132;96.51490475;2.116416169;7.787035464
40;sujet40;;1;25;1;alu;2;0;4;4;14;0.096;85.90429713;2.565778068;-0.003353757
40;sujet40;;1;25;1;alu;2;0;5;5;15;0.088;88.02232697;2.459490215;10.41006185
40;sujet40;;1;25;1;alu;2;0;6;6;16;0.068;54.70902554;2.208769405;51.33200011
40;sujet40;;1;25;1;alu;2;0;7;7;17;0.068;48.19440919;1.943334098;-13.81766029
40;sujet40;;1;25;1;alu;2;0;8;8;18;0.056;45.68376224;2.075825268;-11.55926509
40;sujet40;;1;25;1;alu;2;0;9;9;19;0.088;83.57615402;2.619052661;18.68072834
40;sujet40;;1;25;1;alu;2;0;10;10;20;0.092;85.87745598;2.464533565;-31.77203857
40;sujet40;;1;25;1;alu;3;p10;1;1;21;0.128;93.84075397;2.075377704;-23.50870451
40;sujet40;;1;25;1;alu;3;p10;2;2;22;0.08;68.45512914;1.804191505;-2.659883637
40;sujet40;;1;25;1;alu;3;p10;3;3;23;0.084;75.63448614;2.127875672;0.051491596
40;sujet40;;1;25;1;alu;3;p10;4;4;24;0.08;53.89565405;1.989929588;24.93078623
40;sujet40;;1;25;1;alu;3;p10;5;5;25;0.08;77.03699281;2.275816957;37.8394702
40;sujet40;;1;25;1;alu;3;p10;6;6;26;0.076;53.53819856;2.143848937;64.19950121
40;sujet40;;1;25;1;alu;3;p10;7;7;27;0.076;55.60219882;1.924615748;42.29910463
40;sujet40;;1;25;1;alu;3;p10;8;8;28;0.084;59.75210725;2.052952854;17.10093502
40;sujet40;;1;25;1;alu;3;p10;9;9;29;0.08;75.03684444;1.970702953;-10.08346958
40;sujet40;;1;25;1;alu;3;p10;10;10;30;0.072;56.52560001;2.048316859;7.095080439
40;sujet40;;1;25;2;balsa;1;m10;1;1;31;0.06;44.87163183;2.026484648;65.01769949
40;sujet40;;1;25;2;balsa;1;m10;2;2;32;0.068;46.71896994;1.565808477;31.23719183
40;sujet40;;1;25;2;balsa;1;m10;3;3;33;0.052;23.2300864;2.019213256;87.07256789
40;sujet40;;1;25;2;balsa;1;m10;4;4;34;0.064;29.11279284;1.845616784;-9.831654574
40;sujet40;;1;25;2;balsa;1;m10;5;5;35;0.072;35.13069111;1.432139675;24.6798564
40;sujet40;;1;25;2;balsa;1;m10;6;6;36;0.06;27.42843911;1.337433332;6.56719392
40;sujet40;;1;25;2;balsa;1;m10;7;7;37;0.056;30.6031229;1.387892005;37.50543933
40;sujet40;;1;25;2;balsa;1;m10;8;8;38;0.072;60.90850287;1.61727221;39.2835243
40;sujet40;;1;25;2;balsa;1;m10;9;9;39;0.08;45.33315683;1.84666794;-13.29233762
40;sujet40;;1;25;2;balsa;1;m10;10;10;40;0.084;51.75468084;1.813460935;10.39653193
40;sujet40;;1;25;2;balsa;2;0;1;1;41;0.084;84.69548091;2.139878087;43.36207365
40;sujet40;;1;25;2;balsa;2;0;2;2;42;0.084;59.67144602;2.178075984;-23.05352825
40;sujet40;;1;25;2;balsa;2;0;3;3;43;0.096;92.38876715;2.20095676;20.61611248
40;sujet40;;1;25;2;balsa;2;0;4;4;44;0.064;54.01581137;1.898167081;24.86546342
40;sujet40;;1;25;2;balsa;2;0;5;5;45;0.068;68.92758429;2.021868524;65.70022807
40;sujet40;;1;25;2;balsa;2;0;6;6;46;0.076;65.01286176;1.929224692;42.34213161
40;sujet40;;1;25;2;balsa;2;0;7;7;47;0.084;71.72164483;1.904016154;14.82075428
40;sujet40;;1;25;2;balsa;2;0;8;8;48;0.096;91.48265717;1.77207935;20.2556048
40;sujet40;;1;25;2;balsa;2;0;9;9;49;0.104;78.06504596;1.891035727;-35.17281067
40;sujet40;;1;25;2;balsa;2;0;10;10;50;0.1;100.9934406;2.116798071;27.04637536
40;sujet40;;1;25;2;balsa;3;p10;1;1;51;0.052;31.45780866;2.101114944;11.00058313
40;sujet40;;1;25;2;balsa;3;p10;2;2;52;0.048;22.86539275;1.336359611;20.40364169
40;sujet40;;1;25;2;balsa;3;p10;3;3;53;0.068;31.44793134;1.461513274;-22.50325549
40;sujet40;;1;25;2;balsa;3;p10;4;4;54;0.056;32.73498066;2.028968651;-6.614761203
40;sujet40;;1;25;2;balsa;3;p10;5;5;55;0.044;20.45362265;1.390476363;-4.83542182
40;sujet40;;1;25;2;balsa;3;p10;6;6;56;0.048;23.4548618;1.828339994;8.6889489
40;sujet40;;1;25;2;balsa;3;p10;7;7;57;0.044;22.42532243;1.687374717;5.564360563
40;sujet40;;1;25;2;balsa;3;p10;8;8;58;0.052;29.78470149;1.896673226;35.19499931
40;sujet40;;1;25;2;balsa;3;p10;9;9;59;0.068;40.1499831;1.967112307;12.029823
40;sujet40;;1;25;2;balsa;3;p10;10;10;60;0.044;31.10310758;1.760843197;20.18573614
40;sujet40;;2;50;1;alu;1;m10;1;1;61;0.064;55.64934618;2.154994508;-3.083067039
40;sujet40;;2;50;1;alu;1;m10;2;2;62;0.06;41.61651494;1.823112297;-2.708098968
40;sujet40;;2;50;1;alu;1;m10;3;3;63;0.052;40.05689044;1.79416534;6.455334554
40;sujet40;;2;50;1;alu;1;m10;4;4;64;0.064;48.90036746;1.789212854;-13.7547146
40;sujet40;;2;50;1;alu;1;m10;5;5;65;0.076;68.95566231;2.282253503;-1.29401065
40;sujet40;;2;50;1;alu;1;m10;6;6;66;0.06;48.95234443;2.072760603;19.6585755
40;sujet40;;2;50;1;alu;1;m10;7;7;67;0.08;69.14092323;2.306020087;19.67947456
40;sujet40;;2;50;1;alu;1;m10;8;8;68;0.088;77.68930357;2.120867938;-10.21617867
40;sujet40;;2;50;1;alu;1;m10;9;9;69;0.084;81.55558531;1.829865352;-7.765194407
40;sujet40;;2;50;1;alu;1;m10;10;10;70;0.084;80.09013161;2.329026477;13.72030346
40;sujet40;;2;50;1;alu;2;0;1;1;71;0.056;80.19063742;2.977474675;-17.93440074
40;sujet40;;2;50;1;alu;2;0;2;2;72;0.06;63.85176839;2.30489795;51.41558926
40;sujet40;;2;50;1;alu;2;0;3;3;73;0.06;43.59511791;1.897510178;-20.4836066
40;sujet40;;2;50;1;alu;2;0;4;4;74;0.064;54.74738876;2.269938095;4.271619355
40;sujet40;;2;50;1;alu;2;0;5;5;75;0.052;44.7028358;2.111364699;34.49855391
40;sujet40;;2;50;1;alu;2;0;6;6;76;0.06;44.68766784;1.969720589;1.393493508
40;sujet40;;2;50;1;alu;2;0;7;7;77;0.06;38.6129639;2.230270953;23.58190216
40;sujet40;;2;50;1;alu;2;0;8;8;78;0.056;36.03074835;1.668050162;-13.35769569
40;sujet40;;2;50;1;alu;2;0;9;9;79;0.072;67.00508895;2.387535843;17.11519212
40;sujet40;;2;50;1;alu;2;0;10;10;80;0.072;74.69003967;2.429342731;47.56165538
40;sujet40;;2;50;1;alu;3;p10;1;1;81;0.076;75.4824492;2.556388696;-4.092089952
40;sujet40;;2;50;1;alu;3;p10;2;2;82;0.056;49.24968922;2.639296501;-7.041287404
40;sujet40;;2;50;1;alu;3;p10;3;3;83;0.056;49.80314076;2.246169525;-14.4294908
40;sujet40;;2;50;1;alu;3;p10;4;4;84;0.088;67.18713519;2.14034887;-33.5944913
40;sujet40;;2;50;1;alu;3;p10;5;5;85;0.072;60.88769063;2.162934082;-23.36936419
40;sujet40;;2;50;1;alu;3;p10;6;6;86;0.072;80.36675743;2.633087942;-9.158625675
40;sujet40;;2;50;1;alu;3;p10;7;7;87;0.096;82.29649947;2.396462392;-20.86994641
40;sujet40;;2;50;1;alu;3;p10;8;8;88;0.1;107.6802727;2.305505062;-28.7930447
40;sujet40;;2;50;1;alu;3;p10;9;9;89;0.12;119.8091729;2.355705078;4.678088726
40;sujet40;;2;50;1;alu;3;p10;10;10;90;0.064;63.92906519;2.331403957;8.760803893
40;sujet40;;2;50;2;balsa;1;m10;1;1;91;0.12;119.3211833;2.240742532;-30.76310064
40;sujet40;;2;50;2;balsa;1;m10;2;2;92;0.204;134.7819995;2.247982076;2.126213441
40;sujet40;;2;50;2;balsa;1;m10;3;3;93;0.124;111.5010066;2.375856322;-22.11641621
40;sujet40;;2;50;2;balsa;1;m10;4;4;94;0.152;136.7201134;2.092082325;-26.67227916
40;sujet40;;2;50;2;balsa;1;m10;5;5;95;0.184;162.9612273;2.2537568;-20.91891677
40;sujet40;;2;50;2;balsa;1;m10;6;6;96;0.212;189.8103768;1.669935743;-42.41052637
40;sujet40;;2;50;2;balsa;1;m10;7;7;97;0.22;155.4976488;2.706899336;14.30029342
40;sujet40;;2;50;2;balsa;1;m10;8;8;98;0.112;109.2324341;2.284650403;21.07727724
40;sujet40;;2;50;2;balsa;1;m10;9;9;99;0.14;135.5441467;2.533162187;49.27154179
40;sujet40;;2;50;2;balsa;1;m10;10;10;100;0.208;138.0616952;1.816123533;-26.32239862
40;sujet40;;2;50;2;balsa;2;0;1;1;101;0.044;32.49587367;1.777983751;-3.954445165
40;sujet40;;2;50;2;balsa;2;0;2;2;102;0.064;47.26605811;1.972967027;-17.89014195
40;sujet40;;2;50;2;balsa;2;0;3;3;103;0.064;47.50949583;1.722249345;-37.13662681
40;sujet40;;2;50;2;balsa;2;0;4;4;104;0.088;64.25339876;1.670888262;-42.08739124
40;sujet40;;2;50;2;balsa;2;0;5;5;105;0.092;82.03971363;1.972432017;-35.33431286
40;sujet40;;2;50;2;balsa;2;0;6;6;106;0.12;132.1370178;2.596234863;-7.362915161
40;sujet40;;2;50;2;balsa;2;0;7;7;107;0.176;137.5654108;2.354597832;-14.52535354
40;sujet40;;2;50;2;balsa;2;0;8;8;108;0.152;180.1506158;2.871685191;-14.7056289
40;sujet40;;2;50;2;balsa;2;0;9;9;109;0.292;214.9326665;2.195125256;-13.68967977
40;sujet40;;2;50;2;balsa;2;0;10;10;110;0.16;171.6160709;3.087887612;51.6415453
40;sujet40;;2;50;2;balsa;3;p10;1;1;111;0.068;69.60584787;2.422570916;-38.06930739
40;sujet40;;2;50;2;balsa;3;p10;2;2;112;0.14;161.135405;2.419218752;-38.07957145
40;sujet40;;2;50;2;balsa;3;p10;3;3;113;0.096;110.9654411;2.700605251;-1.870387642
40;sujet40;;2;50;2;balsa;3;p10;4;4;114;0.116;105.6063742;2.406504671;-16.7217724
40;sujet40;;2;50;2;balsa;3;p10;5;5;115;0.092;94.93948639;2.197117777;-31.68430531
40;sujet40;;2;50;2;balsa;3;p10;6;6;116;0.136;155.6172107;2.442401585;-35.92328444
40;sujet40;;2;50;2;balsa;3;p10;7;7;117;0.104;138.9405277;2.702241406;-33.33881392
40;sujet40;;2;50;2;balsa;3;p10;8;8;118;0.112;155.9634495;2.83698882;-20.37918377
40;sujet40;;2;50;2;balsa;3;p10;9;9;119;0.124;140.8210933;2.529960279;-27.27811792
40;sujet40;;2;50;2;balsa;3;p10;10;10;120;0.144;156.1214648;2.671205533;-12.22508506
41;sujet41;;1;25;1;alu;1;m10;1;1;1;0.108;61.92795299;1.62384318;-44.73688567
41;sujet41;;1;25;1;alu;1;m10;2;2;2;0.144;86.67321434;1.721840786;-54.33132737
41;sujet41;;1;25;1;alu;1;m10;3;3;3;0.108;89.4056141;2.390200761;-18.16131412
41;sujet41;;1;25;1;alu;1;m10;4;4;4;0.108;89.46648474;2.314898206;-5.183492928
41;sujet41;;1;25;1;alu;1;m10;5;5;5;0.12;107.9096701;2.008266407;-12.74841188
41;sujet41;;1;25;1;alu;1;m10;6;6;6;0.136;105.4284761;2.54780455;-15.14380981
41;sujet41;;1;25;1;alu;1;m10;7;7;7;0.132;111.3080672;2.340116656;-22.7620924
41;sujet41;;1;25;1;alu;1;m10;8;8;8;0.132;90.41813485;2.403851875;33.33387202
41;sujet41;;1;25;1;alu;1;m10;9;9;9;0.128;99.01004761;2.408881717;41.73927143
41;sujet41;;1;25;1;alu;1;m10;10;10;10;0.112;96.99419275;2.265443413;-26.37465993
41;sujet41;;1;25;1;alu;2;0;1;1;11;0.148;84.86340555;2.008865025;-39.65196134
41;sujet41;;1;25;1;alu;2;0;2;2;12;0.104;77.28656691;2.366168809;14.57070386
41;sujet41;;1;25;1;alu;2;0;3;3;13;0.104;83.06541677;1.978360928;-41.30422318
41;sujet41;;1;25;1;alu;2;0;4;4;14;0.104;91.14173534;2.198596981;-6.049364476
41;sujet41;;1;25;1;alu;2;0;5;5;15;0.132;87.47080361;2.250401639;-32.31306034
41;sujet41;;1;25;1;alu;2;0;6;6;16;0.1;90.20762374;2.453476742;-5.020677439
41;sujet41;;1;25;1;alu;2;0;7;7;17;0.096;101.8511263;2.851889672;-0.500776684
41;sujet41;;1;25;1;alu;2;0;8;8;18;0.1;93.4510317;2.75642322;-10.33071944
41;sujet41;;1;25;1;alu;2;0;9;9;19;0.088;101.3144555;2.96557413;-13.20577358
41;sujet41;;1;25;1;alu;2;0;10;10;20;0.1;94.10349799;2.51899045;26.91019342
41;sujet41;;1;25;1;alu;3;p10;1;1;21;0.072;71.97463876;3.088451901;32.70779883
41;sujet41;;1;25;1;alu;3;p10;2;2;22;0.06;61.3031306;3.097673837;87.4801712
41;sujet41;;1;25;1;alu;3;p10;3;3;23;0.076;70.01900904;2.309086017;-30.00770931
41;sujet41;;1;25;1;alu;3;p10;4;4;24;0.072;57.75475549;2.220616404;-33.53424264
41;sujet41;;1;25;1;alu;3;p10;5;5;25;0.072;61.96831619;2.498761378;-19.88781367
41;sujet41;;1;25;1;alu;3;p10;6;6;26;0.068;70.46041956;2.889993782;33.34150147
41;sujet41;;1;25;1;alu;3;p10;7;7;27;0.076;83.74174618;2.927423033;36.66979773
41;sujet41;;1;25;1;alu;3;p10;8;8;28;0.088;83.30917538;2.831270658;28.06769389
41;sujet41;;1;25;1;alu;3;p10;9;9;29;0.084;80.79718074;2.55296098;-2.471250233
41;sujet41;;1;25;1;alu;3;p10;10;10;30;0.108;80.59079114;2.422226074;-3.143126244
41;sujet41;;1;25;2;balsa;1;m10;1;1;31;0.124;104.4077046;1.607164759;-27.52722306
41;sujet41;;1;25;2;balsa;1;m10;2;2;32;0.108;89.09068716;2.268187771;-4.892981243
41;sujet41;;1;25;2;balsa;1;m10;3;3;33;0.132;112.4873712;2.275375919;-12.28022451
41;sujet41;;1;25;2;balsa;1;m10;4;4;34;0.116;114.7417999;2.680265161;-2.267791384
41;sujet41;;1;25;2;balsa;1;m10;5;5;35;0.112;112.1705597;2.810662453;30.3595394
41;sujet41;;1;25;2;balsa;1;m10;6;6;36;0.108;111.9215852;2.541469509;-35.70613847
41;sujet41;;1;25;2;balsa;1;m10;7;7;37;0.096;119.4273644;2.945858665;6.413837387
41;sujet41;;1;25;2;balsa;1;m10;8;8;38;0.1;101.8065987;2.487070014;-6.593054846
41;sujet41;;1;25;2;balsa;1;m10;9;9;39;0.116;121.7177987;2.530813911;1.12773478
41;sujet41;;1;25;2;balsa;1;m10;10;10;40;0.112;126.839433;2.922645999;29.9364923
41;sujet41;;1;25;2;balsa;2;0;1;1;41;0.096;84.81524944;2.576920221;11.87912193
41;sujet41;;1;25;2;balsa;2;0;2;2;42;0.092;92.02152454;2.717181838;21.72984238
41;sujet41;;1;25;2;balsa;2;0;3;3;43;0.112;109.0997772;2.613846758;-43.61556898
41;sujet41;;1;25;2;balsa;2;0;4;4;44;0.108;113.3382671;2.940884434;-11.68917855
41;sujet41;;1;25;2;balsa;2;0;5;5;45;0.112;119.7488725;2.945582361;40.01231235
41;sujet41;;1;25;2;balsa;2;0;6;6;46;0.1;99.40639193;2.784595757;7.528380335
41;sujet41;;1;25;2;balsa;2;0;7;7;47;0.096;101.0000254;2.951875547;52.45130287
41;sujet41;;1;25;2;balsa;2;0;8;8;48;0.112;99.64789501;2.796914658;17.55451903
41;sujet41;;1;25;2;balsa;2;0;9;9;49;0.132;104.2603744;2.966476774;0.833039669
41;sujet41;;1;25;2;balsa;2;0;10;10;50;0.104;97.84301909;2.850203826;59.3747417
41;sujet41;;1;25;2;balsa;3;p10;1;1;51;0.124;112.0402105;3.258826651;64.46528229
41;sujet41;;1;25;2;balsa;3;p10;2;2;52;0.104;107.2999088;2.716760857;-16.95536425
41;sujet41;;1;25;2;balsa;3;p10;3;3;53;0.112;109.73675;2.718342513;-30.41064194
41;sujet41;;1;25;2;balsa;3;p10;4;4;54;0.076;91.40340552;3.13196121;18.5380164
41;sujet41;;1;25;2;balsa;3;p10;5;5;55;0.112;122.2855287;3.311388201;22.58757305
41;sujet41;;1;25;2;balsa;3;p10;6;6;56;0.096;129.9091956;3.247597873;2.38991459
41;sujet41;;1;25;2;balsa;3;p10;7;7;57;0.088;108.7556128;2.989275505;26.02947747
41;sujet41;;1;25;2;balsa;3;p10;8;8;58;0.104;101.7870074;2.427868054;-9.061782824
41;sujet41;;1;25;2;balsa;3;p10;9;9;59;0.092;95.15839256;2.966299495;-1.131418856
41;sujet41;;1;25;2;balsa;3;p10;10;10;60;0.076;93.63481538;2.957507502;47.79563919
41;sujet41;;2;50;1;alu;1;m10;1;1;61;0.104;146.4622562;3.367921251;-14.09475939
41;sujet41;;2;50;1;alu;1;m10;2;2;62;0.092;118.7884898;3.119304863;0.861331889
41;sujet41;;2;50;1;alu;1;m10;3;3;63;0.096;112.5256046;3.042343863;-22.07220679
41;sujet41;;2;50;1;alu;1;m10;4;4;64;0.088;123.6114282;3.049123102;-14.89804279
41;sujet41;;2;50;1;alu;1;m10;5;5;65;0.092;130.1606955;3.160095152;1.068761177
41;sujet41;;2;50;1;alu;1;m10;6;6;66;0.092;130.5426137;3.107247261;1.294032547
41;sujet41;;2;50;1;alu;1;m10;7;7;67;0.072;97.34814197;3.337776906;0.873188184
41;sujet41;;2;50;1;alu;1;m10;8;8;68;0.084;107.6331769;2.44459905;-12.81314601
41;sujet41;;2;50;1;alu;1;m10;9;9;69;0.076;112.0275597;3.265601243;9.485239797
41;sujet41;;2;50;1;alu;1;m10;10;10;70;0.076;102.1051814;3.109203013;10.5633669
41;sujet41;;2;50;1;alu;2;0;1;1;71;0.124;153.2138913;3.453423745;4.328250369
41;sujet41;;2;50;1;alu;2;0;2;2;72;0.1;164.0076711;4.33980938;11.84952114
41;sujet41;;2;50;1;alu;2;0;3;3;73;0.104;154.6504141;4.253541592;-54.7427594
41;sujet41;;2;50;1;alu;2;0;4;4;74;0.084;114.466149;3.268847748;-34.98706711
41;sujet41;;2;50;1;alu;2;0;5;5;75;0.08;130.7243073;4.176427577;4.231913306
41;sujet41;;2;50;1;alu;2;0;6;6;76;0.092;160.2075129;4.192346331;32.89932262
41;sujet41;;2;50;1;alu;2;0;7;7;77;0.104;145.5058559;3.715012717;-17.28089013
41;sujet41;;2;50;1;alu;2;0;8;8;78;0.06;106.7673499;4.1181093;20.9992743
41;sujet41;;2;50;1;alu;2;0;9;9;79;0.068;121.9006669;3.80530361;16.82191012
41;sujet41;;2;50;1;alu;2;0;10;10;80;0.068;107.796748;4.007762529;39.95661275
41;sujet41;;2;50;1;alu;3;p10;1;1;81;0.072;127.2570172;4.043235441;7.164200434
41;sujet41;;2;50;1;alu;3;p10;2;2;82;0.08;130.3686897;4.171845175;22.0864289
41;sujet41;;2;50;1;alu;3;p10;3;3;83;0.08;122.3842908;4.04044791;9.780507746
41;sujet41;;2;50;1;alu;3;p10;4;4;84;0.076;139.6182503;4.418369057;12.59901473
41;sujet41;;2;50;1;alu;3;p10;5;5;85;0.072;128.9833571;3.827603419;24.45996764
41;sujet41;;2;50;1;alu;3;p10;6;6;86;0.072;127.2809211;3.458331973;23.44409421
41;sujet41;;2;50;1;alu;3;p10;7;7;87;0.068;117.1846795;3.418372277;12.1442946
41;sujet41;;2;50;1;alu;3;p10;8;8;88;0.056;72.57097117;3.606395013;44.51368142
41;sujet41;;2;50;1;alu;3;p10;9;9;89;0.072;100.3444857;3.248929464;0.006232578
41;sujet41;;2;50;1;alu;3;p10;10;10;90;0.064;91.66421092;3.697990269;12.30340797
41;sujet41;;2;50;2;balsa;1;m10;1;1;91;0.128;150.3947638;3.771089307;-5.039293861
41;sujet41;;2;50;2;balsa;1;m10;2;2;92;0.124;150.5676967;3.033545164;-14.89396363
41;sujet41;;2;50;2;balsa;1;m10;3;3;93;0.116;159.0133115;2.854042793;7.459777775
41;sujet41;;2;50;2;balsa;1;m10;4;4;94;0.132;138.4053469;2.935114877;10.46242126
41;sujet41;;2;50;2;balsa;1;m10;5;5;95;0.12;139.2803135;3.001247626;-38.26868528
41;sujet41;;2;50;2;balsa;1;m10;6;6;96;0.124;165.8892311;3.102430652;17.00466831
41;sujet41;;2;50;2;balsa;1;m10;7;7;97;0.124;160.7848598;3.067406009;9.048650591
41;sujet41;;2;50;2;balsa;1;m10;8;8;98;0.136;145.7904215;2.759049855;-16.77057028
41;sujet41;;2;50;2;balsa;1;m10;9;9;99;0.128;145.3561668;3.417270375;-18.21907352
41;sujet41;;2;50;2;balsa;1;m10;10;10;100;0.136;179.9210588;3.689910273;-6.590294839
41;sujet41;;2;50;2;balsa;2;0;1;1;101;0.064;87.42817001;3.396729341;-0.792160734
41;sujet41;;2;50;2;balsa;2;0;2;2;102;0.064;89.71231754;3.383307086;-17.12170034
41;sujet41;;2;50;2;balsa;2;0;3;3;103;0.084;117.7201445;3.781645517;12.34236329
41;sujet41;;2;50;2;balsa;2;0;4;4;104;0.064;98.05015159;3.573555934;3.614970246
41;sujet41;;2;50;2;balsa;2;0;5;5;105;0.076;104.2023175;3.401298377;-20.26820569
41;sujet41;;2;50;2;balsa;2;0;6;6;106;0.068;99.33278218;3.463078165;-8.185851788
41;sujet41;;2;50;2;balsa;2;0;7;7;107;0.072;114.7586484;3.760542138;7.981155384
41;sujet41;;2;50;2;balsa;2;0;8;8;108;0.072;121.5872198;3.649754815;-20.70494644
41;sujet41;;2;50;2;balsa;2;0;9;9;109;0.068;104.1789837;3.763056487;24.26304327
41;sujet41;;2;50;2;balsa;2;0;10;10;110;0.064;97.98518028;3.678284427;-0.592110533
41;sujet41;;2;50;2;balsa;3;p10;1;1;111;0.088;128.3357014;4.202758369;24.46526485
41;sujet41;;2;50;2;balsa;3;p10;2;2;112;0.088;97.20208152;3.350863458;-14.53098157
41;sujet41;;2;50;2;balsa;3;p10;3;3;113;0.084;114.8243473;3.430382304;-12.16989378
41;sujet41;;2;50;2;balsa;3;p10;4;4;114;0.076;109.2138448;3.709941819;25.86872406
41;sujet41;;2;50;2;balsa;3;p10;5;5;115;0.084;111.8001173;3.647553754;-5.377144008
41;sujet41;;2;50;2;balsa;3;p10;6;6;116;0.084;103.3265778;3.587685779;4.841159992
41;sujet41;;2;50;2;balsa;3;p10;7;7;117;0.1;108.5021335;3.624021402;0.020489022
41;sujet41;;2;50;2;balsa;3;p10;8;8;118;0.092;124.0520086;3.611682774;21.1346765
41;sujet41;;2;50;2;balsa;3;p10;9;9;119;0.088;107.5322398;3.582507537;-3.92000261
41;sujet41;;2;50;2;balsa;3;p10;10;10;120;0.092;123.7239769;3.299102575;-24.44154353
42;sujet42;;1;25;1;alu;1;m10;1;1;1;0.16;66.72765169;1.915990957;54.46437228
42;sujet42;;1;25;1;alu;1;m10;2;2;2;0.068;31.96038516;1.115129502;3.395079483
42;sujet42;;1;25;1;alu;1;m10;3;3;3;0.076;32.34921124;1.175251273;9.780240822
42;sujet42;;1;25;1;alu;1;m10;4;4;4;0.064;22.25697463;1.092262932;12.5289229
42;sujet42;;1;25;1;alu;1;m10;5;5;5;0.076;31.62989235;1.069130389;-13.30352295
42;sujet42;;1;25;1;alu;1;m10;6;6;6;0.096;49.0237051;1.258471543;17.62462019
42;sujet42;;1;25;1;alu;1;m10;7;7;7;0.104;49.83718792;0.912357641;-16.37889619
42;sujet42;;1;25;1;alu;1;m10;8;8;8;0.08;47.40878281;1.277870421;29.19770069
42;sujet42;;1;25;1;alu;1;m10;9;9;9;0.076;40.74460016;1.282490243;0.29128978
42;sujet42;;1;25;1;alu;1;m10;10;10;10;0.08;45.4428524;1.330237047;17.10024074
42;sujet42;;1;25;1;alu;2;0;1;1;11;0.092;97.35516432;1.924792931;-1.318278911
42;sujet42;;1;25;1;alu;2;0;2;2;12;0.104;90.82304933;1.834002945;-12.69924576
42;sujet42;;1;25;1;alu;2;0;3;3;13;0.116;93.64139384;2.394609217;27.65335523
42;sujet42;;1;25;1;alu;2;0;4;4;14;0.1;69.9539745;1.595561773;-10.69218197
42;sujet42;;1;25;1;alu;2;0;5;5;15;0.096;48.84358064;1.681416291;-4.216238857
42;sujet42;;1;25;1;alu;2;0;6;6;16;0.096;67.37916037;2.191679904;13.99755262
42;sujet42;;1;25;1;alu;2;0;7;7;17;0.084;47.16532007;1.449682512;-21.66964617
42;sujet42;;1;25;1;alu;2;0;8;8;18;0.084;58.4812303;1.94310007;-13.58246652
42;sujet42;;1;25;1;alu;2;0;9;9;19;0.084;71.06180508;2.03683529;-8.327731847
42;sujet42;;1;25;1;alu;2;0;10;10;20;0.084;53.04727009;1.838349736;13.09599019
42;sujet42;;1;25;1;alu;3;p10;1;1;21;0.104;87.18695187;1.681108674;-37.38225318
42;sujet42;;1;25;1;alu;3;p10;2;2;22;0.096;78.64454832;2.257438767;21.06132631
42;sujet42;;1;25;1;alu;3;p10;3;3;23;0.1;93.51253616;2.08884428;-7.275898558
42;sujet42;;1;25;1;alu;3;p10;4;4;24;0.096;91.68003607;1.972533123;-10.0233587
42;sujet42;;1;25;1;alu;3;p10;5;5;25;0.104;88.74033279;2.31437195;6.151390394
42;sujet42;;1;25;1;alu;3;p10;6;6;26;0.092;74.27663543;2.046358128;3.100808924
42;sujet42;;1;25;1;alu;3;p10;7;7;27;0.072;60.88694291;1.959788065;21.76254695
42;sujet42;;1;25;1;alu;3;p10;8;8;28;0.072;61.69327793;1.708429874;-33.58593488
42;sujet42;;1;25;1;alu;3;p10;9;9;29;0.084;64.5076134;1.948084706;2.204524099
42;sujet42;;1;25;1;alu;3;p10;10;10;30;0.08;67.61928055;1.932572278;-18.21109837
42;sujet42;;1;25;2;balsa;1;m10;1;1;31;0.096;100.7161323;1.917809916;0.672794817
42;sujet42;;1;25;2;balsa;1;m10;2;2;32;0.16;121.5313437;1.988406574;4.790216965
42;sujet42;;1;25;2;balsa;1;m10;3;3;33;0.14;107.6573103;1.700769693;-22.85272083
42;sujet42;;1;25;2;balsa;1;m10;4;4;34;0.1;104.7495201;1.661633028;-19.85372102
42;sujet42;;1;25;2;balsa;1;m10;5;5;35;0.096;93.46956401;2.133841331;10.23900345
42;sujet42;;1;25;2;balsa;1;m10;6;6;36;0.092;74.90397231;1.662123403;-18.41006541
42;sujet42;;1;25;2;balsa;1;m10;7;7;37;0.112;93.28573982;2.0027622;33.66769745
42;sujet42;;1;25;2;balsa;1;m10;8;8;38;0.104;72.86909379;1.587660078;-24.61574254
42;sujet42;;1;25;2;balsa;1;m10;9;9;39;0.092;75.38901546;1.927484388;15.37332124
42;sujet42;;1;25;2;balsa;1;m10;10;10;40;0.096;63.0118566;1.570820392;-18.44614164
42;sujet42;;1;25;2;balsa;2;0;1;1;41;0.072;38.45783344;1.121857089;-77.00036593
42;sujet42;;1;25;2;balsa;2;0;2;2;42;0.1;80.79727248;1.504693309;-54.49955987
42;sujet42;;1;25;2;balsa;2;0;3;3;43;0.088;84.96329035;1.970444329;-14.10826739
42;sujet42;;1;25;2;balsa;2;0;4;4;44;0.096;84.17477633;2.102389193;-12.82720169
42;sujet42;;1;25;2;balsa;2;0;5;5;45;0.08;82.5505956;1.92078482;-8.973471871
42;sujet42;;1;25;2;balsa;2;0;6;6;46;0.104;109.0231857;1.913658463;5.481781189
42;sujet42;;1;25;2;balsa;2;0;7;7;47;0.104;102.810989;2.20148886;7.497689603
42;sujet42;;1;25;2;balsa;2;0;8;8;48;0.104;95.01786015;1.829925142;-33.04160798
42;sujet42;;1;25;2;balsa;2;0;9;9;49;0.1;94.52725243;2.090982428;-0.629940948
42;sujet42;;1;25;2;balsa;2;0;10;10;50;0.088;80.13301071;2.042547662;-23.52715566
42;sujet42;;1;25;2;balsa;3;p10;1;1;51;0.08;111.1173874;1.944652155;-21.2550345
42;sujet42;;1;25;2;balsa;3;p10;2;2;52;0.1;111.302302;2.272551779;-7.100508104
42;sujet42;;1;25;2;balsa;3;p10;3;3;53;0.108;107.6931096;2.284543461;18.0965792
42;sujet42;;1;25;2;balsa;3;p10;4;4;54;0.108;102.7405322;2.319182777;-12.87190126
42;sujet42;;1;25;2;balsa;3;p10;5;5;55;0.108;112.5319889;2.205896292;2.008911679
42;sujet42;;1;25;2;balsa;3;p10;6;6;56;0.112;105.9672351;2.412702861;25.93377552
42;sujet42;;1;25;2;balsa;3;p10;7;7;57;0.092;90.19383327;2.16983034;-4.973456652
42;sujet42;;1;25;2;balsa;3;p10;8;8;58;0.136;106.2005521;1.965344286;-15.82718437
42;sujet42;;1;25;2;balsa;3;p10;9;9;59;0.164;110.8244124;2.322816625;27.24823863
42;sujet42;;1;25;2;balsa;3;p10;10;10;60;0.14;101.203089;2.001749063;-20.50051136
42;sujet42;;2;50;1;alu;1;m10;1;1;61;0.08;102.6835183;2.599144162;51.05157872
42;sujet42;;2;50;1;alu;1;m10;2;2;62;0.076;60.8248731;1.683353129;-31.18271563
42;sujet42;;2;50;1;alu;1;m10;3;3;63;0.092;75.27460959;2.053685095;0.237224081
42;sujet42;;2;50;1;alu;1;m10;4;4;64;0.068;53.21574345;1.749518481;6.717364792
42;sujet42;;2;50;1;alu;1;m10;5;5;65;0.044;15.54705992;1.237181103;6.298863902
42;sujet42;;2;50;1;alu;1;m10;6;6;66;0.064;44.86214221;1.76968506;1.230295008
42;sujet42;;2;50;1;alu;1;m10;7;7;67;0.068;33.12738841;1.620114954;13.80429921
42;sujet42;;2;50;1;alu;1;m10;8;8;68;0.068;36.84961478;1.577494093;3.792802274
42;sujet42;;2;50;1;alu;1;m10;9;9;69;0.064;57.73151936;1.725093125;-3.869861923
42;sujet42;;2;50;1;alu;1;m10;10;10;70;0.052;41.1188473;2.098256794;22.6463838
42;sujet42;;2;50;1;alu;2;0;1;1;71;0.144;142.1030955;2.200346439;-27.18164765
42;sujet42;;2;50;1;alu;2;0;2;2;72;0.104;121.14811;2.298278576;-25.33747102
42;sujet42;;2;50;1;alu;2;0;3;3;73;0.084;121.4865228;2.818971923;-15.24198527
42;sujet42;;2;50;1;alu;2;0;4;4;74;0.088;131.4946427;2.761853855;8.487571301
42;sujet42;;2;50;1;alu;2;0;5;5;75;0.08;100.2600162;2.451214363;3.763435802
42;sujet42;;2;50;1;alu;2;0;6;6;76;0.076;85.7676073;2.351118638;-0.479799794
42;sujet42;;2;50;1;alu;2;0;7;7;77;0.068;85.26153939;2.619446676;11.03881268
42;sujet42;;2;50;1;alu;2;0;8;8;78;0.072;65.49480002;2.218167021;-15.07443087
42;sujet42;;2;50;1;alu;2;0;9;9;79;0.072;79.01767335;2.540024544;4.768827737
42;sujet42;;2;50;1;alu;2;0;10;10;80;0.068;86.44403784;2.704285542;29.90688582
42;sujet42;;2;50;1;alu;3;p10;1;1;81;0.112;95.04819046;2.608435606;-14.758919
42;sujet42;;2;50;1;alu;3;p10;2;2;82;0.072;80.89323001;2.804941359;3.143842356
42;sujet42;;2;50;1;alu;3;p10;3;3;83;0.056;64.4615996;2.750649453;5.758359506
42;sujet42;;2;50;1;alu;3;p10;4;4;84;0.056;62.5173594;2.21031884;9.214813586
42;sujet42;;2;50;1;alu;3;p10;5;5;85;0.056;65.44397305;2.876226731;25.39241127
42;sujet42;;2;50;1;alu;3;p10;6;6;86;0.06;62.71772821;2.304805317;-52.00441055
42;sujet42;;2;50;1;alu;3;p10;7;7;87;0.072;81.29074825;2.378297143;-23.46239694
42;sujet42;;2;50;1;alu;3;p10;8;8;88;0.08;93.25433153;2.614517108;-17.92121049
42;sujet42;;2;50;1;alu;3;p10;9;9;89;0.076;106.6304784;3.029081621;-11.01772831
42;sujet42;;2;50;1;alu;3;p10;10;10;90;0.104;152.2089959;3.326087172;-17.96049054
42;sujet42;;2;50;2;balsa;1;m10;1;1;91;0.084;89.30251636;2.315277322;9.155753547
42;sujet42;;2;50;2;balsa;1;m10;2;2;92;0.08;83.52662319;2.626704387;-17.9227095
42;sujet42;;2;50;2;balsa;1;m10;3;3;93;0.096;104.845245;2.74952561;-14.54811601
42;sujet42;;2;50;2;balsa;1;m10;4;4;94;0.088;100.4594753;2.539367534;-1.127088337
42;sujet42;;2;50;2;balsa;1;m10;5;5;95;0.104;115.5849864;2.282709752;-8.011579591
42;sujet42;;2;50;2;balsa;1;m10;6;6;96;0.076;80.49293411;2.781363102;8.316477772
42;sujet42;;2;50;2;balsa;1;m10;7;7;97;0.104;91.14335262;2.726090896;1.450217831
42;sujet42;;2;50;2;balsa;1;m10;8;8;98;0.084;76.34393722;2.221992313;-4.114117117
42;sujet42;;2;50;2;balsa;1;m10;9;9;99;0.068;61.37446818;2.443470838;7.810449366
42;sujet42;;2;50;2;balsa;1;m10;10;10;100;0.08;80.2836853;2.417458415;0.892084528
42;sujet42;;2;50;2;balsa;2;0;1;1;101;0.092;127.1158616;2.776935074;-19.71650306
42;sujet42;;2;50;2;balsa;2;0;2;2;102;0.072;97.17153902;2.251246411;-5.173284453
42;sujet42;;2;50;2;balsa;2;0;3;3;103;0.084;128.8188614;2.8779645;-13.10160119
42;sujet42;;2;50;2;balsa;2;0;4;4;104;0.08;111.4917235;2.533433947;7.002466353
42;sujet42;;2;50;2;balsa;2;0;5;5;105;0.084;112.6709237;2.851086747;-4.733846674
42;sujet42;;2;50;2;balsa;2;0;6;6;106;0.1;141.3165156;2.825585415;-2.791681454
42;sujet42;;2;50;2;balsa;2;0;7;7;107;0.092;118.0488245;2.61164509;-1.491835851
42;sujet42;;2;50;2;balsa;2;0;8;8;108;0.088;119.1626665;2.610558638;-16.2705326
42;sujet42;;2;50;2;balsa;2;0;9;9;109;0.096;147.0183906;3.018452032;3.315487523
42;sujet42;;2;50;2;balsa;2;0;10;10;110;0.088;120.4605319;2.594160236;-14.72636735
42;sujet42;;2;50;2;balsa;3;p10;1;1;111;0.1;114.5291608;2.700291395;-28.89630386
42;sujet42;;2;50;2;balsa;3;p10;2;2;112;0.088;122.3551616;3.278770063;-1.304449032
42;sujet42;;2;50;2;balsa;3;p10;3;3;113;0.096;139.3927836;2.974226738;-12.85837997
42;sujet42;;2;50;2;balsa;3;p10;4;4;114;0.088;127.0705669;3.474505375;22.79083336
42;sujet42;;2;50;2;balsa;3;p10;5;5;115;0.088;130.2766273;2.922383795;-10.90617602
42;sujet42;;2;50;2;balsa;3;p10;6;6;116;0.08;116.8971252;2.85914252;-34.40075927
42;sujet42;;2;50;2;balsa;3;p10;7;7;117;0.096;162.6622194;3.189646843;5.7186357
42;sujet42;;2;50;2;balsa;3;p10;8;8;118;0.1;175.1138313;3.326263448;-17.6291958
42;sujet42;;2;50;2;balsa;3;p10;9;9;119;0.108;169.7579972;3.446527929;19.97938565
42;sujet42;;2;50;2;balsa;3;p10;10;10;120;0.088;123.4402193;3.454654403;22.86450604
43;sujet43;;1;25;1;alu;1;m10;1;1;1;0.088;71.09253246;1.906545506;-25.54406439
43;sujet43;;1;25;1;alu;1;m10;2;2;2;0.12;98.67379448;1.764532614;-2.048686536
43;sujet43;;1;25;1;alu;1;m10;3;3;3;0.1;99.04097284;1.961130354;-9.991132124
43;sujet43;;1;25;1;alu;1;m10;4;4;4;0.1;83.38263212;2.034763757;3.750552209
43;sujet43;;1;25;1;alu;1;m10;5;5;5;0.076;71.22621262;2.194613999;-13.36969605
43;sujet43;;1;25;1;alu;1;m10;6;6;6;0.088;80.79192082;2.354056482;-10.00990421
43;sujet43;;1;25;1;alu;1;m10;7;7;7;0.108;105.003616;2.436374718;11.09908896
43;sujet43;;1;25;1;alu;1;m10;8;8;8;0.144;103.9064788;2.422219476;-0.823469351
43;sujet43;;1;25;1;alu;1;m10;9;9;9;0.132;90.42552315;2.512882097;-9.011843121
43;sujet43;;1;25;1;alu;1;m10;10;10;10;0.108;102.1808218;2.490861664;24.92816124
43;sujet43;;1;25;1;alu;2;0;1;1;11;0.104;95.1135701;1.720433635;-48.23862438
43;sujet43;;1;25;1;alu;2;0;2;2;12;0.152;116.0262144;2.009072774;-26.34079893
43;sujet43;;1;25;1;alu;2;0;3;3;13;0.168;135.3444542;1.829154505;-21.90641509
43;sujet43;;1;25;1;alu;2;0;4;4;14;0.12;116.7563561;2.298129787;11.4757015
43;sujet43;;1;25;1;alu;2;0;5;5;15;0.144;157.2941944;1.861461317;9.39353949
43;sujet43;;1;25;1;alu;2;0;6;6;16;0.156;142.2236995;2.03836272;-21.15047188
43;sujet43;;1;25;1;alu;2;0;7;7;17;0.132;138.7370632;2.204553751;7.09835439
43;sujet43;;1;25;1;alu;2;0;8;8;18;0.136;123.1252041;2.234421305;-5.11741567
43;sujet43;;1;25;1;alu;2;0;9;9;19;0.144;128.9157369;2.322012117;-11.02267885
43;sujet43;;1;25;1;alu;2;0;10;10;20;0.124;142.8427363;2.730090818;29.44696709
43;sujet43;;1;25;1;alu;3;p10;1;1;21;0.1;102.9614096;2.415592326;-20.83615027
43;sujet43;;1;25;1;alu;3;p10;2;2;22;0.104;109.3082974;2.066018829;-24.82121775
43;sujet43;;1;25;1;alu;3;p10;3;3;23;0.148;161.6493768;2.299703603;-19.31482258
43;sujet43;;1;25;1;alu;3;p10;4;4;24;0.144;152.0140276;2.22903717;13.82892285
43;sujet43;;1;25;1;alu;3;p10;5;5;25;0.128;137.3567722;2.337066055;-13.92851734
43;sujet43;;1;25;1;alu;3;p10;6;6;26;0.116;125.4898866;2.560334797;18.25023495
43;sujet43;;1;25;1;alu;3;p10;7;7;27;0.152;160.7618951;2.08292341;-20.58173716
43;sujet43;;1;25;1;alu;3;p10;8;8;28;0.14;137.581699;2.543355872;9.643447007
43;sujet43;;1;25;1;alu;3;p10;9;9;29;0.136;135.9879089;2.305854863;-2.130455165
43;sujet43;;1;25;1;alu;3;p10;10;10;30;0.128;130.8464127;2.514898144;-5.588780571
43;sujet43;;1;25;2;balsa;1;m10;1;1;31;0.104;83.55255655;2.054586996;3.515350151
43;sujet43;;1;25;2;balsa;1;m10;2;2;32;0.148;84.11859156;1.453415589;-44.77600545
43;sujet43;;1;25;2;balsa;1;m10;3;3;33;0.164;101.8112586;1.578276419;-41.53356398
43;sujet43;;1;25;2;balsa;1;m10;4;4;34;0.148;84.26720533;1.854723268;1.426642838
43;sujet43;;1;25;2;balsa;1;m10;5;5;35;0.14;103.7343025;1.931374656;9.751043472
43;sujet43;;1;25;2;balsa;1;m10;6;6;36;0.132;104.0854354;2.11249159;-0.861550115
43;sujet43;;1;25;2;balsa;1;m10;7;7;37;0.164;118.2238019;2.335197984;20.74390508
43;sujet43;;1;25;2;balsa;1;m10;8;8;38;0.148;99.75811076;1.970465529;-30.48895592
43;sujet43;;1;25;2;balsa;1;m10;9;9;39;0.144;100.9117057;1.564391876;-35.10547279
43;sujet43;;1;25;2;balsa;1;m10;10;10;40;0.156;97.25741;2.036257661;17.02551636
43;sujet43;;1;25;2;balsa;2;0;1;1;41;0.128;92.030651;2.00701015;-52.90514361
43;sujet43;;1;25;2;balsa;2;0;2;2;42;0.136;107.5806421;1.613470643;-71.2028034
43;sujet43;;1;25;2;balsa;2;0;3;3;43;0.14;112.7415222;1.808799607;-55.80255436
43;sujet43;;1;25;2;balsa;2;0;4;4;44;0.248;225.2940411;1.052215787;-81.14074454
43;sujet43;;1;25;2;balsa;2;0;5;5;45;0.236;243.132085;2.08325396;-34.37382213
43;sujet43;;1;25;2;balsa;2;0;6;6;46;0.208;217.6756158;2.597585891;26.33340148
43;sujet43;;1;25;2;balsa;2;0;7;7;47;0.228;213.765811;1.75841299;-56.05171001
43;sujet43;;1;25;2;balsa;2;0;8;8;48;0.208;221.702357;2.174018906;-40.438323
43;sujet43;;1;25;2;balsa;2;0;9;9;49;0.184;210.3037267;2.349834668;-4.637063267
43;sujet43;;1;25;2;balsa;2;0;10;10;50;0.188;196.0135038;2.751879372;30.61689012
43;sujet43;;1;25;2;balsa;3;p10;1;1;51;0.136;110.407873;2.432844257;-27.49811152
43;sujet43;;1;25;2;balsa;3;p10;2;2;52;0.156;157.5253944;2.182922725;-23.886291
43;sujet43;;1;25;2;balsa;3;p10;3;3;53;0.18;172.4891276;2.126138246;-48.33349901
43;sujet43;;1;25;2;balsa;3;p10;4;4;54;0.152;162.5277991;2.190707033;-8.274985583
43;sujet43;;1;25;2;balsa;3;p10;5;5;55;0.156;184.5821724;2.53516511;0.845443225
43;sujet43;;1;25;2;balsa;3;p10;6;6;56;0.156;178.7928999;2.318329869;-19.94663006
43;sujet43;;1;25;2;balsa;3;p10;7;7;57;0.144;187.5589494;2.530309446;1.690022722
43;sujet43;;1;25;2;balsa;3;p10;8;8;58;0.164;176.1303694;2.403277195;-6.968127602
43;sujet43;;1;25;2;balsa;3;p10;9;9;59;0.176;192.1309944;2.125273448;-22.85715832
43;sujet43;;1;25;2;balsa;3;p10;10;10;60;0.156;172.2705761;2.479834004;20.13005055
43;sujet43;;2;50;1;alu;1;m10;1;1;61;0.152;159.9971999;2.83466177;-49.95046726
43;sujet43;;2;50;1;alu;1;m10;2;2;62;0.168;184.6980211;3.177538531;-36.55406069
43;sujet43;;2;50;1;alu;1;m10;3;3;63;0.18;196.9953708;3.2126049;-25.64627652
43;sujet43;;2;50;1;alu;1;m10;4;4;64;0.188;224.2720766;2.881873035;0.439833516
43;sujet43;;2;50;1;alu;1;m10;5;5;65;0.168;182.3712759;3.503636297;-35.01978599
43;sujet43;;2;50;1;alu;1;m10;6;6;66;0.172;203.1848059;3.04313102;-8.662399631
43;sujet43;;2;50;1;alu;1;m10;7;7;67;0.132;178.2556053;3.464411158;29.72120737
43;sujet43;;2;50;1;alu;1;m10;8;8;68;0.172;175.5066691;2.872997089;-30.98900293
43;sujet43;;2;50;1;alu;1;m10;9;9;69;0.168;201.3955321;3.127089544;-4.073133796
43;sujet43;;2;50;1;alu;1;m10;10;10;70;0.18;202.4827651;3.191663104;-10.37528614
43;sujet43;;2;50;1;alu;2;0;1;1;71;0.112;124.4360195;2.709907782;-29.58780001
43;sujet43;;2;50;1;alu;2;0;2;2;72;0.132;129.0740099;2.975638483;-22.73796277
43;sujet43;;2;50;1;alu;2;0;3;3;73;0.144;158.1091719;3.207490716;-10.6313591
43;sujet43;;2;50;1;alu;2;0;4;4;74;0.172;188.7360977;3.127981461;-45.77396269
43;sujet43;;2;50;1;alu;2;0;5;5;75;0.176;214.1150192;3.109318631;-30.51483862
43;sujet43;;2;50;1;alu;2;0;6;6;76;0.196;223.4433523;3.21840632;14.51539465
43;sujet43;;2;50;1;alu;2;0;7;7;77;0.164;211.6098908;3.467463691;-28.18775108
43;sujet43;;2;50;1;alu;2;0;8;8;78;0.188;205.9156063;3.074835628;-25.38824438
43;sujet43;;2;50;1;alu;2;0;9;9;79;0.208;258.4473679;3.025627087;-22.5392868
43;sujet43;;2;50;1;alu;2;0;10;10;80;0.168;237.1080688;3.86987309;27.31914198
43;sujet43;;2;50;1;alu;3;p10;1;1;81;0.156;182.2098756;3.880706419;-39.22750268
43;sujet43;;2;50;1;alu;3;p10;2;2;82;0.156;211.8703196;3.806022768;-34.61114063
43;sujet43;;2;50;1;alu;3;p10;3;3;83;0.156;197.8110731;3.737231623;-37.80683063
43;sujet43;;2;50;1;alu;3;p10;4;4;84;0.192;250.3877075;3.804709812;-49.24418037
43;sujet43;;2;50;1;alu;3;p10;5;5;85;0.168;233.1560595;4.001507534;5.217984128
43;sujet43;;2;50;1;alu;3;p10;6;6;86;0.18;252.2691222;3.799980798;-11.34625791
43;sujet43;;2;50;1;alu;3;p10;7;7;87;0.188;237.4209349;3.86882628;-10.63918731
43;sujet43;;2;50;1;alu;3;p10;8;8;88;0.168;230.5377118;4.301563515;-1.021844126
43;sujet43;;2;50;1;alu;3;p10;9;9;89;0.16;240.8226866;4.264495589;12.29486865
43;sujet43;;2;50;1;alu;3;p10;10;10;90;0.164;221.0737576;4.398180911;-25.69707853
43;sujet43;;2;50;2;balsa;1;m10;1;1;91;0.128;143.9500086;1.892736864;-59.27757333
43;sujet43;;2;50;2;balsa;1;m10;2;2;92;0.16;173.5980584;2.888468669;-31.34078559
43;sujet43;;2;50;2;balsa;1;m10;3;3;93;0.164;141.7506523;2.527880631;-33.70052237
43;sujet43;;2;50;2;balsa;1;m10;4;4;94;0.184;144.864138;2.476805072;-36.78527688
43;sujet43;;2;50;2;balsa;1;m10;5;5;95;0.136;164.2989943;3.347112795;-2.65066718
43;sujet43;;2;50;2;balsa;1;m10;6;6;96;0.144;167.7866859;3.291270456;21.47206554
43;sujet43;;2;50;2;balsa;1;m10;7;7;97;0.164;183.362261;3.017352844;-32.46179634
43;sujet43;;2;50;2;balsa;1;m10;8;8;98;0.172;179.2248486;2.369670771;-35.10765188
43;sujet43;;2;50;2;balsa;1;m10;9;9;99;0.152;173.9873397;2.751433229;20.79911182
43;sujet43;;2;50;2;balsa;1;m10;10;10;100;0.144;178.0078148;2.755071018;5.607040321
43;sujet43;;2;50;2;balsa;2;0;1;1;101;0.12;153.3005171;3.154461335;-40.52215197
43;sujet43;;2;50;2;balsa;2;0;2;2;102;0.192;222.0281462;2.78543916;-47.15754392
43;sujet43;;2;50;2;balsa;2;0;3;3;103;0.172;247.1672135;2.69865699;-43.35851334
43;sujet43;;2;50;2;balsa;2;0;4;4;104;0.164;253.0700691;3.665765346;-5.726761864
43;sujet43;;2;50;2;balsa;2;0;5;5;105;0.204;293.3340058;3.088507241;-25.15014237
43;sujet43;;2;50;2;balsa;2;0;6;6;106;0.176;263.1235356;3.976019404;18.78666104
43;sujet43;;2;50;2;balsa;2;0;7;7;107;0.2;257.5582008;2.959357642;-35.6863099
43;sujet43;;2;50;2;balsa;2;0;8;8;108;0.176;216.2968613;3.138916802;-36.49385529
43;sujet43;;2;50;2;balsa;2;0;9;9;109;0.196;249.6232344;3.36397986;-12.66940727
43;sujet43;;2;50;2;balsa;2;0;10;10;110;0.172;251.6867702;3.417184105;4.412584173
43;sujet43;;2;50;2;balsa;3;p10;1;1;111;0.18;236.2797233;2.992141184;-46.30769278
43;sujet43;;2;50;2;balsa;3;p10;2;2;112;0.192;262.2478382;2.883124899;-36.87866349
43;sujet43;;2;50;2;balsa;3;p10;3;3;113;0.168;204.9715266;2.822743689;-30.45759464
43;sujet43;;2;50;2;balsa;3;p10;4;4;114;0.18;225.6936457;2.698618452;-39.08999847
43;sujet43;;2;50;2;balsa;3;p10;5;5;115;0.188;246.4422549;2.820627061;-30.727009
43;sujet43;;2;50;2;balsa;3;p10;6;6;116;0.148;188.2886778;3.393246319;-23.00382956
43;sujet43;;2;50;2;balsa;3;p10;7;7;117;0.18;212.685767;3.061290741;-20.98797451
43;sujet43;;2;50;2;balsa;3;p10;8;8;118;0.176;214.6080606;3.362453742;-21.64242155
43;sujet43;;2;50;2;balsa;3;p10;9;9;119;0.16;204.8281835;3.422678759;-29.70820936
43;sujet43;;2;50;2;balsa;3;p10;10;10;120;0.192;251.0053389;3.28585153;-20.8668932
44;sujet44;;1;25;1;alu;1;m10;1;1;1;0.144;91.25937782;1.64501166;-23.94095264
44;sujet44;;1;25;1;alu;1;m10;2;2;2;0.188;126.3414385;1.724398326;11.59669396
44;sujet44;;1;25;1;alu;1;m10;3;3;3;0.14;91.96433143;1.440427772;-6.088199064
44;sujet44;;1;25;1;alu;1;m10;4;4;4;0.12;71.56496907;1.44947895;10.99146518
44;sujet44;;1;25;1;alu;1;m10;5;5;5;0.124;73.954542;1.326614404;-31.48497381
44;sujet44;;1;25;1;alu;1;m10;6;6;6;0.14;80.08350031;1.093326811;-1.777559756
44;sujet44;;1;25;1;alu;1;m10;7;7;7;0.132;81.6857565;1.862384891;14.23478611
44;sujet44;;1;25;1;alu;1;m10;8;8;8;0.164;93.61173237;1.407555172;-5.567671452
44;sujet44;;1;25;1;alu;1;m10;9;9;9;0.124;99.79469515;2.097477357;29.71848647
44;sujet44;;1;25;1;alu;1;m10;10;10;10;0.208;100.2036796;1.515740026;-0.442626961
44;sujet44;;1;25;1;alu;2;0;1;1;11;0.156;53.93023034;1.022208094;-67.74544847
44;sujet44;;1;25;1;alu;2;0;2;2;12;0.096;80.2623951;1.929930731;-16.09130465
44;sujet44;;1;25;1;alu;2;0;3;3;13;0.096;79.38176353;1.973526492;5.149571992
44;sujet44;;1;25;1;alu;2;0;4;4;14;0.16;109.1825434;1.637622061;-34.17359952
44;sujet44;;1;25;1;alu;2;0;5;5;15;0.124;105.7954658;2.152024541;14.89645443
44;sujet44;;1;25;1;alu;2;0;6;6;16;0.16;117.9413538;2.151560881;-17.61988996
44;sujet44;;1;25;1;alu;2;0;7;7;17;0.156;124.2583321;2.002008258;7.021112381
44;sujet44;;1;25;1;alu;2;0;8;8;18;0.136;105.2202685;2.008997918;18.66067865
44;sujet44;;1;25;1;alu;2;0;9;9;19;0.152;117.008408;1.98945333;7.825402802
44;sujet44;;1;25;1;alu;2;0;10;10;20;0.16;116.8235921;1.658805479;-11.16227911
44;sujet44;;1;25;1;alu;3;p10;1;1;21;0.1;76.00394881;1.821633632;-17.61295134
44;sujet44;;1;25;1;alu;3;p10;2;2;22;0.112;85.29211535;1.594438244;7.825115507
44;sujet44;;1;25;1;alu;3;p10;3;3;23;0.124;100.6995115;1.988325203;-21.24311146
44;sujet44;;1;25;1;alu;3;p10;4;4;24;0.18;121.5725181;1.758207569;-47.08550052
44;sujet44;;1;25;1;alu;3;p10;5;5;25;0.124;109.0307723;2.210850148;17.02294806
44;sujet44;;1;25;1;alu;3;p10;6;6;26;0.148;123.5039183;1.821016008;-14.49560074
44;sujet44;;1;25;1;alu;3;p10;7;7;27;0.152;125.3216249;1.867367508;-1.438278703
44;sujet44;;1;25;1;alu;3;p10;8;8;28;0.168;129.655637;2.03773833;-6.443763789
44;sujet44;;1;25;1;alu;3;p10;9;9;29;0.16;114.8066373;2.107621516;7.929139324
44;sujet44;;1;25;1;alu;3;p10;10;10;30;0.156;114.6750766;2.021208246;-6.308743977
44;sujet44;;1;25;2;balsa;1;m10;1;1;31;0.132;96.05644006;1.937530145;19.86930148
44;sujet44;;1;25;2;balsa;1;m10;2;2;32;0.128;102.917162;2.027678221;4.785647552
44;sujet44;;1;25;2;balsa;1;m10;3;3;33;0.16;114.6622018;1.708859275;-1.254054137
44;sujet44;;1;25;2;balsa;1;m10;4;4;34;0.16;130.7055833;1.999220774;30.39060394
44;sujet44;;1;25;2;balsa;1;m10;5;5;35;0.164;119.9581913;1.741780662;-1.44552569
44;sujet44;;1;25;2;balsa;1;m10;6;6;36;0.136;114.7453454;1.666178122;8.395367336
44;sujet44;;1;25;2;balsa;1;m10;7;7;37;0.156;130.3380191;1.450433346;7.884852103
44;sujet44;;1;25;2;balsa;1;m10;8;8;38;0.108;79.90602554;2.12441687;-7.239387421
44;sujet44;;1;25;2;balsa;1;m10;9;9;39;0.104;103.1043108;2.608611096;69.31406444
44;sujet44;;1;25;2;balsa;1;m10;10;10;40;0.14;88.04252127;1.79369193;-4.815099014
44;sujet44;;1;25;2;balsa;2;0;1;1;41;0.14;120.4915149;1.701398381;-28.82956943
44;sujet44;;1;25;2;balsa;2;0;2;2;42;0.14;142.3323197;2.507452123;23.07097159
44;sujet44;;1;25;2;balsa;2;0;3;3;43;0.124;106.3708169;2.206413865;-7.953477498
44;sujet44;;1;25;2;balsa;2;0;4;4;44;0.172;156.579506;2.332489047;14.85970273
44;sujet44;;1;25;2;balsa;2;0;5;5;45;0.172;162.3163934;2.339073973;9.71855944
44;sujet44;;1;25;2;balsa;2;0;6;6;46;0.188;175.027108;2.233156472;31.544085
44;sujet44;;1;25;2;balsa;2;0;7;7;47;0.22;151.2231782;1.722798228;-8.595896891
44;sujet44;;1;25;2;balsa;2;0;8;8;48;0.132;119.7778188;2.414479854;17.37847251
44;sujet44;;1;25;2;balsa;2;0;9;9;49;0.12;100.8156618;2.238009341;33.11640832
44;sujet44;;1;25;2;balsa;2;0;10;10;50;0.156;125.9605338;2.100727993;7.421906193
44;sujet44;;1;25;2;balsa;3;p10;1;1;51;0.188;89.43961898;1.397682122;-20.85494121
44;sujet44;;1;25;2;balsa;3;p10;2;2;52;0.132;113.0817746;1.736162271;-26.98975209
44;sujet44;;1;25;2;balsa;3;p10;3;3;53;0.14;116.3228235;2.715424502;0.25982134
44;sujet44;;1;25;2;balsa;3;p10;4;4;54;0.132;118.521794;2.149253612;-22.24380282
44;sujet44;;1;25;2;balsa;3;p10;5;5;55;0.236;152.8114459;2.875043865;-19.00224906
44;sujet44;;1;25;2;balsa;3;p10;6;6;56;0.16;141.424277;2.129243366;22.78072803
44;sujet44;;1;25;2;balsa;3;p10;7;7;57;0.144;140.1963312;2.272002902;-13.69357615
44;sujet44;;1;25;2;balsa;3;p10;8;8;58;0.148;133.6352242;2.895306886;5.689660272
44;sujet44;;1;25;2;balsa;3;p10;9;9;59;0.152;153.001729;2.928316913;13.96483408
44;sujet44;;1;25;2;balsa;3;p10;10;10;60;0.164;167.4265302;2.99988731;6.696272924
44;sujet44;;2;50;1;alu;1;m10;1;1;61;0.12;114.0066896;2.400031125;6.268986589
44;sujet44;;2;50;1;alu;1;m10;2;2;62;0.152;135.2333911;2.346738082;-30.07323571
44;sujet44;;2;50;1;alu;1;m10;3;3;63;0.152;162.8000506;2.655395879;22.32961105
44;sujet44;;2;50;1;alu;1;m10;4;4;64;0.14;133.4496928;2.221241599;-14.13127777
44;sujet44;;2;50;1;alu;1;m10;5;5;65;0.14;134.9593969;2.525101411;13.83111977
44;sujet44;;2;50;1;alu;1;m10;6;6;66;0.128;121.6846753;2.31799602;13.49830343
44;sujet44;;2;50;1;alu;1;m10;7;7;67;0.116;101.2675926;2.008688328;-6.20056559
44;sujet44;;2;50;1;alu;1;m10;8;8;68;0.128;118.0415519;2.46320063;0.206002786
44;sujet44;;2;50;1;alu;1;m10;9;9;69;0.18;138.210344;2.01663933;-17.77367253
44;sujet44;;2;50;1;alu;1;m10;10;10;70;0.152;120.1092651;2.154887569;0.272854991
44;sujet44;;2;50;1;alu;2;0;1;1;71;0.148;195.5581641;3.415057229;51.07814464
44;sujet44;;2;50;1;alu;2;0;2;2;72;0.188;195.01628;3.23874952;-24.53052079
44;sujet44;;2;50;1;alu;2;0;3;3;73;0.132;145.1466001;3.047576394;-12.65579683
44;sujet44;;2;50;1;alu;2;0;4;4;74;0.148;150.3204312;2.813513596;-12.93309168
44;sujet44;;2;50;1;alu;2;0;5;5;75;0.152;156.3855631;2.738895582;-15.9003254
44;sujet44;;2;50;1;alu;2;0;6;6;76;0.152;153.4695591;3.222687332;5.903317863
44;sujet44;;2;50;1;alu;2;0;7;7;77;0.124;137.5620549;2.928973526;1.192701674
44;sujet44;;2;50;1;alu;2;0;8;8;78;0.152;171.092073;2.5142465;2.291726189
44;sujet44;;2;50;1;alu;2;0;9;9;79;0.136;150.4241605;2.437752205;-12.1904
44;sujet44;;2;50;1;alu;2;0;10;10;80;0.144;169.3910108;3.259278193;-1.04570428
44;sujet44;;2;50;1;alu;3;p10;1;1;81;0.116;117.7454488;2.76556723;-31.27465193
44;sujet44;;2;50;1;alu;3;p10;2;2;82;0.1;118.201094;3.217020782;-9.930590926
44;sujet44;;2;50;1;alu;3;p10;3;3;83;0.096;134.00745;3.731150143;18.46768461
44;sujet44;;2;50;1;alu;3;p10;4;4;84;0.116;143.0257162;3.028253671;-29.24178729
44;sujet44;;2;50;1;alu;3;p10;5;5;85;0.104;147.6394741;3.7203213;21.80720489
44;sujet44;;2;50;1;alu;3;p10;6;6;86;0.14;159.107823;2.695351963;-32.91109155
44;sujet44;;2;50;1;alu;3;p10;7;7;87;0.156;148.0915062;3.260706713;3.112225014
44;sujet44;;2;50;1;alu;3;p10;8;8;88;0.124;148.426246;3.169751877;-15.60094085
44;sujet44;;2;50;1;alu;3;p10;9;9;89;0.124;145.158246;2.782167919;-20.08540947
44;sujet44;;2;50;1;alu;3;p10;10;10;90;0.104;162.872511;3.544887285;10.11042061
44;sujet44;;2;50;2;balsa;1;m10;1;1;91;0.132;141.8409457;2.821617012;-11.13679424
44;sujet44;;2;50;2;balsa;1;m10;2;2;92;0.12;134.0379954;2.697785075;-6.419471829
44;sujet44;;2;50;2;balsa;1;m10;3;3;93;0.124;148.6256121;2.919058007;-0.886590628
44;sujet44;;2;50;2;balsa;1;m10;4;4;94;0.116;141.4656252;3.461015658;9.326609174
44;sujet44;;2;50;2;balsa;1;m10;5;5;95;0.108;115.4728528;3.125269699;13.48396108
44;sujet44;;2;50;2;balsa;1;m10;6;6;96;0.116;136.9630895;2.830870813;-3.101112087
44;sujet44;;2;50;2;balsa;1;m10;7;7;97;0.14;146.8145578;2.779093687;5.975452031
44;sujet44;;2;50;2;balsa;1;m10;8;8;98;0.128;147.5535001;2.853966103;-27.04251945
44;sujet44;;2;50;2;balsa;1;m10;9;9;99;0.132;162.5174208;2.635744359;-8.777660428
44;sujet44;;2;50;2;balsa;1;m10;10;10;100;0.12;154.6771477;3.104668924;5.78718247
44;sujet44;;2;50;2;balsa;2;0;1;1;101;0.096;114.3710413;3.008738221;-22.06954332
44;sujet44;;2;50;2;balsa;2;0;2;2;102;0.112;143.6814144;3.58267162;-1.562216168
44;sujet44;;2;50;2;balsa;2;0;3;3;103;0.132;145.8337954;3.051823384;-23.50877177
44;sujet44;;2;50;2;balsa;2;0;4;4;104;0.124;153.3440453;2.937806039;-18.20175677
44;sujet44;;2;50;2;balsa;2;0;5;5;105;0.124;160.2545933;3.422017635;-0.195983458
44;sujet44;;2;50;2;balsa;2;0;6;6;106;0.112;139.1425769;3.330671389;-0.114451413
44;sujet44;;2;50;2;balsa;2;0;7;7;107;0.12;166.5381532;3.287588858;-19.61578235
44;sujet44;;2;50;2;balsa;2;0;8;8;108;0.12;142.9155063;3.194123904;-5.792673891
44;sujet44;;2;50;2;balsa;2;0;9;9;109;0.14;161.8910012;2.822365081;-11.82418291
44;sujet44;;2;50;2;balsa;2;0;10;10;110;0.128;164.7867819;3.207127277;31.25851621
44;sujet44;;2;50;2;balsa;3;p10;1;1;111;0.112;130.8944862;2.857233359;-11.53979346
44;sujet44;;2;50;2;balsa;3;p10;2;2;112;0.1;112.4431854;2.738458896;-12.30236182
44;sujet44;;2;50;2;balsa;3;p10;3;3;113;0.104;147.7562233;3.589720834;-11.21776895
44;sujet44;;2;50;2;balsa;3;p10;4;4;114;0.092;118.4722139;3.474079607;-1.819718263
44;sujet44;;2;50;2;balsa;3;p10;5;5;115;0.124;155.7083855;3.326284474;-15.40229192
44;sujet44;;2;50;2;balsa;3;p10;6;6;116;0.108;148.0511176;4.122266786;42.29073671
44;sujet44;;2;50;2;balsa;3;p10;7;7;117;0.12;161.4681024;3.660963415;34.2863023
44;sujet44;;2;50;2;balsa;3;p10;8;8;118;0.196;174.5855722;4.048406969;24.80848853
44;sujet44;;2;50;2;balsa;3;p10;9;9;119;0.124;151.0976197;3.28584493;3.018688691
44;sujet44;;2;50;2;balsa;3;p10;10;10;120;0.136;159.5721337;2.86665551;-0.543685974
45;sujet45;;1;25;1;alu;1;m10;1;1;1;0.14;69.80152826;1.437972265;29.57138729
45;sujet45;;1;25;1;alu;1;m10;2;2;2;0.12;47.107063;1.639070873;-8.433396851
45;sujet45;;1;25;1;alu;1;m10;3;3;3;0.168;75.56505787;1.182954802;-14.69759697
45;sujet45;;1;25;1;alu;1;m10;4;4;4;0.172;70.6294455;1.480523168;3.085772813
45;sujet45;;1;25;1;alu;1;m10;5;5;5;0.136;60.9153142;2.289595737;31.7014522
45;sujet45;;1;25;1;alu;1;m10;6;6;6;0.144;63.21305146;1.176882136;-8.511906382
45;sujet45;;1;25;1;alu;1;m10;7;7;7;0.12;53.71934354;1.194730809;-13.7427788
45;sujet45;;1;25;1;alu;1;m10;8;8;8;0.148;63.06518116;1.307092971;3.713772049
45;sujet45;;1;25;1;alu;1;m10;9;9;9;0.128;55.12731959;1.640535614;21.83889288
45;sujet45;;1;25;1;alu;1;m10;10;10;10;0.12;49.88545196;1.548066738;7.429176284
45;sujet45;;1;25;1;alu;2;0;1;1;11;0.08;40.62375142;1.757204545;0.408823629
45;sujet45;;1;25;1;alu;2;0;2;2;12;0.096;50.57769985;1.691343258;-29.40245843
45;sujet45;;1;25;1;alu;2;0;3;3;13;0.148;64.35518404;1.631473026;-34.49787566
45;sujet45;;1;25;1;alu;2;0;4;4;14;0.136;77.82924169;1.769878387;55.9471314
45;sujet45;;1;25;1;alu;2;0;5;5;15;0.16;71.07490841;1.807712103;-0.097165091
45;sujet45;;1;25;1;alu;2;0;6;6;16;0.172;70.97480493;1.322573046;-1.999276463
45;sujet45;;1;25;1;alu;2;0;7;7;17;0.14;48.53527275;1.726189079;26.71434021
45;sujet45;;1;25;1;alu;2;0;8;8;18;0.168;45.34643666;0.744864105;-38.90283859
45;sujet45;;1;25;1;alu;2;0;9;9;19;0.116;61.19760462;1.72778328;15.01490157
45;sujet45;;1;25;1;alu;2;0;10;10;20;0.088;33.23291831;1.348742128;-41.70601996
45;sujet45;;1;25;1;alu;3;p10;1;1;21;0.132;69.19973068;1.435753414;8.581947838
45;sujet45;;1;25;1;alu;3;p10;2;2;22;0.108;69.92190762;1.656972654;-0.177312508
45;sujet45;;1;25;1;alu;3;p10;3;3;23;0.1;64.18526237;1.704694818;37.91203831
45;sujet45;;1;25;1;alu;3;p10;4;4;24;0.12;63.37988224;1.342122276;2.943711922
45;sujet45;;1;25;1;alu;3;p10;5;5;25;0.128;58.79237897;1.62518384;12.92745221
45;sujet45;;1;25;1;alu;3;p10;6;6;26;0.136;70.00953975;1.842613548;9.256005014
45;sujet45;;1;25;1;alu;3;p10;7;7;27;0.16;95.68992402;1.428678638;-12.87236353
45;sujet45;;1;25;1;alu;3;p10;8;8;28;0.108;77.13564243;1.895890517;0.006764085
45;sujet45;;1;25;1;alu;3;p10;9;9;29;0.144;81.79221657;1.881755995;-1.181717266
45;sujet45;;1;25;1;alu;3;p10;10;10;30;0.132;57.05230375;1.810734189;-3.071610559
45;sujet45;;1;25;2;balsa;1;m10;1;1;31;0.092;66.67441789;1.901307958;-31.84966369
45;sujet45;;1;25;2;balsa;1;m10;2;2;32;0.092;48.42363326;1.522182996;27.17519781
45;sujet45;;1;25;2;balsa;1;m10;3;3;33;0.112;51.55910061;1.542598084;22.60738913
45;sujet45;;1;25;2;balsa;1;m10;4;4;34;0.12;53.2384125;1.828103133;-1.902126733
45;sujet45;;1;25;2;balsa;1;m10;5;5;35;0.112;57.95062402;1.899058991;9.630551919
45;sujet45;;1;25;2;balsa;1;m10;6;6;36;0.112;64.47788861;1.857688914;-25.11151065
45;sujet45;;1;25;2;balsa;1;m10;7;7;37;0.156;89.75313748;1.864174596;8.94362317
45;sujet45;;1;25;2;balsa;1;m10;8;8;38;0.144;66.24536215;1.456875191;-7.038313514
45;sujet45;;1;25;2;balsa;1;m10;9;9;39;0.148;83.84014475;1.59991966;10.7466264
45;sujet45;;1;25;2;balsa;1;m10;10;10;40;0.14;54.79653972;1.418267495;-7.404718011
45;sujet45;;1;25;2;balsa;2;0;1;1;41;0.172;111.0348375;1.579046172;-35.01914939
45;sujet45;;1;25;2;balsa;2;0;2;2;42;0.14;96.64561509;2.156216793;24.65803414
45;sujet45;;1;25;2;balsa;2;0;3;3;43;0.224;110.5301852;1.928550804;33.28699842
45;sujet45;;1;25;2;balsa;2;0;4;4;44;0.136;95.80777371;1.766206687;19.32101907
45;sujet45;;1;25;2;balsa;2;0;5;5;45;0.112;88.06630687;2.127557117;17.78789078
45;sujet45;;1;25;2;balsa;2;0;6;6;46;0.12;87.54902802;1.806860412;-43.22058455
45;sujet45;;1;25;2;balsa;2;0;7;7;47;0.156;82.03252869;1.698852724;24.48115681
45;sujet45;;1;25;2;balsa;2;0;8;8;48;0.16;114.617298;2.273463987;-13.43766959
45;sujet45;;1;25;2;balsa;2;0;9;9;49;0.14;122.7278533;2.485017694;27.28475367
45;sujet45;;1;25;2;balsa;2;0;10;10;50;0.14;77.84692294;1.794553535;-20.69128243
45;sujet45;;1;25;2;balsa;3;p10;1;1;51;0.128;87.13736384;2.072781824;21.96254738
45;sujet45;;1;25;2;balsa;3;p10;2;2;52;0.1;74.8030892;2.084819447;14.0204385
45;sujet45;;1;25;2;balsa;3;p10;3;3;53;0.124;93.22539461;2.208807702;14.49319011
45;sujet45;;1;25;2;balsa;3;p10;4;4;54;0.116;76.70434808;1.800022456;-26.54151612
45;sujet45;;1;25;2;balsa;3;p10;5;5;55;0.104;49.36082629;1.506058828;-12.30814049
45;sujet45;;1;25;2;balsa;3;p10;6;6;56;0.128;101.6253823;2.386713525;28.73992051
45;sujet45;;1;25;2;balsa;3;p10;7;7;57;0.104;80.95568695;2.148920805;74.34749523
45;sujet45;;1;25;2;balsa;3;p10;8;8;58;0.192;108.8400681;1.979891758;-0.673343124
45;sujet45;;1;25;2;balsa;3;p10;9;9;59;0.14;101.2618417;1.909503113;-0.67215966
45;sujet45;;1;25;2;balsa;3;p10;10;10;60;0.148;86.05342172;1.59331269;-47.02320353
45;sujet45;;2;50;1;alu;1;m10;1;1;61;0.14;102.5569347;1.796808903;-21.06427053
45;sujet45;;2;50;1;alu;1;m10;2;2;62;0.084;65.75046541;2.036110874;8.651696672
45;sujet45;;2;50;1;alu;1;m10;3;3;63;0.1;64.94460514;1.688432448;-2.566686746
45;sujet45;;2;50;1;alu;1;m10;4;4;64;0.1;64.00105572;1.639130847;0.908760154
45;sujet45;;2;50;1;alu;1;m10;5;5;65;0.096;57.14181097;2.116183582;-10.59435228
45;sujet45;;2;50;1;alu;1;m10;6;6;66;0.072;54.29290557;2.486792526;6.382088842
45;sujet45;;2;50;1;alu;1;m10;7;7;67;0.132;74.49363;1.577067711;-17.64737707
45;sujet45;;2;50;1;alu;1;m10;8;8;68;0.108;54.11195892;1.525019144;-21.67526697
45;sujet45;;2;50;1;alu;1;m10;9;9;69;0.108;63.91154731;1.639310689;2.818838114
45;sujet45;;2;50;1;alu;1;m10;10;10;70;0.124;74.99833513;2.21229225;22.75880892
45;sujet45;;2;50;1;alu;2;0;1;1;71;0.14;92.72229648;2.161273445;7.851779279
45;sujet45;;2;50;1;alu;2;0;2;2;72;0.204;91.94787427;2.003871588;-23.05610678
45;sujet45;;2;50;1;alu;2;0;3;3;73;0.16;118.2080602;2.345931988;-22.13097179
45;sujet45;;2;50;1;alu;2;0;4;4;74;0.144;100.0614653;2.104749469;-4.80453768
45;sujet45;;2;50;1;alu;2;0;5;5;75;0.176;92.29816779;1.947807733;-20.24414962
45;sujet45;;2;50;1;alu;2;0;6;6;76;0.136;105.1531908;2.253211246;-12.46509921
45;sujet45;;2;50;1;alu;2;0;7;7;77;0.108;69.92572694;2.303313401;-3.305679029
45;sujet45;;2;50;1;alu;2;0;8;8;78;0.1;83.08374783;2.00003465;-20.80783698
45;sujet45;;2;50;1;alu;2;0;9;9;79;0.1;89.07642098;2.542667912;5.422019232
45;sujet45;;2;50;1;alu;2;0;10;10;80;0.116;102.5606838;2.25616379;-20.14501849
45;sujet45;;2;50;1;alu;3;p10;1;1;81;0.1;93.18609812;2.147112036;-11.26692852
45;sujet45;;2;50;1;alu;3;p10;2;2;82;0.092;74.09997863;1.992838991;-15.82257319
45;sujet45;;2;50;1;alu;3;p10;3;3;83;0.1;89.91458614;2.271474346;-4.853739376
45;sujet45;;2;50;1;alu;3;p10;4;4;84;0.148;94.45126246;1.832508664;-15.49083711
45;sujet45;;2;50;1;alu;3;p10;5;5;85;0.14;106.0673861;2.271459875;-24.45448846
45;sujet45;;2;50;1;alu;3;p10;6;6;86;0.116;103.9227043;2.612619988;-2.587763879
45;sujet45;;2;50;1;alu;3;p10;7;7;87;0.092;87.38737882;2.821573704;13.1616391
45;sujet45;;2;50;1;alu;3;p10;8;8;88;0.124;86.01717423;2.108110767;-13.02890277
45;sujet45;;2;50;1;alu;3;p10;9;9;89;0.204;99.17237901;2.182320133;-24.02042923
45;sujet45;;2;50;1;alu;3;p10;10;10;90;0.128;91.07340476;2.155972724;-16.01830079
45;sujet45;;2;50;2;balsa;1;m10;1;1;91;0.148;123.5345056;2.456616639;-5.778777057
45;sujet45;;2;50;2;balsa;1;m10;2;2;92;0.156;112.1035193;2.007971167;-13.91453866
45;sujet45;;2;50;2;balsa;1;m10;3;3;93;0.156;98.33997633;2.88062935;21.17362813
45;sujet45;;2;50;2;balsa;1;m10;4;4;94;0.156;104.4981138;2.007991845;-21.08046741
45;sujet45;;2;50;2;balsa;1;m10;5;5;95;0.1;80.30420451;1.878635267;-11.54560596
45;sujet45;;2;50;2;balsa;1;m10;6;6;96;0.172;89.70064927;2.163819485;-5.502260799
45;sujet45;;2;50;2;balsa;1;m10;7;7;97;0.12;89.98447403;2.56234602;-15.67962615
45;sujet45;;2;50;2;balsa;1;m10;8;8;98;0.116;87.79113987;2.400121095;7.137749749
45;sujet45;;2;50;2;balsa;1;m10;9;9;99;0.144;104.9679698;2.144223851;4.184603877
45;sujet45;;2;50;2;balsa;1;m10;10;10;100;0.176;96.59058291;1.896528849;-3.164212181
45;sujet45;;2;50;2;balsa;2;0;1;1;101;0.108;84.0937911;2.511277441;-10.34556864
45;sujet45;;2;50;2;balsa;2;0;2;2;102;0.164;121.6809049;2.860844717;4.849319625
45;sujet45;;2;50;2;balsa;2;0;3;3;103;0.168;118.8681025;2.680686187;-12.3087175
45;sujet45;;2;50;2;balsa;2;0;4;4;104;0.208;126.4390412;2.219377679;-23.98794192
45;sujet45;;2;50;2;balsa;2;0;5;5;105;0.112;94.25069832;2.03622417;-26.68579416
45;sujet45;;2;50;2;balsa;2;0;6;6;106;0.18;121.8436042;2.524409807;15.94462154
45;sujet45;;2;50;2;balsa;2;0;7;7;107;0.152;109.0145089;2.242967644;-14.63294066
45;sujet45;;2;50;2;balsa;2;0;8;8;108;0.184;125.1670935;2.642697004;4.775328321
45;sujet45;;2;50;2;balsa;2;0;9;9;109;0.156;133.3295266;2.683271232;-5.674859176
45;sujet45;;2;50;2;balsa;2;0;10;10;110;0.184;129.246551;2.32342498;-20.73409588
45;sujet45;;2;50;2;balsa;3;p10;1;1;111;0.14;124.9159632;2.894153592;11.88697132
45;sujet45;;2;50;2;balsa;3;p10;2;2;112;0.144;112.031237;2.538424228;-11.32717058
45;sujet45;;2;50;2;balsa;3;p10;3;3;113;0.108;115.2698027;2.365649303;-32.57825576
45;sujet45;;2;50;2;balsa;3;p10;4;4;114;0.156;97.92615433;2.462781592;-18.60133662
45;sujet45;;2;50;2;balsa;3;p10;5;5;115;0.228;144.145563;2.339808406;-29.46223426
45;sujet45;;2;50;2;balsa;3;p10;6;6;116;0.16;130.0347791;2.343075695;-11.11370668
45;sujet45;;2;50;2;balsa;3;p10;7;7;117;0.148;129.431255;2.956882495;6.882888839
45;sujet45;;2;50;2;balsa;3;p10;8;8;118;0.168;128.3350764;2.403685077;-21.40296014
45;sujet45;;2;50;2;balsa;3;p10;9;9;119;0.14;149.6266123;2.512537975;-26.76805332
45;sujet45;;2;50;2;balsa;3;p10;10;10;120;0.204;156.8453079;2.620569466;-20.91004565
46;sujet46;;1;25;1;alu;1;m10;1;1;1;0.112;61.4996213;1.570508381;-13.13698533
46;sujet46;;1;25;1;alu;1;m10;2;2;2;0.108;67.33969356;1.61222711;0.147749577
46;sujet46;;1;25;1;alu;1;m10;3;3;3;0.12;76.81306593;1.544671502;-5.908887243
46;sujet46;;1;25;1;alu;1;m10;4;4;4;0.128;88.55859515;1.392053122;4.804059704
46;sujet46;;1;25;1;alu;1;m10;5;5;5;0.124;94.29567457;1.376990349;-30.45292709
46;sujet46;;1;25;1;alu;1;m10;6;6;6;0.12;93.1110602;1.813413027;57.77326637
46;sujet46;;1;25;1;alu;1;m10;7;7;7;0.132;80.24606039;1.616131301;82.30446083
46;sujet46;;1;25;1;alu;1;m10;8;8;8;0.128;77.46165429;1.804892431;-13.02311227
46;sujet46;;1;25;1;alu;1;m10;9;9;9;0.14;102.9543223;1.478395794;-19.67347085
46;sujet46;;1;25;1;alu;1;m10;10;10;10;0.132;102.3975421;1.865322268;40.32035357
46;sujet46;;1;25;1;alu;2;0;1;1;11;0.112;66.42392546;1.592319397;-0.090984748
46;sujet46;;1;25;1;alu;2;0;2;2;12;0.112;81.58092092;1.825725846;11.22350123
46;sujet46;;1;25;1;alu;2;0;3;3;13;0.12;72.81150492;1.528268368;-24.96113391
46;sujet46;;1;25;1;alu;2;0;4;4;14;0.108;88.84815913;1.855756456;17.82378757
46;sujet46;;1;25;1;alu;2;0;5;5;15;0.124;111.6967931;1.92478483;2.606986074
46;sujet46;;1;25;1;alu;2;0;6;6;16;0.132;99.9116409;1.510039585;-19.88055446
46;sujet46;;1;25;1;alu;2;0;7;7;17;0.108;103.4709296;1.992899201;-11.72943173
46;sujet46;;1;25;1;alu;2;0;8;8;18;0.124;105.4050171;1.913007524;19.00437282
46;sujet46;;1;25;1;alu;2;0;9;9;19;0.116;92.86095128;2.015373633;-1.743219047
46;sujet46;;1;25;1;alu;2;0;10;10;20;0.116;109.2494602;1.88481649;-2.886546023
46;sujet46;;1;25;1;alu;3;p10;1;1;21;0.108;82.2955938;2.186457039;-22.45107213
46;sujet46;;1;25;1;alu;3;p10;2;2;22;0.116;137.7302839;2.108156454;-33.68435293
46;sujet46;;1;25;1;alu;3;p10;3;3;23;0.096;114.3709239;2.726480448;17.02255396
46;sujet46;;1;25;1;alu;3;p10;4;4;24;0.108;126.5356515;1.80034239;-42.78515437
46;sujet46;;1;25;1;alu;3;p10;5;5;25;0.108;142.5247559;2.524214048;13.914735
46;sujet46;;1;25;1;alu;3;p10;6;6;26;0.116;142.9647281;2.475646094;19.03575633
46;sujet46;;1;25;1;alu;3;p10;7;7;27;0.124;144.0021022;2.343173996;-17.60837033
46;sujet46;;1;25;1;alu;3;p10;8;8;28;0.112;126.2707875;2.552714946;27.97293967
46;sujet46;;1;25;1;alu;3;p10;9;9;29;0.136;149.576839;2.186600768;-21.88262993
46;sujet46;;1;25;1;alu;3;p10;10;10;30;0.144;169.4485375;2.434838215;-15.39654757
46;sujet46;;1;25;2;balsa;1;m10;1;1;31;0.116;100.7718743;2.147071084;39.61708063
46;sujet46;;1;25;2;balsa;1;m10;2;2;32;0.136;86.63173784;1.911931915;32.62559641
46;sujet46;;1;25;2;balsa;1;m10;3;3;33;0.12;99.32163438;1.873544823;-23.10628221
46;sujet46;;1;25;2;balsa;1;m10;4;4;34;0.128;114.4996748;1.574777781;-9.274232557
46;sujet46;;1;25;2;balsa;1;m10;5;5;35;0.12;111.8430229;1.353077695;-10.23645213
46;sujet46;;1;25;2;balsa;1;m10;6;6;36;0.128;123.8434761;1.815671432;11.94585023
46;sujet46;;1;25;2;balsa;1;m10;7;7;37;0.128;122.6039;1.801002605;7.229258788
46;sujet46;;1;25;2;balsa;1;m10;8;8;38;0.124;112.2226729;1.723503299;-12.18608541
46;sujet46;;1;25;2;balsa;1;m10;9;9;39;0.124;118.4906826;2.029222469;12.51851728
46;sujet46;;1;25;2;balsa;1;m10;10;10;40;0.116;130.6193786;1.969245858;38.14769218
46;sujet46;;1;25;2;balsa;2;0;1;1;41;0.176;126.2551742;2.258856296;-52.12882772
46;sujet46;;1;25;2;balsa;2;0;2;2;42;0.108;146.586508;2.617828167;28.39972254
46;sujet46;;1;25;2;balsa;2;0;3;3;43;0.12;145.1587808;2.113631387;-54.70170165
46;sujet46;;1;25;2;balsa;2;0;4;4;44;0.128;171.8583901;2.041680047;9.649355751
46;sujet46;;1;25;2;balsa;2;0;5;5;45;0.116;153.2163671;2.068853744;3.586613721
46;sujet46;;1;25;2;balsa;2;0;6;6;46;0.116;133.422983;2.077111634;19.038497
46;sujet46;;1;25;2;balsa;2;0;7;7;47;0.132;146.5444511;1.969508066;3.996443293
46;sujet46;;1;25;2;balsa;2;0;8;8;48;0.112;120.420367;2.174030792;-6.357798487
46;sujet46;;1;25;2;balsa;2;0;9;9;49;0.112;128.6049248;1.901119559;-16.05041638
46;sujet46;;1;25;2;balsa;2;0;10;10;50;0.12;174.1563928;2.46552617;41.99766835
46;sujet46;;1;25;2;balsa;3;p10;1;1;51;0.108;121.9968122;2.325975779;-15.52688604
46;sujet46;;1;25;2;balsa;3;p10;2;2;52;0.1;135.9918026;2.504618017;-8.199393969
46;sujet46;;1;25;2;balsa;3;p10;3;3;53;0.096;140.9075201;2.501210828;5.098894209
46;sujet46;;1;25;2;balsa;3;p10;4;4;54;0.096;99.73702865;2.463451949;3.959693
46;sujet46;;1;25;2;balsa;3;p10;5;5;55;0.1;91.91183967;1.712316764;-21.97487807
46;sujet46;;1;25;2;balsa;3;p10;6;6;56;0.128;158.9568815;1.840843362;-17.98405487
46;sujet46;;1;25;2;balsa;3;p10;7;7;57;0.108;135.2702343;2.488049414;18.95372065
46;sujet46;;1;25;2;balsa;3;p10;8;8;58;0.1;131.3145055;2.306341688;3.673228597
46;sujet46;;1;25;2;balsa;3;p10;9;9;59;0.108;142.6147152;2.357332632;2.880529288
46;sujet46;;1;25;2;balsa;3;p10;10;10;60;0.128;143.8830658;2.424589423;27.4092583
46;sujet46;;2;50;1;alu;1;m10;1;1;61;0.136;158.1899701;2.922040522;-13.59664011
46;sujet46;;2;50;1;alu;1;m10;2;2;62;0.112;137.5636732;2.770980644;37.2434482
46;sujet46;;2;50;1;alu;1;m10;3;3;63;0.128;143.9419353;2.59892017;4.181636461
46;sujet46;;2;50;1;alu;1;m10;4;4;64;0.12;125.2293853;2.348536792;7.075677743
46;sujet46;;2;50;1;alu;1;m10;5;5;65;0.14;137.9205494;2.142172721;21.52056382
46;sujet46;;2;50;1;alu;1;m10;6;6;66;0.144;148.4578217;2.543983255;-7.929125661
46;sujet46;;2;50;1;alu;1;m10;7;7;67;0.128;131.8513335;2.593750645;22.00513135
46;sujet46;;2;50;1;alu;1;m10;8;8;68;0.184;122.7904806;2.403293577;5.74192062
46;sujet46;;2;50;1;alu;1;m10;9;9;69;0.144;148.4945783;2.32922996;-5.343126269
46;sujet46;;2;50;1;alu;1;m10;10;10;70;0.148;166.037599;2.465969916;20.03204177
46;sujet46;;2;50;1;alu;2;0;1;1;71;0.124;153.1863836;2.94595224;10.16932951
46;sujet46;;2;50;1;alu;2;0;2;2;72;0.104;142.0775167;3.039980704;1.200481421
46;sujet46;;2;50;1;alu;2;0;3;3;73;0.128;158.3537375;2.871566699;5.821621431
46;sujet46;;2;50;1;alu;2;0;4;4;74;0.136;162.7736019;2.806509383;-14.30798928
46;sujet46;;2;50;1;alu;2;0;5;5;75;0.14;188.9431233;3.026859941;-11.06260706
46;sujet46;;2;50;1;alu;2;0;6;6;76;0.12;180.7270786;3.226691931;-2.897576249
46;sujet46;;2;50;1;alu;2;0;7;7;77;0.124;166.0313511;3.196601362;18.28040737
46;sujet46;;2;50;1;alu;2;0;8;8;78;0.12;181.6507722;3.784864967;27.2493871
46;sujet46;;2;50;1;alu;2;0;9;9;79;0.116;147.8186443;2.925517034;15.43509928
46;sujet46;;2;50;1;alu;2;0;10;10;80;0.132;163.287098;2.822120933;2.535864858
46;sujet46;;2;50;1;alu;3;p10;1;1;81;0.124;151.9576563;2.925938253;-32.61014262
46;sujet46;;2;50;1;alu;3;p10;2;2;82;0.148;198.1563192;3.021743829;-21.04912872
46;sujet46;;2;50;1;alu;3;p10;3;3;83;0.14;222.4316302;3.41546601;-30.28375183
46;sujet46;;2;50;1;alu;3;p10;4;4;84;0.12;216.2067242;4.035066222;11.11224222
46;sujet46;;2;50;1;alu;3;p10;5;5;85;0.144;226.3993962;3.468212845;-10.64971527
46;sujet46;;2;50;1;alu;3;p10;6;6;86;0.144;215.3292251;3.338000445;-10.73679665
46;sujet46;;2;50;1;alu;3;p10;7;7;87;0.148;214.9808629;3.286965438;-0.584494688
46;sujet46;;2;50;1;alu;3;p10;8;8;88;0.136;202.8988121;3.450642391;-26.15396705
46;sujet46;;2;50;1;alu;3;p10;9;9;89;0.144;229.808566;3.410856956;-27.94402278
46;sujet46;;2;50;1;alu;3;p10;10;10;90;0.132;212.6296261;3.126235393;18.90337731
46;sujet46;;2;50;2;balsa;1;m10;1;1;91;0.148;157.4321675;2.542328119;5.028191288
46;sujet46;;2;50;2;balsa;1;m10;2;2;92;0.104;119.8788562;2.725255016;0.256482913
46;sujet46;;2;50;2;balsa;1;m10;3;3;93;0.124;131.5815814;2.838650755;-27.17392179
46;sujet46;;2;50;2;balsa;1;m10;4;4;94;0.136;157.5366407;2.867567158;17.10830638
46;sujet46;;2;50;2;balsa;1;m10;5;5;95;0.136;155.3422398;2.707244653;-5.518225005
46;sujet46;;2;50;2;balsa;1;m10;6;6;96;0.144;146.7694032;2.702074546;-4.492624876
46;sujet46;;2;50;2;balsa;1;m10;7;7;97;0.132;157.018187;2.430899186;-7.879618522
46;sujet46;;2;50;2;balsa;1;m10;8;8;98;0.14;178.6363019;2.961189787;17.39818515
46;sujet46;;2;50;2;balsa;1;m10;9;9;99;0.148;170.7877993;2.768449697;-17.84369771
46;sujet46;;2;50;2;balsa;1;m10;10;10;100;0.14;169.2309537;2.70961038;9.09339847
46;sujet46;;2;50;2;balsa;2;0;1;1;101;0.148;216.1420772;2.540782424;-18.48240117
46;sujet46;;2;50;2;balsa;2;0;2;2;102;0.144;234.040896;3.443993325;2.512686844
46;sujet46;;2;50;2;balsa;2;0;3;3;103;0.144;212.5375555;3.302838725;6.552122562
46;sujet46;;2;50;2;balsa;2;0;4;4;104;0.128;201.1542872;3.277085684;-3.186288963
46;sujet46;;2;50;2;balsa;2;0;5;5;105;0.132;178.4075059;2.79811635;5.559893666
46;sujet46;;2;50;2;balsa;2;0;6;6;106;0.136;168.0446539;2.894010585;1.822771824
46;sujet46;;2;50;2;balsa;2;0;7;7;107;0.204;178.1387887;2.565478675;-18.41812788
46;sujet46;;2;50;2;balsa;2;0;8;8;108;0.124;183.6249277;2.963270462;7.548915478
46;sujet46;;2;50;2;balsa;2;0;9;9;109;0.128;178.646406;3.070536152;12.0821016
46;sujet46;;2;50;2;balsa;2;0;10;10;110;0.132;176.5320162;2.845029712;5.404957738
46;sujet46;;2;50;2;balsa;3;p10;1;1;111;0.12;183.7371886;4.153658061;-5.86128324
46;sujet46;;2;50;2;balsa;3;p10;2;2;112;0.12;200.3067166;3.337637684;-31.70659421
46;sujet46;;2;50;2;balsa;3;p10;3;3;113;0.108;205.7160952;3.697896408;-3.755179154
46;sujet46;;2;50;2;balsa;3;p10;4;4;114;0.104;193.8123977;4.269395551;1.499212415
46;sujet46;;2;50;2;balsa;3;p10;5;5;115;0.12;211.0815145;3.572725609;-14.55091457
46;sujet46;;2;50;2;balsa;3;p10;6;6;116;0.132;247.7109955;3.876483565;-22.82739248
46;sujet46;;2;50;2;balsa;3;p10;7;7;117;0.128;208.440117;4.112674264;-13.71625457
46;sujet46;;2;50;2;balsa;3;p10;8;8;118;0.104;238.7930128;4.001041691;-9.330695044
46;sujet46;;2;50;2;balsa;3;p10;9;9;119;0.1;218.499746;4.588934648;33.69034639
46;sujet46;;2;50;2;balsa;3;p10;10;10;120;0.128;181.9138004;3.628624333;-27.4998539
50;sujet50;;1;25;1;alu;1;m10;1;1;1;0.092;77.3195957;2.326618744;59.22411923
50;sujet50;;1;25;1;alu;1;m10;2;2;2;0.144;59.31993192;1.745119789;-30.38946467
50;sujet50;;1;25;1;alu;1;m10;3;3;3;0.096;59.98301824;1.977629817;-19.63306226
50;sujet50;;1;25;1;alu;1;m10;4;4;4;0.092;60.20957997;2.322464289;25.77077619
50;sujet50;;1;25;1;alu;1;m10;5;5;5;0.128;78.59309518;2.078661573;-27.68298314
50;sujet50;;1;25;1;alu;1;m10;6;6;6;0.136;83.92517957;2.059550243;0.537877605
50;sujet50;;1;25;1;alu;1;m10;7;7;7;0.152;83.00583323;1.797856415;-13.12953619
50;sujet50;;1;25;1;alu;1;m10;8;8;8;0.128;86.76696927;1.819081298;-27.77609835
50;sujet50;;1;25;1;alu;1;m10;9;9;9;0.1;88.3908455;2.4768472;28.70337743
50;sujet50;;1;25;1;alu;1;m10;10;10;10;0.172;75.00297762;2.1760918;-14.93672991
50;sujet50;;1;25;1;alu;2;0;1;1;11;0.092;84.81236063;2.613723827;57.75378094
50;sujet50;;1;25;1;alu;2;0;2;2;12;0.084;71.8264053;2.177013679;-45.56948118
50;sujet50;;1;25;1;alu;2;0;3;3;13;0.148;69.69781777;1.839283114;3.106924334
50;sujet50;;1;25;1;alu;2;0;4;4;14;0.132;85.48632696;1.800463118;-50.62887963
50;sujet50;;1;25;1;alu;2;0;5;5;15;0.124;107.5645002;1.775270776;13.39351949
50;sujet50;;1;25;1;alu;2;0;6;6;16;0.16;93.15388079;2.006375573;-0.231440683
50;sujet50;;1;25;1;alu;2;0;7;7;17;0.176;101.0857885;2.20479249;0.8583177
50;sujet50;;1;25;1;alu;2;0;8;8;18;0.12;83.39358922;2.138288685;-7.835148364
50;sujet50;;1;25;1;alu;2;0;9;9;19;0.112;92.92229353;2.189332446;4.306266776
50;sujet50;;1;25;1;alu;2;0;10;10;20;0.144;103.199694;2.009962686;-8.408255473
50;sujet50;;1;25;1;alu;3;p10;1;1;21;0.096;80.09241386;2.69575833;32.44250372
50;sujet50;;1;25;1;alu;3;p10;2;2;22;0.112;103.5528507;2.446538591;-32.05609157
50;sujet50;;1;25;1;alu;3;p10;3;3;23;0.164;99.42409434;2.685886915;13.44240465
50;sujet50;;1;25;1;alu;3;p10;4;4;24;0.088;93.44314971;3.013627371;20.45821446
50;sujet50;;1;25;1;alu;3;p10;5;5;25;0.108;77.30399787;2.218814872;-19.34356515
50;sujet50;;1;25;1;alu;3;p10;6;6;26;0.108;92.81579539;2.550493766;2.695218625
50;sujet50;;1;25;1;alu;3;p10;7;7;27;0.096;89.99269574;2.67600218;27.77945972
50;sujet50;;1;25;1;alu;3;p10;8;8;28;0.132;112.7830224;2.346720211;-39.2334867
50;sujet50;;1;25;1;alu;3;p10;9;9;29;0.116;106.2588602;2.862937021;18.70465878
50;sujet50;;1;25;1;alu;3;p10;10;10;30;0.12;105.048544;2.413395479;5.665342519
50;sujet50;;1;25;2;balsa;1;m10;1;1;31;0.124;82.93196645;1.690349166;-36.13833835
50;sujet50;;1;25;2;balsa;1;m10;2;2;32;0.176;109.7916532;2.008395053;20.81812026
50;sujet50;;1;25;2;balsa;1;m10;3;3;33;0.164;94.71607199;1.826945491;-19.9342925
50;sujet50;;1;25;2;balsa;1;m10;4;4;34;0.132;112.0064931;2.156063903;-3.268861317
50;sujet50;;1;25;2;balsa;1;m10;5;5;35;0.132;111.6475691;2.742076675;-28.18128375
50;sujet50;;1;25;2;balsa;1;m10;6;6;36;0.136;116.4531067;2.439613727;-8.700263699
50;sujet50;;1;25;2;balsa;1;m10;7;7;37;0.12;115.0853656;2.47792335;8.960551392
50;sujet50;;1;25;2;balsa;1;m10;8;8;38;0.132;133.2016882;2.374578056;-23.59952201
50;sujet50;;1;25;2;balsa;1;m10;9;9;39;0.12;128.6992509;2.627400364;17.44748394
50;sujet50;;1;25;2;balsa;1;m10;10;10;40;0.164;102.4799608;2.456816554;9.134769257
50;sujet50;;1;25;2;balsa;2;0;1;1;41;0.14;51.72785254;1.722057005;-77.44250277
50;sujet50;;1;25;2;balsa;2;0;2;2;42;0.088;75.12550344;2.396304137;-56.78735338
50;sujet50;;1;25;2;balsa;2;0;3;3;43;0.12;138.1320441;3.071359075;-36.18716985
50;sujet50;;1;25;2;balsa;2;0;4;4;44;0.116;150.4818103;3.010792473;33.14817727
50;sujet50;;1;25;2;balsa;2;0;5;5;45;0.14;124.115467;2.151895205;-82.36001531
50;sujet50;;1;25;2;balsa;2;0;6;6;46;0.148;147.7398994;2.570637392;-9.10679777
50;sujet50;;1;25;2;balsa;2;0;7;7;47;0.124;128.2644974;2.030350001;-51.58902897
50;sujet50;;1;25;2;balsa;2;0;8;8;48;0.184;108.4649891;2.534966465;34.06585414
50;sujet50;;1;25;2;balsa;2;0;9;9;49;0.104;130.2637869;2.812727069;-14.37737627
50;sujet50;;1;25;2;balsa;2;0;10;10;50;0.1;123.9087581;2.828705876;-11.75650531
50;sujet50;;1;25;2;balsa;3;p10;1;1;51;0.144;168.2080802;3.060856722;70.89782808
50;sujet50;;1;25;2;balsa;3;p10;2;2;52;0.172;122.1873783;2.652512429;-37.42170497
50;sujet50;;1;25;2;balsa;3;p10;3;3;53;0.088;109.9710695;3.433199558;-4.955033485
50;sujet50;;1;25;2;balsa;3;p10;4;4;54;0.084;102.9597343;3.426319807;2.068645808
50;sujet50;;1;25;2;balsa;3;p10;5;5;55;0.116;128.1604998;2.887856266;-31.80769212
50;sujet50;;1;25;2;balsa;3;p10;6;6;56;0.096;128.4639121;3.477493646;5.875416283
50;sujet50;;1;25;2;balsa;3;p10;7;7;57;0.112;140.8520628;3.570200445;-4.623313891
50;sujet50;;1;25;2;balsa;3;p10;8;8;58;0.136;157.8919969;3.693944955;-4.026045368
50;sujet50;;1;25;2;balsa;3;p10;9;9;59;0.112;137.1568851;3.737067317;6.824540353
50;sujet50;;1;25;2;balsa;3;p10;10;10;60;0.14;153.6743745;3.54781106;-13.4822
50;sujet50;;2;50;1;alu;1;m10;1;1;61;0.084;95.76404466;2.967489505;5.564003632
50;sujet50;;2;50;1;alu;1;m10;2;2;62;0.092;90.80381044;2.740882887;31.01194271
50;sujet50;;2;50;1;alu;1;m10;3;3;63;0.076;72.49394383;2.732123563;-22.82967631
50;sujet50;;2;50;1;alu;1;m10;4;4;64;0.08;68.79686554;2.478315199;-16.92981324
50;sujet50;;2;50;1;alu;1;m10;5;5;65;0.076;77.77254505;2.444881358;-32.35625015
50;sujet50;;2;50;1;alu;1;m10;6;6;66;0.092;92.26577163;2.917497365;1.62875721
50;sujet50;;2;50;1;alu;1;m10;7;7;67;0.128;96.17475965;2.687966479;-4.858983651
50;sujet50;;2;50;1;alu;1;m10;8;8;68;0.08;64.57538154;2.575498662;10.61612519
50;sujet50;;2;50;1;alu;1;m10;9;9;69;0.108;97.06421502;2.936578485;-5.271212513
50;sujet50;;2;50;1;alu;1;m10;10;10;70;0.112;101.2635485;2.628446966;6.770081448
50;sujet50;;2;50;1;alu;2;0;1;1;71;0.08;74.98621546;2.822575695;0.430020008
50;sujet50;;2;50;1;alu;2;0;2;2;72;0.096;82.19037904;2.783115814;-15.1770174
50;sujet50;;2;50;1;alu;2;0;3;3;73;0.124;106.6936193;3.24794649;-9.491387275
50;sujet50;;2;50;1;alu;2;0;4;4;74;0.072;98.28678943;3.508337317;15.4591092
50;sujet50;;2;50;1;alu;2;0;5;5;75;0.116;88.29458538;2.851235515;-16.95956526
50;sujet50;;2;50;1;alu;2;0;6;6;76;0.084;109.6749399;3.480081157;-6.366507311
50;sujet50;;2;50;1;alu;2;0;7;7;77;0.104;113.7065755;3.397768112;0.683539621
50;sujet50;;2;50;1;alu;2;0;8;8;78;0.076;82.89451435;3.567151819;44.50352264
50;sujet50;;2;50;1;alu;2;0;9;9;79;0.072;76.97741778;2.778588077;-38.43934567
50;sujet50;;2;50;1;alu;2;0;10;10;80;0.088;96.37521221;3.28122445;3.707920196
50;sujet50;;2;50;1;alu;3;p10;1;1;81;0.068;83.56475121;3.420461053;3.187884785
50;sujet50;;2;50;1;alu;3;p10;2;2;82;0.104;92.11835544;3.095908387;-30.65780202
50;sujet50;;2;50;1;alu;3;p10;3;3;83;0.092;119.504466;3.218470684;-12.53438881
50;sujet50;;2;50;1;alu;3;p10;4;4;84;0.06;79.2858121;3.665025549;29.19542807
50;sujet50;;2;50;1;alu;3;p10;5;5;85;0.076;81.36053091;3.158548995;-14.40021769
50;sujet50;;2;50;1;alu;3;p10;6;6;86;0.06;80.14229293;3.292639874;-2.993006779
50;sujet50;;2;50;1;alu;3;p10;7;7;87;0.06;77.20717357;3.230422769;-38.62225263
50;sujet50;;2;50;1;alu;3;p10;8;8;88;0.064;89.79496549;3.257254547;7.300114912
50;sujet50;;2;50;1;alu;3;p10;9;9;89;0.06;84.63861166;3.320268252;-18.70344363
50;sujet50;;2;50;1;alu;3;p10;10;10;90;0.068;104.2315823;3.529648116;-6.840201679
50;sujet50;;2;50;2;balsa;1;m10;1;1;91;0.136;136.6331772;2.809258982;-39.22002228
50;sujet50;;2;50;2;balsa;1;m10;2;2;92;0.072;88.27156418;3.206024355;-18.26341841
50;sujet50;;2;50;2;balsa;1;m10;3;3;93;0.088;114.2869107;3.280567116;-28.03139862
50;sujet50;;2;50;2;balsa;1;m10;4;4;94;0.116;134.2667984;3.285381272;4.860449263
50;sujet50;;2;50;2;balsa;1;m10;5;5;95;0.124;123.5700175;2.859896379;-7.475059555
50;sujet50;;2;50;2;balsa;1;m10;6;6;96;0.088;114.4506523;3.945543098;-1.711030518
50;sujet50;;2;50;2;balsa;1;m10;7;7;97;0.096;118.4684305;3.160123012;-11.30654824
50;sujet50;;2;50;2;balsa;1;m10;8;8;98;0.12;127.993519;3.540452098;-5.551483288
50;sujet50;;2;50;2;balsa;1;m10;9;9;99;0.144;147.4106174;2.850006494;17.1843836
50;sujet50;;2;50;2;balsa;1;m10;10;10;100;0.104;125.604951;3.199989205;-27.41109864
50;sujet50;;2;50;2;balsa;2;0;1;1;101;0.076;82.57051747;3.135658583;-34.61237618
50;sujet50;;2;50;2;balsa;2;0;2;2;102;0.088;106.9376231;3.425282718;-29.67295571
50;sujet50;;2;50;2;balsa;2;0;3;3;103;0.132;132.2374803;3.715610038;-4.083423867
50;sujet50;;2;50;2;balsa;2;0;4;4;104;0.088;113.242395;2.823312574;-1.981815398
50;sujet50;;2;50;2;balsa;2;0;5;5;105;0.096;136.5710533;3.202162177;-11.85550831
50;sujet50;;2;50;2;balsa;2;0;6;6;106;0.076;106.9424056;3.514547528;-7.751800681
50;sujet50;;2;50;2;balsa;2;0;7;7;107;0.096;118.8287194;3.171816544;-11.63608486
50;sujet50;;2;50;2;balsa;2;0;8;8;108;0.084;114.4517773;3.712749413;7.348407638
50;sujet50;;2;50;2;balsa;2;0;9;9;109;0.08;108.9757142;3.605334844;-8.896892767
50;sujet50;;2;50;2;balsa;2;0;10;10;110;0.096;121.4328658;3.257781536;-26.5896917
50;sujet50;;2;50;2;balsa;3;p10;1;1;111;0.08;120.0739426;3.041655619;-34.75205334
50;sujet50;;2;50;2;balsa;3;p10;2;2;112;0.088;127.5546746;2.80528851;-39.74438465
50;sujet50;;2;50;2;balsa;3;p10;3;3;113;0.092;133.3841807;2.62179353;-15.66855451
50;sujet50;;2;50;2;balsa;3;p10;4;4;114;0.084;119.4628585;2.874309539;-25.54745193
50;sujet50;;2;50;2;balsa;3;p10;5;5;115;0.092;120.097578;3.508066587;-6.724149996
50;sujet50;;2;50;2;balsa;3;p10;6;6;116;0.148;124.6302747;3.516047026;-9.136516894
50;sujet50;;2;50;2;balsa;3;p10;7;7;117;0.068;97.3381888;3.712476642;-12.6738609
50;sujet50;;2;50;2;balsa;3;p10;8;8;118;0.088;120.9285513;3.774704877;-4.057182189
50;sujet50;;2;50;2;balsa;3;p10;9;9;119;0.072;115.9408575;3.752399494;-4.539807425
50;sujet50;;2;50;2;balsa;3;p10;10;10;120;0.072;113.1515357;3.704195674;-1.124975116
